memory_initialization_radix=16;
memory_initialization_vector=
121, 221, 221, 222, 232, 232, 232, 221, 221, 221, 221, 121, 221, 221, 221, 221,
221, 221, 221, 221, 221, 232, 222, 232, 222, 221, 221, 121, 221, 221, 221, 221,
221, 121, 121, 221, 221, 221, 222, 232, 221, 221, 221, 221, 121, 121, 221, 221,
221, 221, 221, 221, 221, 221, 221, 121, 232, 232, 222, 221, 121, 121, 221, 221,
221, 221, 221, 121, 221, 221, 221, 221, 221, 222, 232, 221, 221, 221, 121, 221,
221, 221, 221, 221, 221, 221, 221, 221, 121, 221, 232, 232, 222, 221, 221, 221,
221, 221, 221, 121, 121, 221, 221, 222, 232, 232, 232, 221, 221, 221, 221, 121,
221, 221, 221, 221, 221, 221, 221, 221, 221, 232, 222, 232, 222, 221, 221, 121,
221, 221, 221, 221, 221, 121, 121, 221, 221, 221, 222, 232, 221, 221, 221, 221,
121, 121, 221, 221, 221, 221, 221, 221, 221, 221, 221, 121, 232, 232, 222, 221,
121, 121, 221, 221, 221, 221, 221, 121, 221, 221, 221, 221, 221, 222, 232, 221,
221, 221, 121, 221, 221, 221, 221, 221, 221, 221, 221, 221, 121, 221, 232, 232,
222, 221, 221, 221, 221, 221, 221, 121, 121, 221, 221, 222, 232, 232, 232, 221,
221, 221, 221, 121, 221, 221, 221, 221, 221, 221, 221, 221, 221, 232, 222, 232,
222, 221, 221, 121, 221, 221, 221, 221, 221, 121, 121, 221, 221, 221, 222, 232,
221, 221, 221, 221, 121, 121, 221, 221, 221, 221, 221, 221, 221, 221, 221, 121,
232, 232, 222, 221, 121, 121, 221, 221, 221, 221, 221, 121, 221, 221, 221, 221,
221, 222, 232, 221, 221, 221, 121, 221, 221, 221, 221, 221, 221, 221, 221, 221,
121, 221, 232, 232, 222, 221, 221, 221, 221, 221, 221, 121, 121, 221, 221, 222,
232, 232, 232, 221, 221, 221, 221, 121, 221, 221, 221, 221, 221, 221, 221, 221,
221, 232, 222, 232, 222, 221, 221, 121, 221, 221, 221, 221, 221, 121, 121, 221,
221, 221, 222, 232, 221, 221, 221, 221, 121, 121, 221, 221, 221, 221, 221, 221,
221, 221, 221, 121, 232, 232, 222, 221, 121, 121, 221, 221, 221, 221, 221, 121,
221, 221, 221, 221, 221, 222, 232, 221, 221, 221, 121, 221, 221, 221, 221, 221,
221, 221, 221, 221, 121, 221, 232, 232, 222, 221, 221, 221, 221, 221, 221, 121,
232, 565, 565, 565, 565, 676, 665, 565, 676, 565, 676, 332, 554, 565, 565, 565,
676, 676, 676, 676, 676, 565, 343, 565, 676, 676, 676, 232, 565, 565, 665, 565,
676, 343, 454, 565, 565, 565, 676, 676, 565, 676, 665, 676, 443, 443, 565, 565,
565, 676, 676, 676, 676, 565, 676, 332, 565, 676, 676, 776, 343, 454, 565, 565,
675, 676, 554, 343, 565, 565, 565, 565, 676, 565, 676, 676, 665, 565, 332, 565,
565, 565, 665, 676, 676, 676, 565, 676, 343, 454, 665, 565, 565, 665, 676, 565,
676, 665, 676, 454, 232, 565, 565, 565, 565, 676, 665, 565, 676, 565, 676, 332,
554, 565, 565, 565, 676, 676, 676, 676, 676, 565, 343, 565, 676, 676, 676, 232,
565, 565, 665, 565, 676, 343, 454, 565, 565, 565, 676, 676, 565, 676, 665, 676,
443, 443, 565, 565, 565, 676, 676, 676, 676, 565, 676, 332, 565, 676, 676, 776,
343, 454, 565, 565, 675, 676, 554, 343, 565, 565, 565, 565, 676, 565, 676, 676,
665, 565, 332, 565, 565, 565, 665, 676, 676, 676, 565, 676, 343, 454, 665, 565,
565, 665, 676, 565, 676, 665, 676, 454, 232, 565, 565, 565, 565, 676, 665, 565,
676, 565, 676, 332, 554, 565, 565, 565, 676, 676, 676, 676, 676, 565, 343, 565,
676, 676, 676, 232, 565, 565, 665, 565, 676, 343, 454, 565, 565, 565, 676, 676,
565, 676, 665, 676, 443, 443, 565, 565, 565, 676, 676, 676, 676, 565, 676, 332,
565, 676, 676, 776, 343, 454, 565, 565, 675, 676, 554, 343, 565, 565, 565, 565,
676, 565, 676, 676, 665, 565, 332, 565, 565, 565, 665, 676, 676, 676, 565, 676,
343, 454, 665, 565, 565, 665, 676, 565, 676, 665, 676, 454, 232, 565, 565, 565,
565, 676, 665, 565, 676, 565, 676, 332, 554, 565, 565, 565, 676, 676, 676, 676,
676, 565, 343, 565, 676, 676, 676, 232, 565, 565, 665, 565, 676, 343, 454, 565,
565, 565, 676, 676, 565, 676, 665, 676, 443, 443, 565, 565, 565, 676, 676, 676,
676, 565, 676, 332, 565, 676, 676, 776, 343, 454, 565, 565, 675, 676, 554, 343,
565, 565, 565, 565, 676, 565, 676, 676, 665, 565, 332, 565, 565, 565, 665, 676,
676, 676, 565, 676, 343, 454, 665, 565, 565, 665, 676, 565, 676, 665, 676, 454,
232, 565, 454, 665, 676, 555, 665, 787, 676, 454, 676, 343, 565, 676, 554, 554,
676, 454, 565, 554, 676, 565, 343, 554, 676, 676, 786, 332, 454, 665, 565, 554,
665, 343, 554, 565, 565, 676, 565, 565, 787, 676, 565, 676, 454, 454, 676, 565,
454, 665, 565, 565, 565, 565, 676, 343, 454, 676, 676, 787, 343, 343, 565, 565,
565, 565, 454, 343, 665, 554, 676, 565, 565, 676, 787, 565, 565, 565, 343, 676,
675, 454, 565, 565, 454, 565, 564, 676, 343, 564, 665, 565, 676, 554, 565, 787,
776, 565, 665, 454, 232, 565, 454, 665, 676, 555, 665, 787, 676, 454, 676, 343,
565, 676, 554, 554, 676, 454, 565, 554, 676, 565, 343, 554, 676, 676, 786, 332,
454, 665, 565, 554, 665, 343, 554, 565, 565, 676, 565, 565, 787, 676, 565, 676,
454, 454, 676, 565, 454, 665, 565, 565, 565, 565, 676, 343, 454, 676, 676, 787,
343, 343, 565, 565, 565, 565, 454, 343, 665, 554, 676, 565, 565, 676, 787, 565,
565, 565, 343, 676, 675, 454, 565, 565, 454, 565, 564, 676, 343, 564, 665, 565,
676, 554, 565, 787, 776, 565, 665, 454, 232, 565, 454, 665, 676, 555, 665, 787,
676, 454, 676, 343, 565, 676, 554, 554, 676, 454, 565, 554, 676, 565, 343, 554,
676, 676, 786, 332, 454, 665, 565, 554, 665, 343, 554, 565, 565, 676, 565, 565,
787, 676, 565, 676, 454, 454, 676, 565, 454, 665, 565, 565, 565, 565, 676, 343,
454, 676, 676, 787, 343, 343, 565, 565, 565, 565, 454, 343, 665, 554, 676, 565,
565, 676, 787, 565, 565, 565, 343, 676, 675, 454, 565, 565, 454, 565, 564, 676,
343, 564, 665, 565, 676, 554, 565, 787, 776, 565, 665, 454, 232, 565, 454, 665,
676, 555, 665, 787, 676, 454, 676, 343, 565, 676, 554, 554, 676, 454, 565, 554,
676, 565, 343, 554, 676, 676, 786, 332, 454, 665, 565, 554, 665, 343, 554, 565,
565, 676, 565, 565, 787, 676, 565, 676, 454, 454, 676, 565, 454, 665, 565, 565,
565, 565, 676, 343, 454, 676, 676, 787, 343, 343, 565, 565, 565, 565, 454, 343,
665, 554, 676, 565, 565, 676, 787, 565, 565, 565, 343, 676, 675, 454, 565, 565,
454, 565, 564, 676, 343, 564, 665, 565, 676, 554, 565, 787, 776, 565, 665, 454,
232, 454, 454, 454, 565, 454, 454, 665, 565, 444, 565, 343, 454, 565, 565, 454,
454, 454, 454, 454, 343, 232, 232, 443, 454, 676, 676, 332, 444, 454, 454, 454,
665, 343, 443, 454, 454, 554, 565, 454, 565, 665, 454, 555, 454, 343, 454, 565,
454, 454, 454, 454, 454, 343, 232, 232, 443, 454, 676, 787, 343, 343, 454, 454,
454, 565, 565, 333, 454, 454, 454, 565, 454, 554, 676, 454, 454, 565, 332, 454,
565, 554, 454, 454, 454, 454, 454, 332, 222, 454, 454, 454, 454, 554, 454, 565,
665, 454, 554, 454, 232, 454, 454, 454, 565, 454, 454, 665, 565, 444, 565, 343,
454, 565, 565, 454, 454, 454, 454, 454, 343, 232, 232, 443, 454, 676, 676, 332,
444, 454, 454, 454, 665, 343, 443, 454, 454, 554, 565, 454, 565, 665, 454, 555,
454, 343, 454, 565, 454, 454, 454, 454, 454, 343, 232, 232, 443, 454, 676, 787,
343, 343, 454, 454, 454, 565, 565, 333, 454, 454, 454, 565, 454, 554, 676, 454,
454, 565, 332, 454, 565, 554, 454, 454, 454, 454, 454, 332, 222, 454, 454, 454,
454, 554, 454, 565, 665, 454, 554, 454, 232, 454, 454, 454, 565, 454, 454, 665,
565, 444, 565, 343, 454, 565, 565, 454, 454, 454, 454, 454, 343, 232, 232, 443,
454, 676, 676, 332, 444, 454, 454, 454, 665, 343, 443, 454, 454, 554, 565, 454,
565, 665, 454, 555, 454, 343, 454, 565, 454, 454, 454, 454, 454, 343, 232, 232,
443, 454, 676, 787, 343, 343, 454, 454, 454, 565, 565, 333, 454, 454, 454, 565,
454, 554, 676, 454, 454, 565, 332, 454, 565, 554, 454, 454, 454, 454, 454, 332,
222, 454, 454, 454, 454, 554, 454, 565, 665, 454, 554, 454, 232, 454, 454, 454,
565, 454, 454, 665, 565, 444, 565, 343, 454, 565, 565, 454, 454, 454, 454, 454,
343, 232, 232, 443, 454, 676, 676, 332, 444, 454, 454, 454, 665, 343, 443, 454,
454, 554, 565, 454, 565, 665, 454, 555, 454, 343, 454, 565, 454, 454, 454, 454,
454, 343, 232, 232, 443, 454, 676, 787, 343, 343, 454, 454, 454, 565, 565, 333,
454, 454, 454, 565, 454, 554, 676, 454, 454, 565, 332, 454, 565, 554, 454, 454,
454, 454, 454, 332, 222, 454, 454, 454, 454, 554, 454, 565, 665, 454, 554, 454,
232, 343, 454, 454, 454, 454, 454, 454, 454, 444, 565, 343, 443, 454, 454, 454,
454, 454, 343, 343, 222, 121, 121, 333, 454, 565, 565, 232, 443, 454, 454, 454,
565, 343, 343, 454, 454, 454, 554, 454, 454, 454, 454, 554, 454, 343, 454, 454,
454, 454, 454, 343, 343, 332, 121, 222, 232, 444, 454, 676, 343, 343, 454, 454,
454, 565, 554, 232, 444, 454, 454, 554, 454, 454, 454, 454, 454, 565, 332, 454,
454, 454, 454, 454, 454, 332, 343, 121, 222, 343, 454, 454, 454, 454, 454, 454,
454, 454, 454, 454, 232, 343, 454, 454, 454, 454, 454, 454, 454, 444, 565, 343,
443, 454, 454, 454, 454, 454, 343, 343, 222, 121, 121, 333, 454, 565, 565, 232,
443, 454, 454, 454, 565, 343, 343, 454, 454, 454, 554, 454, 454, 454, 454, 554,
454, 343, 454, 454, 454, 454, 454, 343, 343, 332, 121, 222, 232, 444, 454, 676,
343, 343, 454, 454, 454, 565, 554, 232, 444, 454, 454, 554, 454, 454, 454, 454,
454, 565, 332, 454, 454, 454, 454, 454, 454, 332, 343, 121, 222, 343, 454, 454,
454, 454, 454, 454, 454, 454, 454, 454, 232, 343, 454, 454, 454, 454, 454, 454,
454, 444, 565, 343, 443, 454, 454, 454, 454, 454, 343, 343, 222, 121, 121, 333,
454, 565, 565, 232, 443, 454, 454, 454, 565, 343, 343, 454, 454, 454, 554, 454,
454, 454, 454, 554, 454, 343, 454, 454, 454, 454, 454, 343, 343, 332, 121, 222,
232, 444, 454, 676, 343, 343, 454, 454, 454, 565, 554, 232, 444, 454, 454, 554,
454, 454, 454, 454, 454, 565, 332, 454, 454, 454, 454, 454, 454, 332, 343, 121,
222, 343, 454, 454, 454, 454, 454, 454, 454, 454, 454, 454, 232, 343, 454, 454,
454, 454, 454, 454, 454, 444, 565, 343, 443, 454, 454, 454, 454, 454, 343, 343,
222, 121, 121, 333, 454, 565, 565, 232, 443, 454, 454, 454, 565, 343, 343, 454,
454, 454, 554, 454, 454, 454, 454, 554, 454, 343, 454, 454, 454, 454, 454, 343,
343, 332, 121, 222, 232, 444, 454, 676, 343, 343, 454, 454, 454, 565, 554, 232,
444, 454, 454, 554, 454, 454, 454, 454, 454, 565, 332, 454, 454, 454, 454, 454,
454, 332, 343, 121, 222, 343, 454, 454, 454, 454, 454, 454, 454, 454, 454, 454,
221, 232, 454, 454, 454, 454, 454, 454, 454, 454, 554, 332, 343, 444, 454, 454,
454, 454, 343, 232, 222, 232, 221, 343, 454, 454, 555, 222, 343, 454, 454, 454,
555, 343, 222, 444, 454, 454, 454, 454, 454, 454, 454, 454, 343, 343, 443, 454,
454, 454, 454, 454, 232, 221, 232, 222, 332, 454, 444, 554, 332, 232, 454, 454,
454, 454, 454, 221, 343, 454, 454, 454, 454, 454, 454, 454, 454, 454, 332, 443,
454, 454, 454, 454, 454, 343, 222, 232, 232, 232, 443, 454, 454, 454, 454, 454,
454, 454, 454, 443, 221, 232, 454, 454, 454, 454, 454, 454, 454, 454, 554, 332,
343, 444, 454, 454, 454, 454, 343, 232, 222, 232, 221, 343, 454, 454, 555, 222,
343, 454, 454, 454, 555, 343, 222, 444, 454, 454, 454, 454, 454, 454, 454, 454,
343, 343, 443, 454, 454, 454, 454, 454, 232, 221, 232, 222, 332, 454, 444, 554,
332, 232, 454, 454, 454, 454, 454, 221, 343, 454, 454, 454, 454, 454, 454, 454,
454, 454, 332, 443, 454, 454, 454, 454, 454, 343, 222, 232, 232, 232, 443, 454,
454, 454, 454, 454, 454, 454, 454, 443, 221, 232, 454, 454, 454, 454, 454, 454,
454, 454, 554, 332, 343, 444, 454, 454, 454, 454, 343, 232, 222, 232, 221, 343,
454, 454, 555, 222, 343, 454, 454, 454, 555, 343, 222, 444, 454, 454, 454, 454,
454, 454, 454, 454, 343, 343, 443, 454, 454, 454, 454, 454, 232, 221, 232, 222,
332, 454, 444, 554, 332, 232, 454, 454, 454, 454, 454, 221, 343, 454, 454, 454,
454, 454, 454, 454, 454, 454, 332, 443, 454, 454, 454, 454, 454, 343, 222, 232,
232, 232, 443, 454, 454, 454, 454, 454, 454, 454, 454, 443, 221, 232, 454, 454,
454, 454, 454, 454, 454, 454, 554, 332, 343, 444, 454, 454, 454, 454, 343, 232,
222, 232, 221, 343, 454, 454, 555, 222, 343, 454, 454, 454, 555, 343, 222, 444,
454, 454, 454, 454, 454, 454, 454, 454, 343, 343, 443, 454, 454, 454, 454, 454,
232, 221, 232, 222, 332, 454, 444, 554, 332, 232, 454, 454, 454, 454, 454, 221,
343, 454, 454, 454, 454, 454, 454, 454, 454, 454, 332, 443, 454, 454, 454, 454,
454, 343, 222, 232, 232, 232, 443, 454, 454, 454, 454, 454, 454, 454, 454, 443,
121, 221, 343, 454, 454, 454, 454, 454, 454, 454, 565, 232, 232, 343, 454, 454,
343, 343, 332, 222, 333, 232, 221, 443, 454, 454, 565, 222, 232, 454, 454, 454,
454, 333, 121, 332, 454, 454, 454, 454, 454, 454, 454, 565, 343, 232, 332, 454,
454, 343, 343, 333, 222, 232, 332, 121, 343, 454, 454, 554, 343, 221, 443, 454,
454, 454, 454, 121, 222, 343, 454, 454, 454, 454, 454, 454, 454, 454, 232, 232,
443, 454, 443, 343, 333, 232, 232, 343, 232, 121, 232, 454, 454, 454, 454, 454,
454, 454, 565, 443, 121, 221, 343, 454, 454, 454, 454, 454, 454, 454, 565, 232,
232, 343, 454, 454, 343, 343, 332, 222, 333, 232, 221, 443, 454, 454, 565, 222,
232, 454, 454, 454, 454, 333, 121, 332, 454, 454, 454, 454, 454, 454, 454, 565,
343, 232, 332, 454, 454, 343, 343, 333, 222, 232, 332, 121, 343, 454, 454, 554,
343, 221, 443, 454, 454, 454, 454, 121, 222, 343, 454, 454, 454, 454, 454, 454,
454, 454, 232, 232, 443, 454, 443, 343, 333, 232, 232, 343, 232, 121, 232, 454,
454, 454, 454, 454, 454, 454, 565, 443, 121, 221, 343, 454, 454, 454, 454, 454,
454, 454, 565, 232, 232, 343, 454, 454, 343, 343, 332, 222, 333, 232, 221, 443,
454, 454, 565, 222, 232, 454, 454, 454, 454, 333, 121, 332, 454, 454, 454, 454,
454, 454, 454, 565, 343, 232, 332, 454, 454, 343, 343, 333, 222, 232, 332, 121,
343, 454, 454, 554, 343, 221, 443, 454, 454, 454, 454, 121, 222, 343, 454, 454,
454, 454, 454, 454, 454, 454, 232, 232, 443, 454, 443, 343, 333, 232, 232, 343,
232, 121, 232, 454, 454, 454, 454, 454, 454, 454, 565, 443, 121, 221, 343, 454,
454, 454, 454, 454, 454, 454, 565, 232, 232, 343, 454, 454, 343, 343, 332, 222,
333, 232, 221, 443, 454, 454, 565, 222, 232, 454, 454, 454, 454, 333, 121, 332,
454, 454, 454, 454, 454, 454, 454, 565, 343, 232, 332, 454, 454, 343, 343, 333,
222, 232, 332, 121, 343, 454, 454, 554, 343, 221, 443, 454, 454, 454, 454, 121,
222, 343, 454, 454, 454, 454, 454, 454, 454, 454, 232, 232, 443, 454, 443, 343,
333, 232, 232, 343, 232, 121, 232, 454, 454, 454, 454, 454, 454, 454, 565, 443,
221, 222, 232, 454, 454, 454, 454, 454, 454, 454, 676, 232, 222, 333, 343, 343,
232, 221, 121, 221, 332, 121, 232, 454, 454, 454, 565, 222, 222, 443, 454, 444,
343, 222, 121, 221, 443, 454, 454, 454, 454, 454, 444, 565, 443, 121, 232, 343,
343, 232, 222, 221, 121, 332, 222, 221, 343, 454, 454, 565, 343, 121, 343, 454,
454, 343, 332, 121, 121, 332, 454, 454, 454, 454, 454, 454, 554, 565, 121, 232,
343, 343, 332, 222, 221, 121, 232, 232, 221, 121, 121, 343, 454, 454, 454, 454,
454, 444, 565, 454, 221, 222, 232, 454, 454, 454, 454, 454, 454, 454, 676, 232,
222, 333, 343, 343, 232, 221, 121, 221, 332, 121, 232, 454, 454, 454, 565, 222,
222, 443, 454, 444, 343, 222, 121, 221, 443, 454, 454, 454, 454, 454, 444, 565,
443, 121, 232, 343, 343, 232, 222, 221, 121, 332, 222, 221, 343, 454, 454, 565,
343, 121, 343, 454, 454, 343, 332, 121, 121, 332, 454, 454, 454, 454, 454, 454,
554, 565, 121, 232, 343, 343, 332, 222, 221, 121, 232, 232, 221, 121, 121, 343,
454, 454, 454, 454, 454, 444, 565, 454, 221, 222, 232, 454, 454, 454, 454, 454,
454, 454, 676, 232, 222, 333, 343, 343, 232, 221, 121, 221, 332, 121, 232, 454,
454, 454, 565, 222, 222, 443, 454, 444, 343, 222, 121, 221, 443, 454, 454, 454,
454, 454, 444, 565, 443, 121, 232, 343, 343, 232, 222, 221, 121, 332, 222, 221,
343, 454, 454, 565, 343, 121, 343, 454, 454, 343, 332, 121, 121, 332, 454, 454,
454, 454, 454, 454, 554, 565, 121, 232, 343, 343, 332, 222, 221, 121, 232, 232,
221, 121, 121, 343, 454, 454, 454, 454, 454, 444, 565, 454, 221, 222, 232, 454,
454, 454, 454, 454, 454, 454, 676, 232, 222, 333, 343, 343, 232, 221, 121, 221,
332, 121, 232, 454, 454, 454, 565, 222, 222, 443, 454, 444, 343, 222, 121, 221,
443, 454, 454, 454, 454, 454, 444, 565, 443, 121, 232, 343, 343, 232, 222, 221,
121, 332, 222, 221, 343, 454, 454, 565, 343, 121, 343, 454, 454, 343, 332, 121,
121, 332, 454, 454, 454, 454, 454, 454, 554, 565, 121, 232, 343, 343, 332, 222,
221, 121, 232, 232, 221, 121, 121, 343, 454, 454, 454, 454, 454, 444, 565, 454,
121, 232, 232, 232, 443, 454, 443, 343, 454, 454, 676, 232, 121, 232, 222, 221,
121, 121, 121, 121, 121, 121, 333, 454, 454, 454, 665, 222, 222, 232, 443, 343,
232, 232, 221, 232, 232, 343, 454, 444, 343, 444, 454, 676, 443, 121, 222, 222,
222, 121, 121, 121, 121, 121, 121, 232, 454, 454, 454, 665, 343, 221, 232, 343,
443, 232, 232, 121, 232, 232, 343, 454, 454, 343, 443, 454, 565, 565, 121, 221,
232, 222, 221, 111, 121, 121, 121, 121, 121, 121, 222, 222, 343, 454, 444, 343,
444, 454, 665, 454, 121, 232, 232, 232, 443, 454, 443, 343, 454, 454, 676, 232,
121, 232, 222, 221, 121, 121, 121, 121, 121, 121, 333, 454, 454, 454, 665, 222,
222, 232, 443, 343, 232, 232, 221, 232, 232, 343, 454, 444, 343, 444, 454, 676,
443, 121, 222, 222, 222, 121, 121, 121, 121, 121, 121, 232, 454, 454, 454, 665,
343, 221, 232, 343, 443, 232, 232, 121, 232, 232, 343, 454, 454, 343, 443, 454,
565, 565, 121, 221, 232, 222, 221, 111, 121, 121, 121, 121, 121, 121, 222, 222,
343, 454, 444, 343, 444, 454, 665, 454, 121, 232, 232, 232, 443, 454, 443, 343,
454, 454, 676, 232, 121, 232, 222, 221, 121, 121, 121, 121, 121, 121, 333, 454,
454, 454, 665, 222, 222, 232, 443, 343, 232, 232, 221, 232, 232, 343, 454, 444,
343, 444, 454, 676, 443, 121, 222, 222, 222, 121, 121, 121, 121, 121, 121, 232,
454, 454, 454, 665, 343, 221, 232, 343, 443, 232, 232, 121, 232, 232, 343, 454,
454, 343, 443, 454, 565, 565, 121, 221, 232, 222, 221, 111, 121, 121, 121, 121,
121, 121, 222, 222, 343, 454, 444, 343, 444, 454, 665, 454, 121, 232, 232, 232,
443, 454, 443, 343, 454, 454, 676, 232, 121, 232, 222, 221, 121, 121, 121, 121,
121, 121, 333, 454, 454, 454, 665, 222, 222, 232, 443, 343, 232, 232, 221, 232,
232, 343, 454, 444, 343, 444, 454, 676, 443, 121, 222, 222, 222, 121, 121, 121,
121, 121, 121, 232, 454, 454, 454, 665, 343, 221, 232, 343, 443, 232, 232, 121,
232, 232, 343, 454, 454, 343, 443, 454, 565, 565, 121, 221, 232, 222, 221, 111,
121, 121, 121, 121, 121, 121, 222, 222, 343, 454, 444, 343, 444, 454, 665, 454,
121, 343, 343, 121, 333, 454, 332, 232, 343, 554, 665, 232, 343, 343, 443, 343,
454, 232, 232, 443, 343, 343, 332, 454, 444, 454, 565, 232, 232, 222, 332, 232,
333, 343, 232, 443, 222, 222, 454, 343, 232, 343, 454, 665, 343, 232, 343, 343,
343, 454, 343, 232, 343, 443, 343, 232, 454, 444, 444, 565, 343, 232, 232, 232,
332, 232, 443, 121, 343, 333, 221, 343, 444, 232, 332, 454, 565, 555, 232, 343,
343, 343, 443, 454, 232, 343, 443, 343, 232, 222, 343, 221, 222, 454, 343, 232,
343, 454, 665, 443, 121, 343, 343, 121, 333, 454, 332, 232, 343, 554, 665, 232,
343, 343, 443, 343, 454, 232, 232, 443, 343, 343, 332, 454, 444, 454, 565, 232,
232, 222, 332, 232, 333, 343, 232, 443, 222, 222, 454, 343, 232, 343, 454, 665,
343, 232, 343, 343, 343, 454, 343, 232, 343, 443, 343, 232, 454, 444, 444, 565,
343, 232, 232, 232, 332, 232, 443, 121, 343, 333, 221, 343, 444, 232, 332, 454,
565, 555, 232, 343, 343, 343, 443, 454, 232, 343, 443, 343, 232, 222, 343, 221,
222, 454, 343, 232, 343, 454, 665, 443, 121, 343, 343, 121, 333, 454, 332, 232,
343, 554, 665, 232, 343, 343, 443, 343, 454, 232, 232, 443, 343, 343, 332, 454,
444, 454, 565, 232, 232, 222, 332, 232, 333, 343, 232, 443, 222, 222, 454, 343,
232, 343, 454, 665, 343, 232, 343, 343, 343, 454, 343, 232, 343, 443, 343, 232,
454, 444, 444, 565, 343, 232, 232, 232, 332, 232, 443, 121, 343, 333, 221, 343,
444, 232, 332, 454, 565, 555, 232, 343, 343, 343, 443, 454, 232, 343, 443, 343,
232, 222, 343, 221, 222, 454, 343, 232, 343, 454, 665, 443, 121, 343, 343, 121,
333, 454, 332, 232, 343, 554, 665, 232, 343, 343, 443, 343, 454, 232, 232, 443,
343, 343, 332, 454, 444, 454, 565, 232, 232, 222, 332, 232, 333, 343, 232, 443,
222, 222, 454, 343, 232, 343, 454, 665, 343, 232, 343, 343, 343, 454, 343, 232,
343, 443, 343, 232, 454, 444, 444, 565, 343, 232, 232, 232, 332, 232, 443, 121,
343, 333, 221, 343, 444, 232, 332, 454, 565, 555, 232, 343, 343, 343, 443, 454,
232, 343, 443, 343, 232, 222, 343, 221, 222, 454, 343, 232, 343, 454, 665, 443,
121, 333, 343, 232, 222, 343, 232, 232, 343, 454, 565, 332, 564, 665, 676, 565,
787, 454, 443, 676, 676, 565, 332, 443, 333, 443, 454, 232, 343, 332, 222, 232,
454, 333, 232, 444, 332, 221, 343, 232, 221, 343, 454, 565, 343, 444, 565, 676,
665, 676, 676, 332, 676, 676, 676, 332, 443, 343, 343, 454, 333, 343, 343, 222,
232, 343, 454, 222, 343, 343, 222, 232, 343, 221, 232, 454, 454, 554, 333, 565,
676, 676, 675, 787, 333, 565, 676, 676, 443, 222, 343, 332, 221, 343, 232, 221,
343, 454, 565, 443, 121, 333, 343, 232, 222, 343, 232, 232, 343, 454, 565, 332,
564, 665, 676, 565, 787, 454, 443, 676, 676, 565, 332, 443, 333, 443, 454, 232,
343, 332, 222, 232, 454, 333, 232, 444, 332, 221, 343, 232, 221, 343, 454, 565,
343, 444, 565, 676, 665, 676, 676, 332, 676, 676, 676, 332, 443, 343, 343, 454,
333, 343, 343, 222, 232, 343, 454, 222, 343, 343, 222, 232, 343, 221, 232, 454,
454, 554, 333, 565, 676, 676, 675, 787, 333, 565, 676, 676, 443, 222, 343, 332,
221, 343, 232, 221, 343, 454, 565, 443, 121, 333, 343, 232, 222, 343, 232, 232,
343, 454, 565, 332, 564, 665, 676, 565, 787, 454, 443, 676, 676, 565, 332, 443,
333, 443, 454, 232, 343, 332, 222, 232, 454, 333, 232, 444, 332, 221, 343, 232,
221, 343, 454, 565, 343, 444, 565, 676, 665, 676, 676, 332, 676, 676, 676, 332,
443, 343, 343, 454, 333, 343, 343, 222, 232, 343, 454, 222, 343, 343, 222, 232,
343, 221, 232, 454, 454, 554, 333, 565, 676, 676, 675, 787, 333, 565, 676, 676,
443, 222, 343, 332, 221, 343, 232, 221, 343, 454, 565, 443, 121, 333, 343, 232,
222, 343, 232, 232, 343, 454, 565, 332, 564, 665, 676, 565, 787, 454, 443, 676,
676, 565, 332, 443, 333, 443, 454, 232, 343, 332, 222, 232, 454, 333, 232, 444,
332, 221, 343, 232, 221, 343, 454, 565, 343, 444, 565, 676, 665, 676, 676, 332,
676, 676, 676, 332, 443, 343, 343, 454, 333, 343, 343, 222, 232, 343, 454, 222,
343, 343, 222, 232, 343, 221, 232, 454, 454, 554, 333, 565, 676, 676, 675, 787,
333, 565, 676, 676, 443, 222, 343, 332, 221, 343, 232, 221, 343, 454, 565, 443,
121, 221, 232, 332, 221, 222, 332, 343, 443, 443, 454, 232, 443, 454, 565, 444,
565, 454, 343, 565, 565, 565, 232, 332, 232, 443, 554, 332, 454, 443, 332, 343,
554, 343, 221, 232, 343, 222, 221, 232, 343, 343, 443, 454, 343, 343, 454, 565,
454, 454, 565, 232, 555, 554, 665, 332, 343, 232, 343, 554, 343, 343, 454, 343,
232, 454, 454, 222, 232, 343, 232, 121, 232, 332, 343, 443, 443, 443, 332, 444,
554, 454, 444, 565, 333, 454, 565, 565, 343, 121, 232, 343, 222, 221, 232, 343,
343, 443, 454, 343, 121, 221, 232, 332, 221, 222, 332, 343, 443, 443, 454, 232,
443, 454, 565, 444, 565, 454, 343, 565, 565, 565, 232, 332, 232, 443, 554, 332,
454, 443, 332, 343, 554, 343, 221, 232, 343, 222, 221, 232, 343, 343, 443, 454,
343, 343, 454, 565, 454, 454, 565, 232, 555, 554, 665, 332, 343, 232, 343, 554,
343, 343, 454, 343, 232, 454, 454, 222, 232, 343, 232, 121, 232, 332, 343, 443,
443, 443, 332, 444, 554, 454, 444, 565, 333, 454, 565, 565, 343, 121, 232, 343,
222, 221, 232, 343, 343, 443, 454, 343, 121, 221, 232, 332, 221, 222, 332, 343,
443, 443, 454, 232, 443, 454, 565, 444, 565, 454, 343, 565, 565, 565, 232, 332,
232, 443, 554, 332, 454, 443, 332, 343, 554, 343, 221, 232, 343, 222, 221, 232,
343, 343, 443, 454, 343, 343, 454, 565, 454, 454, 565, 232, 555, 554, 665, 332,
343, 232, 343, 554, 343, 343, 454, 343, 232, 454, 454, 222, 232, 343, 232, 121,
232, 332, 343, 443, 443, 443, 332, 444, 554, 454, 444, 565, 333, 454, 565, 565,
343, 121, 232, 343, 222, 221, 232, 343, 343, 443, 454, 343, 121, 221, 232, 332,
221, 222, 332, 343, 443, 443, 454, 232, 443, 454, 565, 444, 565, 454, 343, 565,
565, 565, 232, 332, 232, 443, 554, 332, 454, 443, 332, 343, 554, 343, 221, 232,
343, 222, 221, 232, 343, 343, 443, 454, 343, 343, 454, 565, 454, 454, 565, 232,
555, 554, 665, 332, 343, 232, 343, 554, 343, 343, 454, 343, 232, 454, 454, 222,
232, 343, 232, 121, 232, 332, 343, 443, 443, 443, 332, 444, 554, 454, 444, 565,
333, 454, 565, 565, 343, 121, 232, 343, 222, 221, 232, 343, 343, 443, 454, 343,
121, 121, 232, 121, 121, 221, 232, 232, 232, 232, 232, 232, 444, 454, 454, 454,
454, 343, 343, 454, 454, 454, 221, 222, 332, 443, 454, 232, 454, 454, 443, 443,
565, 343, 121, 232, 222, 121, 121, 232, 232, 232, 232, 232, 222, 343, 454, 454,
454, 454, 454, 332, 454, 454, 565, 232, 222, 232, 343, 454, 333, 343, 454, 454,
443, 454, 554, 221, 232, 232, 121, 121, 222, 232, 232, 232, 232, 232, 332, 454,
454, 454, 454, 454, 332, 443, 454, 554, 343, 121, 222, 222, 121, 121, 232, 232,
232, 232, 232, 222, 121, 121, 232, 121, 121, 221, 232, 232, 232, 232, 232, 232,
444, 454, 454, 454, 454, 343, 343, 454, 454, 454, 221, 222, 332, 443, 454, 232,
454, 454, 443, 443, 565, 343, 121, 232, 222, 121, 121, 232, 232, 232, 232, 232,
222, 343, 454, 454, 454, 454, 454, 332, 454, 454, 565, 232, 222, 232, 343, 454,
333, 343, 454, 454, 443, 454, 554, 221, 232, 232, 121, 121, 222, 232, 232, 232,
232, 232, 332, 454, 454, 454, 454, 454, 332, 443, 454, 554, 343, 121, 222, 222,
121, 121, 232, 232, 232, 232, 232, 222, 121, 121, 232, 121, 121, 221, 232, 232,
232, 232, 232, 232, 444, 454, 454, 454, 454, 343, 343, 454, 454, 454, 221, 222,
332, 443, 454, 232, 454, 454, 443, 443, 565, 343, 121, 232, 222, 121, 121, 232,
232, 232, 232, 232, 222, 343, 454, 454, 454, 454, 454, 332, 454, 454, 565, 232,
222, 232, 343, 454, 333, 343, 454, 454, 443, 454, 554, 221, 232, 232, 121, 121,
222, 232, 232, 232, 232, 232, 332, 454, 454, 454, 454, 454, 332, 443, 454, 554,
343, 121, 222, 222, 121, 121, 232, 232, 232, 232, 232, 222, 121, 121, 232, 121,
121, 221, 232, 232, 232, 232, 232, 232, 444, 454, 454, 454, 454, 343, 343, 454,
454, 454, 221, 222, 332, 443, 454, 232, 454, 454, 443, 443, 565, 343, 121, 232,
222, 121, 121, 232, 232, 232, 232, 232, 222, 343, 454, 454, 454, 454, 454, 332,
454, 454, 565, 232, 222, 232, 343, 454, 333, 343, 454, 454, 443, 454, 554, 221,
232, 232, 121, 121, 222, 232, 232, 232, 232, 232, 332, 454, 454, 454, 454, 454,
332, 443, 454, 554, 343, 121, 222, 222, 121, 121, 232, 232, 232, 232, 232, 222,
121, 221, 232, 232, 232, 222, 232, 232, 232, 232, 232, 232, 443, 454, 454, 454,
454, 343, 343, 454, 454, 454, 121, 232, 332, 332, 232, 232, 454, 454, 454, 454,
565, 343, 121, 232, 232, 232, 232, 221, 232, 232, 232, 232, 222, 343, 454, 454,
454, 454, 454, 332, 454, 454, 565, 222, 221, 332, 232, 232, 232, 343, 454, 454,
454, 454, 554, 121, 232, 232, 232, 232, 221, 232, 232, 232, 232, 232, 232, 454,
454, 454, 454, 565, 332, 443, 454, 554, 343, 121, 232, 232, 232, 232, 221, 232,
232, 232, 232, 222, 121, 221, 232, 232, 232, 222, 232, 232, 232, 232, 232, 232,
443, 454, 454, 454, 454, 343, 343, 454, 454, 454, 121, 232, 332, 332, 232, 232,
454, 454, 454, 454, 565, 343, 121, 232, 232, 232, 232, 221, 232, 232, 232, 232,
222, 343, 454, 454, 454, 454, 454, 332, 454, 454, 565, 222, 221, 332, 232, 232,
232, 343, 454, 454, 454, 454, 554, 121, 232, 232, 232, 232, 221, 232, 232, 232,
232, 232, 232, 454, 454, 454, 454, 565, 332, 443, 454, 554, 343, 121, 232, 232,
232, 232, 221, 232, 232, 232, 232, 222, 121, 221, 232, 232, 232, 222, 232, 232,
232, 232, 232, 232, 443, 454, 454, 454, 454, 343, 343, 454, 454, 454, 121, 232,
332, 332, 232, 232, 454, 454, 454, 454, 565, 343, 121, 232, 232, 232, 232, 221,
232, 232, 232, 232, 222, 343, 454, 454, 454, 454, 454, 332, 454, 454, 565, 222,
221, 332, 232, 232, 232, 343, 454, 454, 454, 454, 554, 121, 232, 232, 232, 232,
221, 232, 232, 232, 232, 232, 232, 454, 454, 454, 454, 565, 332, 443, 454, 554,
343, 121, 232, 232, 232, 232, 221, 232, 232, 232, 232, 222, 121, 221, 232, 232,
232, 222, 232, 232, 232, 232, 232, 232, 443, 454, 454, 454, 454, 343, 343, 454,
454, 454, 121, 232, 332, 332, 232, 232, 454, 454, 454, 454, 565, 343, 121, 232,
232, 232, 232, 221, 232, 232, 232, 232, 222, 343, 454, 454, 454, 454, 454, 332,
454, 454, 565, 222, 221, 332, 232, 232, 232, 343, 454, 454, 454, 454, 554, 121,
232, 232, 232, 232, 221, 232, 232, 232, 232, 232, 232, 454, 454, 454, 454, 565,
332, 443, 454, 554, 343, 121, 232, 232, 232, 232, 221, 232, 232, 232, 232, 222,
121, 343, 676, 676, 786, 343, 454, 665, 676, 676, 786, 232, 343, 454, 454, 454,
676, 454, 343, 454, 565, 565, 121, 121, 121, 121, 121, 232, 454, 454, 454, 454,
565, 333, 222, 565, 676, 776, 565, 343, 665, 665, 676, 786, 444, 232, 454, 454,
444, 554, 665, 332, 454, 454, 676, 222, 121, 121, 121, 121, 221, 343, 454, 454,
454, 565, 454, 121, 454, 676, 676, 676, 332, 565, 565, 676, 676, 665, 222, 454,
454, 454, 454, 676, 343, 443, 454, 676, 343, 221, 565, 676, 776, 565, 343, 665,
665, 676, 786, 454, 121, 343, 676, 676, 786, 343, 454, 665, 676, 676, 786, 232,
343, 454, 454, 454, 676, 454, 343, 454, 565, 565, 121, 121, 121, 121, 121, 232,
454, 454, 454, 454, 565, 333, 222, 565, 676, 776, 565, 343, 665, 665, 676, 786,
444, 232, 454, 454, 444, 554, 665, 332, 454, 454, 676, 222, 121, 121, 121, 121,
221, 343, 454, 454, 454, 565, 454, 121, 454, 676, 676, 676, 332, 565, 565, 676,
676, 665, 222, 454, 454, 454, 454, 676, 343, 443, 454, 676, 343, 221, 565, 676,
776, 565, 343, 665, 665, 676, 786, 454, 121, 343, 676, 676, 786, 343, 454, 665,
676, 676, 786, 232, 343, 454, 454, 454, 676, 454, 343, 454, 565, 565, 121, 121,
121, 121, 121, 232, 454, 454, 454, 454, 565, 333, 222, 565, 676, 776, 565, 343,
665, 665, 676, 786, 444, 232, 454, 454, 444, 554, 665, 332, 454, 454, 676, 222,
121, 121, 121, 121, 221, 343, 454, 454, 454, 565, 454, 121, 454, 676, 676, 676,
332, 565, 565, 676, 676, 665, 222, 454, 454, 454, 454, 676, 343, 443, 454, 676,
343, 221, 565, 676, 776, 565, 343, 665, 665, 676, 786, 454, 121, 343, 676, 676,
786, 343, 454, 665, 676, 676, 786, 232, 343, 454, 454, 454, 676, 454, 343, 454,
565, 565, 121, 121, 121, 121, 121, 232, 454, 454, 454, 454, 565, 333, 222, 565,
676, 776, 565, 343, 665, 665, 676, 786, 444, 232, 454, 454, 444, 554, 665, 332,
454, 454, 676, 222, 121, 121, 121, 121, 221, 343, 454, 454, 454, 565, 454, 121,
454, 676, 676, 676, 332, 565, 565, 676, 676, 665, 222, 454, 454, 454, 454, 676,
343, 443, 454, 676, 343, 221, 565, 676, 776, 565, 343, 665, 665, 676, 786, 454,
121, 343, 554, 565, 565, 343, 343, 454, 565, 565, 565, 232, 343, 454, 454, 454,
676, 454, 343, 454, 565, 565, 121, 221, 121, 121, 121, 232, 454, 454, 454, 454,
565, 333, 232, 454, 565, 565, 454, 332, 454, 454, 565, 565, 343, 232, 454, 454,
454, 565, 675, 232, 454, 454, 676, 222, 121, 221, 121, 121, 221, 343, 454, 454,
454, 565, 454, 221, 443, 565, 565, 565, 232, 454, 454, 565, 565, 554, 222, 444,
454, 454, 454, 676, 333, 343, 454, 676, 343, 232, 454, 565, 565, 454, 332, 454,
454, 565, 565, 443, 121, 343, 554, 565, 565, 343, 343, 454, 565, 565, 565, 232,
343, 454, 454, 454, 676, 454, 343, 454, 565, 565, 121, 221, 121, 121, 121, 232,
454, 454, 454, 454, 565, 333, 232, 454, 565, 565, 454, 332, 454, 454, 565, 565,
343, 232, 454, 454, 454, 565, 675, 232, 454, 454, 676, 222, 121, 221, 121, 121,
221, 343, 454, 454, 454, 565, 454, 221, 443, 565, 565, 565, 232, 454, 454, 565,
565, 554, 222, 444, 454, 454, 454, 676, 333, 343, 454, 676, 343, 232, 454, 565,
565, 454, 332, 454, 454, 565, 565, 443, 121, 343, 554, 565, 565, 343, 343, 454,
565, 565, 565, 232, 343, 454, 454, 454, 676, 454, 343, 454, 565, 565, 121, 221,
121, 121, 121, 232, 454, 454, 454, 454, 565, 333, 232, 454, 565, 565, 454, 332,
454, 454, 565, 565, 343, 232, 454, 454, 454, 565, 675, 232, 454, 454, 676, 222,
121, 221, 121, 121, 221, 343, 454, 454, 454, 565, 454, 221, 443, 565, 565, 565,
232, 454, 454, 565, 565, 554, 222, 444, 454, 454, 454, 676, 333, 343, 454, 676,
343, 232, 454, 565, 565, 454, 332, 454, 454, 565, 565, 443, 121, 343, 554, 565,
565, 343, 343, 454, 565, 565, 565, 232, 343, 454, 454, 454, 676, 454, 343, 454,
565, 565, 121, 221, 121, 121, 121, 232, 454, 454, 454, 454, 565, 333, 232, 454,
565, 565, 454, 332, 454, 454, 565, 565, 343, 232, 454, 454, 454, 565, 675, 232,
454, 454, 676, 222, 121, 221, 121, 121, 221, 343, 454, 454, 454, 565, 454, 221,
443, 565, 565, 565, 232, 454, 454, 565, 565, 554, 222, 444, 454, 454, 454, 676,
333, 343, 454, 676, 343, 232, 454, 565, 565, 454, 332, 454, 454, 565, 565, 443,
121, 343, 454, 454, 454, 343, 333, 454, 454, 454, 554, 232, 222, 443, 454, 454,
565, 343, 232, 444, 555, 454, 121, 343, 232, 232, 121, 232, 444, 454, 454, 454,
665, 343, 232, 454, 454, 454, 454, 232, 443, 454, 454, 454, 343, 121, 343, 454,
454, 565, 454, 221, 343, 454, 565, 222, 232, 343, 222, 221, 121, 343, 454, 454,
454, 565, 565, 221, 443, 454, 454, 454, 232, 343, 454, 454, 454, 454, 121, 232,
454, 454, 454, 565, 232, 332, 454, 565, 343, 232, 454, 454, 454, 454, 232, 443,
454, 454, 454, 343, 121, 343, 454, 454, 454, 343, 333, 454, 454, 454, 554, 232,
222, 443, 454, 454, 565, 343, 232, 444, 555, 454, 121, 343, 232, 232, 121, 232,
444, 454, 454, 454, 665, 343, 232, 454, 454, 454, 454, 232, 443, 454, 454, 454,
343, 121, 343, 454, 454, 565, 454, 221, 343, 454, 565, 222, 232, 343, 222, 221,
121, 343, 454, 454, 454, 565, 565, 221, 443, 454, 454, 454, 232, 343, 454, 454,
454, 454, 121, 232, 454, 454, 454, 565, 232, 332, 454, 565, 343, 232, 454, 454,
454, 454, 232, 443, 454, 454, 454, 343, 121, 343, 454, 454, 454, 343, 333, 454,
454, 454, 554, 232, 222, 443, 454, 454, 565, 343, 232, 444, 555, 454, 121, 343,
232, 232, 121, 232, 444, 454, 454, 454, 665, 343, 232, 454, 454, 454, 454, 232,
443, 454, 454, 454, 343, 121, 343, 454, 454, 565, 454, 221, 343, 454, 565, 222,
232, 343, 222, 221, 121, 343, 454, 454, 454, 565, 565, 221, 443, 454, 454, 454,
232, 343, 454, 454, 454, 454, 121, 232, 454, 454, 454, 565, 232, 332, 454, 565,
343, 232, 454, 454, 454, 454, 232, 443, 454, 454, 454, 343, 121, 343, 454, 454,
454, 343, 333, 454, 454, 454, 554, 232, 222, 443, 454, 454, 565, 343, 232, 444,
555, 454, 121, 343, 232, 232, 121, 232, 444, 454, 454, 454, 665, 343, 232, 454,
454, 454, 454, 232, 443, 454, 454, 454, 343, 121, 343, 454, 454, 565, 454, 221,
343, 454, 565, 222, 232, 343, 222, 221, 121, 343, 454, 454, 454, 565, 565, 221,
443, 454, 454, 454, 232, 343, 454, 454, 454, 454, 121, 232, 454, 454, 454, 565,
232, 332, 454, 565, 343, 232, 454, 454, 454, 454, 232, 443, 454, 454, 454, 343,
232, 444, 454, 454, 454, 343, 232, 343, 454, 444, 454, 232, 121, 333, 443, 443,
343, 232, 121, 343, 454, 454, 222, 343, 343, 332, 222, 121, 343, 454, 454, 454,
554, 343, 343, 454, 454, 454, 454, 232, 332, 443, 454, 454, 343, 121, 232, 343,
444, 443, 343, 121, 232, 454, 554, 222, 343, 343, 343, 232, 121, 232, 454, 454,
454, 454, 454, 332, 454, 454, 454, 454, 232, 232, 343, 454, 454, 454, 121, 221,
343, 443, 343, 343, 221, 222, 443, 454, 343, 343, 454, 454, 454, 454, 232, 232,
443, 454, 454, 343, 232, 444, 454, 454, 454, 343, 232, 343, 454, 444, 454, 232,
121, 333, 443, 443, 343, 232, 121, 343, 454, 454, 222, 343, 343, 332, 222, 121,
343, 454, 454, 454, 554, 343, 343, 454, 454, 454, 454, 232, 332, 443, 454, 454,
343, 121, 232, 343, 444, 443, 343, 121, 232, 454, 554, 222, 343, 343, 343, 232,
121, 232, 454, 454, 454, 454, 454, 332, 454, 454, 454, 454, 232, 232, 343, 454,
454, 454, 121, 221, 343, 443, 343, 343, 221, 222, 443, 454, 343, 343, 454, 454,
454, 454, 232, 232, 443, 454, 454, 343, 232, 444, 454, 454, 454, 343, 232, 343,
454, 444, 454, 232, 121, 333, 443, 443, 343, 232, 121, 343, 454, 454, 222, 343,
343, 332, 222, 121, 343, 454, 454, 454, 554, 343, 343, 454, 454, 454, 454, 232,
332, 443, 454, 454, 343, 121, 232, 343, 444, 443, 343, 121, 232, 454, 554, 222,
343, 343, 343, 232, 121, 232, 454, 454, 454, 454, 454, 332, 454, 454, 454, 454,
232, 232, 343, 454, 454, 454, 121, 221, 343, 443, 343, 343, 221, 222, 443, 454,
343, 343, 454, 454, 454, 454, 232, 232, 443, 454, 454, 343, 232, 444, 454, 454,
454, 343, 232, 343, 454, 444, 454, 232, 121, 333, 443, 443, 343, 232, 121, 343,
454, 454, 222, 343, 343, 332, 222, 121, 343, 454, 454, 454, 554, 343, 343, 454,
454, 454, 454, 232, 332, 443, 454, 454, 343, 121, 232, 343, 444, 443, 343, 121,
232, 454, 554, 222, 343, 343, 343, 232, 121, 232, 454, 454, 454, 454, 454, 332,
454, 454, 454, 454, 232, 232, 343, 454, 454, 454, 121, 221, 343, 443, 343, 343,
221, 222, 443, 454, 343, 343, 454, 454, 454, 454, 232, 232, 443, 454, 454, 343,
232, 454, 454, 454, 565, 343, 232, 221, 343, 343, 343, 221, 121, 222, 232, 232,
333, 232, 121, 343, 454, 454, 121, 232, 232, 343, 232, 121, 343, 454, 454, 454,
565, 343, 343, 454, 454, 454, 454, 232, 222, 232, 343, 343, 232, 121, 121, 222,
232, 332, 332, 121, 232, 454, 454, 222, 232, 232, 343, 332, 121, 232, 454, 454,
454, 554, 454, 332, 454, 454, 454, 565, 332, 232, 232, 343, 343, 332, 121, 121,
121, 332, 333, 343, 221, 221, 443, 454, 343, 343, 454, 454, 454, 554, 232, 221,
232, 343, 343, 232, 232, 454, 454, 454, 565, 343, 232, 221, 343, 343, 343, 221,
121, 222, 232, 232, 333, 232, 121, 343, 454, 454, 121, 232, 232, 343, 232, 121,
343, 454, 454, 454, 565, 343, 343, 454, 454, 454, 454, 232, 222, 232, 343, 343,
232, 121, 121, 222, 232, 332, 332, 121, 232, 454, 454, 222, 232, 232, 343, 332,
121, 232, 454, 454, 454, 554, 454, 332, 454, 454, 454, 565, 332, 232, 232, 343,
343, 332, 121, 121, 121, 332, 333, 343, 221, 221, 443, 454, 343, 343, 454, 454,
454, 554, 232, 221, 232, 343, 343, 232, 232, 454, 454, 454, 565, 343, 232, 221,
343, 343, 343, 221, 121, 222, 232, 232, 333, 232, 121, 343, 454, 454, 121, 232,
232, 343, 232, 121, 343, 454, 454, 454, 565, 343, 343, 454, 454, 454, 454, 232,
222, 232, 343, 343, 232, 121, 121, 222, 232, 332, 332, 121, 232, 454, 454, 222,
232, 232, 343, 332, 121, 232, 454, 454, 454, 554, 454, 332, 454, 454, 454, 565,
332, 232, 232, 343, 343, 332, 121, 121, 121, 332, 333, 343, 221, 221, 443, 454,
343, 343, 454, 454, 454, 554, 232, 221, 232, 343, 343, 232, 232, 454, 454, 454,
565, 343, 232, 221, 343, 343, 343, 221, 121, 222, 232, 232, 333, 232, 121, 343,
454, 454, 121, 232, 232, 343, 232, 121, 343, 454, 454, 454, 565, 343, 343, 454,
454, 454, 454, 232, 222, 232, 343, 343, 232, 121, 121, 222, 232, 332, 332, 121,
232, 454, 454, 222, 232, 232, 343, 332, 121, 232, 454, 454, 454, 554, 454, 332,
454, 454, 454, 565, 332, 232, 232, 343, 343, 332, 121, 121, 121, 332, 333, 343,
221, 221, 443, 454, 343, 343, 454, 454, 454, 554, 232, 221, 232, 343, 343, 232,
232, 444, 454, 454, 565, 343, 121, 121, 121, 221, 121, 121, 222, 222, 222, 121,
232, 232, 222, 232, 454, 554, 121, 121, 221, 232, 232, 121, 232, 343, 444, 454,
554, 343, 343, 454, 454, 565, 554, 121, 121, 121, 221, 221, 121, 121, 221, 222,
222, 222, 332, 221, 232, 343, 565, 232, 121, 121, 232, 332, 221, 221, 343, 443,
454, 454, 454, 332, 454, 454, 554, 565, 232, 121, 121, 121, 221, 121, 121, 121,
121, 222, 232, 332, 221, 232, 333, 555, 443, 343, 454, 454, 565, 554, 121, 121,
121, 221, 221, 121, 232, 444, 454, 454, 565, 343, 121, 121, 121, 221, 121, 121,
222, 222, 222, 121, 232, 232, 222, 232, 454, 554, 121, 121, 221, 232, 232, 121,
232, 343, 444, 454, 554, 343, 343, 454, 454, 565, 554, 121, 121, 121, 221, 221,
121, 121, 221, 222, 222, 222, 332, 221, 232, 343, 565, 232, 121, 121, 232, 332,
221, 221, 343, 443, 454, 454, 454, 332, 454, 454, 554, 565, 232, 121, 121, 121,
221, 121, 121, 121, 121, 222, 232, 332, 221, 232, 333, 555, 443, 343, 454, 454,
565, 554, 121, 121, 121, 221, 221, 121, 232, 444, 454, 454, 565, 343, 121, 121,
121, 221, 121, 121, 222, 222, 222, 121, 232, 232, 222, 232, 454, 554, 121, 121,
221, 232, 232, 121, 232, 343, 444, 454, 554, 343, 343, 454, 454, 565, 554, 121,
121, 121, 221, 221, 121, 121, 221, 222, 222, 222, 332, 221, 232, 343, 565, 232,
121, 121, 232, 332, 221, 221, 343, 443, 454, 454, 454, 332, 454, 454, 554, 565,
232, 121, 121, 121, 221, 121, 121, 121, 121, 222, 232, 332, 221, 232, 333, 555,
443, 343, 454, 454, 565, 554, 121, 121, 121, 221, 221, 121, 232, 444, 454, 454,
565, 343, 121, 121, 121, 221, 121, 121, 222, 222, 222, 121, 232, 232, 222, 232,
454, 554, 121, 121, 221, 232, 232, 121, 232, 343, 444, 454, 554, 343, 343, 454,
454, 565, 554, 121, 121, 121, 221, 221, 121, 121, 221, 222, 222, 222, 332, 221,
232, 343, 565, 232, 121, 121, 232, 332, 221, 221, 343, 443, 454, 454, 454, 332,
454, 454, 554, 565, 232, 121, 121, 121, 221, 121, 121, 121, 121, 222, 232, 332,
221, 232, 333, 555, 443, 343, 454, 454, 565, 554, 121, 121, 121, 221, 221, 121,
232, 444, 454, 454, 676, 343, 444, 565, 676, 565, 665, 232, 232, 343, 232, 121,
221, 221, 343, 232, 343, 565, 121, 121, 121, 121, 121, 121, 232, 332, 343, 454,
454, 343, 343, 454, 454, 565, 565, 333, 565, 665, 665, 665, 343, 121, 332, 343,
221, 121, 221, 232, 332, 232, 565, 232, 121, 121, 121, 121, 121, 221, 332, 332,
454, 454, 454, 332, 454, 454, 554, 676, 232, 554, 565, 676, 565, 565, 121, 232,
332, 232, 221, 221, 222, 343, 232, 454, 443, 343, 454, 454, 565, 565, 332, 565,
665, 666, 665, 444, 232, 444, 454, 454, 676, 343, 444, 565, 676, 565, 665, 232,
232, 343, 232, 121, 221, 221, 343, 232, 343, 565, 121, 121, 121, 121, 121, 121,
232, 332, 343, 454, 454, 343, 343, 454, 454, 565, 565, 333, 565, 665, 665, 665,
343, 121, 332, 343, 221, 121, 221, 232, 332, 232, 565, 232, 121, 121, 121, 121,
121, 221, 332, 332, 454, 454, 454, 332, 454, 454, 554, 676, 232, 554, 565, 676,
565, 565, 121, 232, 332, 232, 221, 221, 222, 343, 232, 454, 443, 343, 454, 454,
565, 565, 332, 565, 665, 666, 665, 444, 232, 444, 454, 454, 676, 343, 444, 565,
676, 565, 665, 232, 232, 343, 232, 121, 221, 221, 343, 232, 343, 565, 121, 121,
121, 121, 121, 121, 232, 332, 343, 454, 454, 343, 343, 454, 454, 565, 565, 333,
565, 665, 665, 665, 343, 121, 332, 343, 221, 121, 221, 232, 332, 232, 565, 232,
121, 121, 121, 121, 121, 221, 332, 332, 454, 454, 454, 332, 454, 454, 554, 676,
232, 554, 565, 676, 565, 565, 121, 232, 332, 232, 221, 221, 222, 343, 232, 454,
443, 343, 454, 454, 565, 565, 332, 565, 665, 666, 665, 444, 232, 444, 454, 454,
676, 343, 444, 565, 676, 565, 665, 232, 232, 343, 232, 121, 221, 221, 343, 232,
343, 565, 121, 121, 121, 121, 121, 121, 232, 332, 343, 454, 454, 343, 343, 454,
454, 565, 565, 333, 565, 665, 665, 665, 343, 121, 332, 343, 221, 121, 221, 232,
332, 232, 565, 232, 121, 121, 121, 121, 121, 221, 332, 332, 454, 454, 454, 332,
454, 454, 554, 676, 232, 554, 565, 676, 565, 565, 121, 232, 332, 232, 221, 221,
222, 343, 232, 454, 443, 343, 454, 454, 565, 565, 332, 565, 665, 666, 665, 444,
232, 444, 454, 454, 676, 343, 443, 565, 787, 565, 676, 333, 332, 343, 232, 232,
221, 121, 343, 343, 443, 454, 332, 554, 555, 565, 565, 222, 221, 232, 343, 343,
343, 232, 343, 454, 444, 565, 565, 343, 565, 786, 675, 676, 454, 232, 443, 333,
332, 232, 121, 332, 443, 343, 554, 232, 454, 554, 565, 565, 333, 121, 222, 332,
343, 343, 333, 332, 454, 454, 454, 676, 332, 454, 676, 676, 565, 675, 121, 343,
343, 343, 232, 121, 222, 443, 343, 454, 343, 343, 454, 454, 565, 565, 333, 565,
776, 675, 676, 454, 232, 444, 454, 454, 676, 343, 443, 565, 787, 565, 676, 333,
332, 343, 232, 232, 221, 121, 343, 343, 443, 454, 332, 554, 555, 565, 565, 222,
221, 232, 343, 343, 343, 232, 343, 454, 444, 565, 565, 343, 565, 786, 675, 676,
454, 232, 443, 333, 332, 232, 121, 332, 443, 343, 554, 232, 454, 554, 565, 565,
333, 121, 222, 332, 343, 343, 333, 332, 454, 454, 454, 676, 332, 454, 676, 676,
565, 675, 121, 343, 343, 343, 232, 121, 222, 443, 343, 454, 343, 343, 454, 454,
565, 565, 333, 565, 776, 675, 676, 454, 232, 444, 454, 454, 676, 343, 443, 565,
787, 565, 676, 333, 332, 343, 232, 232, 221, 121, 343, 343, 443, 454, 332, 554,
555, 565, 565, 222, 221, 232, 343, 343, 343, 232, 343, 454, 444, 565, 565, 343,
565, 786, 675, 676, 454, 232, 443, 333, 332, 232, 121, 332, 443, 343, 554, 232,
454, 554, 565, 565, 333, 121, 222, 332, 343, 343, 333, 332, 454, 454, 454, 676,
332, 454, 676, 676, 565, 675, 121, 343, 343, 343, 232, 121, 222, 443, 343, 454,
343, 343, 454, 454, 565, 565, 333, 565, 776, 675, 676, 454, 232, 444, 454, 454,
676, 343, 443, 565, 787, 565, 676, 333, 332, 343, 232, 232, 221, 121, 343, 343,
443, 454, 332, 554, 555, 565, 565, 222, 221, 232, 343, 343, 343, 232, 343, 454,
444, 565, 565, 343, 565, 786, 675, 676, 454, 232, 443, 333, 332, 232, 121, 332,
443, 343, 554, 232, 454, 554, 565, 565, 333, 121, 222, 332, 343, 343, 333, 332,
454, 454, 454, 676, 332, 454, 676, 676, 565, 675, 121, 343, 343, 343, 232, 121,
222, 443, 343, 454, 343, 343, 454, 454, 565, 565, 333, 565, 776, 675, 676, 454,
232, 444, 454, 454, 565, 343, 343, 454, 554, 454, 565, 332, 332, 232, 343, 343,
332, 222, 343, 454, 454, 454, 332, 454, 565, 676, 565, 232, 221, 121, 221, 221,
221, 221, 343, 454, 454, 454, 454, 332, 454, 554, 454, 554, 443, 232, 332, 343,
343, 332, 232, 232, 454, 444, 565, 332, 454, 554, 676, 676, 343, 111, 121, 221,
221, 221, 121, 333, 454, 454, 454, 565, 332, 444, 454, 454, 454, 554, 221, 232,
343, 343, 332, 232, 232, 444, 444, 554, 343, 343, 454, 454, 454, 454, 332, 454,
554, 454, 454, 444, 232, 444, 454, 454, 565, 343, 343, 454, 554, 454, 565, 332,
332, 232, 343, 343, 332, 222, 343, 454, 454, 454, 332, 454, 565, 676, 565, 232,
221, 121, 221, 221, 221, 221, 343, 454, 454, 454, 454, 332, 454, 554, 454, 554,
443, 232, 332, 343, 343, 332, 232, 232, 454, 444, 565, 332, 454, 554, 676, 676,
343, 111, 121, 221, 221, 221, 121, 333, 454, 454, 454, 565, 332, 444, 454, 454,
454, 554, 221, 232, 343, 343, 332, 232, 232, 444, 444, 554, 343, 343, 454, 454,
454, 454, 332, 454, 554, 454, 454, 444, 232, 444, 454, 454, 565, 343, 343, 454,
554, 454, 565, 332, 332, 232, 343, 343, 332, 222, 343, 454, 454, 454, 332, 454,
565, 676, 565, 232, 221, 121, 221, 221, 221, 221, 343, 454, 454, 454, 454, 332,
454, 554, 454, 554, 443, 232, 332, 343, 343, 332, 232, 232, 454, 444, 565, 332,
454, 554, 676, 676, 343, 111, 121, 221, 221, 221, 121, 333, 454, 454, 454, 565,
332, 444, 454, 454, 454, 554, 221, 232, 343, 343, 332, 232, 232, 444, 444, 554,
343, 343, 454, 454, 454, 454, 332, 454, 554, 454, 454, 444, 232, 444, 454, 454,
565, 343, 343, 454, 554, 454, 565, 332, 332, 232, 343, 343, 332, 222, 343, 454,
454, 454, 332, 454, 565, 676, 565, 232, 221, 121, 221, 221, 221, 221, 343, 454,
454, 454, 454, 332, 454, 554, 454, 554, 443, 232, 332, 343, 343, 332, 232, 232,
454, 444, 565, 332, 454, 554, 676, 676, 343, 111, 121, 221, 221, 221, 121, 333,
454, 454, 454, 565, 332, 444, 454, 454, 454, 554, 221, 232, 343, 343, 332, 232,
232, 444, 444, 554, 343, 343, 454, 454, 454, 454, 332, 454, 554, 454, 454, 444,
232, 454, 454, 454, 454, 343, 343, 454, 444, 444, 565, 232, 232, 332, 332, 343,
333, 222, 343, 454, 454, 454, 232, 232, 443, 454, 454, 332, 454, 555, 555, 454,
554, 333, 343, 454, 454, 454, 444, 333, 454, 444, 444, 454, 454, 222, 332, 333,
232, 343, 232, 332, 454, 454, 555, 332, 222, 343, 454, 554, 343, 343, 454, 554,
454, 454, 443, 332, 454, 454, 454, 454, 332, 454, 454, 454, 454, 554, 222, 332,
343, 232, 343, 232, 232, 444, 454, 454, 343, 343, 454, 454, 454, 444, 333, 454,
454, 444, 454, 454, 232, 454, 454, 454, 454, 343, 343, 454, 444, 444, 565, 232,
232, 332, 332, 343, 333, 222, 343, 454, 454, 454, 232, 232, 443, 454, 454, 332,
454, 555, 555, 454, 554, 333, 343, 454, 454, 454, 444, 333, 454, 444, 444, 454,
454, 222, 332, 333, 232, 343, 232, 332, 454, 454, 555, 332, 222, 343, 454, 554,
343, 343, 454, 554, 454, 454, 443, 332, 454, 454, 454, 454, 332, 454, 454, 454,
454, 554, 222, 332, 343, 232, 343, 232, 232, 444, 454, 454, 343, 343, 454, 454,
454, 444, 333, 454, 454, 444, 454, 454, 232, 454, 454, 454, 454, 343, 343, 454,
444, 444, 565, 232, 232, 332, 332, 343, 333, 222, 343, 454, 454, 454, 232, 232,
443, 454, 454, 332, 454, 555, 555, 454, 554, 333, 343, 454, 454, 454, 444, 333,
454, 444, 444, 454, 454, 222, 332, 333, 232, 343, 232, 332, 454, 454, 555, 332,
222, 343, 454, 554, 343, 343, 454, 554, 454, 454, 443, 332, 454, 454, 454, 454,
332, 454, 454, 454, 454, 554, 222, 332, 343, 232, 343, 232, 232, 444, 454, 454,
343, 343, 454, 454, 454, 444, 333, 454, 454, 444, 454, 454, 232, 454, 454, 454,
454, 343, 343, 454, 444, 444, 565, 232, 232, 332, 332, 343, 333, 222, 343, 454,
454, 454, 232, 232, 443, 454, 454, 332, 454, 555, 555, 454, 554, 333, 343, 454,
454, 454, 444, 333, 454, 444, 444, 454, 454, 222, 332, 333, 232, 343, 232, 332,
454, 454, 555, 332, 222, 343, 454, 554, 343, 343, 454, 554, 454, 454, 443, 332,
454, 454, 454, 454, 332, 454, 454, 454, 454, 554, 222, 332, 343, 232, 343, 232,
232, 444, 454, 454, 343, 343, 454, 454, 454, 444, 333, 454, 454, 444, 454, 454,
222, 343, 454, 454, 565, 343, 333, 454, 454, 454, 676, 232, 121, 232, 121, 232,
232, 121, 332, 454, 454, 454, 221, 232, 443, 444, 565, 343, 565, 676, 665, 665,
787, 343, 332, 454, 454, 454, 454, 232, 454, 454, 454, 565, 454, 221, 232, 221,
222, 332, 121, 232, 443, 454, 565, 232, 232, 343, 454, 454, 343, 454, 676, 676,
565, 786, 565, 232, 454, 454, 454, 565, 232, 343, 454, 454, 454, 565, 222, 232,
232, 121, 332, 222, 121, 343, 454, 565, 343, 332, 454, 454, 454, 454, 232, 454,
454, 454, 565, 454, 222, 343, 454, 454, 565, 343, 333, 454, 454, 454, 676, 232,
121, 232, 121, 232, 232, 121, 332, 454, 454, 454, 221, 232, 443, 444, 565, 343,
565, 676, 665, 665, 787, 343, 332, 454, 454, 454, 454, 232, 454, 454, 454, 565,
454, 221, 232, 221, 222, 332, 121, 232, 443, 454, 565, 232, 232, 343, 454, 454,
343, 454, 676, 676, 565, 786, 565, 232, 454, 454, 454, 565, 232, 343, 454, 454,
454, 565, 222, 232, 232, 121, 332, 222, 121, 343, 454, 565, 343, 332, 454, 454,
454, 454, 232, 454, 454, 454, 565, 454, 222, 343, 454, 454, 565, 343, 333, 454,
454, 454, 676, 232, 121, 232, 121, 232, 232, 121, 332, 454, 454, 454, 221, 232,
443, 444, 565, 343, 565, 676, 665, 665, 787, 343, 332, 454, 454, 454, 454, 232,
454, 454, 454, 565, 454, 221, 232, 221, 222, 332, 121, 232, 443, 454, 565, 232,
232, 343, 454, 454, 343, 454, 676, 676, 565, 786, 565, 232, 454, 454, 454, 565,
232, 343, 454, 454, 454, 565, 222, 232, 232, 121, 332, 222, 121, 343, 454, 565,
343, 332, 454, 454, 454, 454, 232, 454, 454, 454, 565, 454, 222, 343, 454, 454,
565, 343, 333, 454, 454, 454, 676, 232, 121, 232, 121, 232, 232, 121, 332, 454,
454, 454, 221, 232, 443, 444, 565, 343, 565, 676, 665, 665, 787, 343, 332, 454,
454, 454, 454, 232, 454, 454, 454, 565, 454, 221, 232, 221, 222, 332, 121, 232,
443, 454, 565, 232, 232, 343, 454, 454, 343, 454, 676, 676, 565, 786, 565, 232,
454, 454, 454, 565, 232, 343, 454, 454, 454, 565, 222, 232, 232, 121, 332, 222,
121, 343, 454, 565, 343, 332, 454, 454, 454, 454, 232, 454, 454, 454, 565, 454,
121, 343, 454, 454, 676, 343, 232, 454, 454, 454, 776, 232, 121, 121, 121, 121,
121, 121, 332, 454, 565, 454, 221, 343, 454, 454, 665, 343, 454, 565, 454, 454,
565, 332, 232, 454, 444, 565, 565, 221, 444, 454, 444, 676, 444, 121, 121, 121,
121, 121, 121, 232, 443, 454, 565, 222, 332, 454, 454, 565, 443, 454, 565, 555,
454, 565, 454, 221, 443, 454, 454, 676, 222, 343, 454, 444, 565, 665, 222, 221,
121, 121, 121, 121, 221, 343, 454, 565, 343, 232, 454, 444, 565, 565, 221, 444,
454, 444, 665, 454, 121, 343, 454, 454, 676, 343, 232, 454, 454, 454, 776, 232,
121, 121, 121, 121, 121, 121, 332, 454, 565, 454, 221, 343, 454, 454, 665, 343,
454, 565, 454, 454, 565, 332, 232, 454, 444, 565, 565, 221, 444, 454, 444, 676,
444, 121, 121, 121, 121, 121, 121, 232, 443, 454, 565, 222, 332, 454, 454, 565,
443, 454, 565, 555, 454, 565, 454, 221, 443, 454, 454, 676, 222, 343, 454, 444,
565, 665, 222, 221, 121, 121, 121, 121, 221, 343, 454, 565, 343, 232, 454, 444,
565, 565, 221, 444, 454, 444, 665, 454, 121, 343, 454, 454, 676, 343, 232, 454,
454, 454, 776, 232, 121, 121, 121, 121, 121, 121, 332, 454, 565, 454, 221, 343,
454, 454, 665, 343, 454, 565, 454, 454, 565, 332, 232, 454, 444, 565, 565, 221,
444, 454, 444, 676, 444, 121, 121, 121, 121, 121, 121, 232, 443, 454, 565, 222,
332, 454, 454, 565, 443, 454, 565, 555, 454, 565, 454, 221, 443, 454, 454, 676,
222, 343, 454, 444, 565, 665, 222, 221, 121, 121, 121, 121, 221, 343, 454, 565,
343, 232, 454, 444, 565, 565, 221, 444, 454, 444, 665, 454, 121, 343, 454, 454,
676, 343, 232, 454, 454, 454, 776, 232, 121, 121, 121, 121, 121, 121, 332, 454,
565, 454, 221, 343, 454, 454, 665, 343, 454, 565, 454, 454, 565, 332, 232, 454,
444, 565, 565, 221, 444, 454, 444, 676, 444, 121, 121, 121, 121, 121, 121, 232,
443, 454, 565, 222, 332, 454, 454, 565, 443, 454, 565, 555, 454, 565, 454, 221,
443, 454, 454, 676, 222, 343, 454, 444, 565, 665, 222, 221, 121, 121, 121, 121,
221, 343, 454, 565, 343, 232, 454, 444, 565, 565, 221, 444, 454, 444, 665, 454,
121, 343, 454, 454, 676, 343, 222, 444, 454, 454, 676, 232, 333, 343, 343, 443,
443, 232, 332, 454, 565, 454, 232, 444, 454, 454, 676, 343, 444, 454, 454, 444,
565, 343, 232, 454, 454, 565, 565, 121, 343, 454, 444, 665, 443, 232, 343, 343,
443, 443, 343, 232, 444, 454, 565, 232, 343, 454, 454, 676, 443, 443, 454, 454,
454, 454, 454, 221, 443, 454, 454, 676, 222, 332, 454, 454, 554, 565, 232, 343,
343, 443, 443, 443, 232, 343, 454, 565, 343, 232, 454, 454, 565, 565, 222, 343,
454, 454, 565, 443, 121, 343, 454, 454, 676, 343, 222, 444, 454, 454, 676, 232,
333, 343, 343, 443, 443, 232, 332, 454, 565, 454, 232, 444, 454, 454, 676, 343,
444, 454, 454, 444, 565, 343, 232, 454, 454, 565, 565, 121, 343, 454, 444, 665,
443, 232, 343, 343, 443, 443, 343, 232, 444, 454, 565, 232, 343, 454, 454, 676,
443, 443, 454, 454, 454, 454, 454, 221, 443, 454, 454, 676, 222, 332, 454, 454,
554, 565, 232, 343, 343, 443, 443, 443, 232, 343, 454, 565, 343, 232, 454, 454,
565, 565, 222, 343, 454, 454, 565, 443, 121, 343, 454, 454, 676, 343, 222, 444,
454, 454, 676, 232, 333, 343, 343, 443, 443, 232, 332, 454, 565, 454, 232, 444,
454, 454, 676, 343, 444, 454, 454, 444, 565, 343, 232, 454, 454, 565, 565, 121,
343, 454, 444, 665, 443, 232, 343, 343, 443, 443, 343, 232, 444, 454, 565, 232,
343, 454, 454, 676, 443, 443, 454, 454, 454, 454, 454, 221, 443, 454, 454, 676,
222, 332, 454, 454, 554, 565, 232, 343, 343, 443, 443, 443, 232, 343, 454, 565,
343, 232, 454, 454, 565, 565, 222, 343, 454, 454, 565, 443, 121, 343, 454, 454,
676, 343, 222, 444, 454, 454, 676, 232, 333, 343, 343, 443, 443, 232, 332, 454,
565, 454, 232, 444, 454, 454, 676, 343, 444, 454, 454, 444, 565, 343, 232, 454,
454, 565, 565, 121, 343, 454, 444, 665, 443, 232, 343, 343, 443, 443, 343, 232,
444, 454, 565, 232, 343, 454, 454, 676, 443, 443, 454, 454, 454, 454, 454, 221,
443, 454, 454, 676, 222, 332, 454, 454, 554, 565, 232, 343, 343, 443, 443, 443,
232, 343, 454, 565, 343, 232, 454, 454, 565, 565, 222, 343, 454, 454, 565, 443,
121, 332, 454, 444, 565, 343, 121, 343, 454, 454, 554, 332, 554, 676, 676, 676,
676, 454, 222, 454, 565, 454, 332, 454, 454, 565, 665, 232, 343, 454, 454, 454,
565, 343, 222, 444, 454, 454, 454, 121, 332, 454, 454, 554, 443, 443, 565, 676,
676, 676, 565, 121, 343, 454, 565, 332, 444, 454, 454, 676, 343, 343, 454, 454,
454, 554, 565, 121, 343, 454, 454, 565, 222, 222, 454, 454, 454, 454, 343, 565,
676, 676, 676, 676, 232, 332, 454, 565, 343, 222, 444, 454, 454, 554, 222, 343,
454, 454, 454, 343, 121, 332, 454, 444, 565, 343, 121, 343, 454, 454, 554, 332,
554, 676, 676, 676, 676, 454, 222, 454, 565, 454, 332, 454, 454, 565, 665, 232,
343, 454, 454, 454, 565, 343, 222, 444, 454, 454, 454, 121, 332, 454, 454, 554,
443, 443, 565, 676, 676, 676, 565, 121, 343, 454, 565, 332, 444, 454, 454, 676,
343, 343, 454, 454, 454, 554, 565, 121, 343, 454, 454, 565, 222, 222, 454, 454,
454, 454, 343, 565, 676, 676, 676, 676, 232, 332, 454, 565, 343, 222, 444, 454,
454, 554, 222, 343, 454, 454, 454, 343, 121, 332, 454, 444, 565, 343, 121, 343,
454, 454, 554, 332, 554, 676, 676, 676, 676, 454, 222, 454, 565, 454, 332, 454,
454, 565, 665, 232, 343, 454, 454, 454, 565, 343, 222, 444, 454, 454, 454, 121,
332, 454, 454, 554, 443, 443, 565, 676, 676, 676, 565, 121, 343, 454, 565, 332,
444, 454, 454, 676, 343, 343, 454, 454, 454, 554, 565, 121, 343, 454, 454, 565,
222, 222, 454, 454, 454, 454, 343, 565, 676, 676, 676, 676, 232, 332, 454, 565,
343, 222, 444, 454, 454, 554, 222, 343, 454, 454, 454, 343, 121, 332, 454, 444,
565, 343, 121, 343, 454, 454, 554, 332, 554, 676, 676, 676, 676, 454, 222, 454,
565, 454, 332, 454, 454, 565, 665, 232, 343, 454, 454, 454, 565, 343, 222, 444,
454, 454, 454, 121, 332, 454, 454, 554, 443, 443, 565, 676, 676, 676, 565, 121,
343, 454, 565, 332, 444, 454, 454, 676, 343, 343, 454, 454, 454, 554, 565, 121,
343, 454, 454, 565, 222, 222, 454, 454, 454, 454, 343, 565, 676, 676, 676, 676,
232, 332, 454, 565, 343, 222, 444, 454, 454, 554, 222, 343, 454, 454, 454, 343,
221, 232, 343, 454, 565, 343, 221, 443, 454, 454, 554, 332, 332, 454, 565, 444,
554, 343, 232, 454, 555, 454, 332, 454, 454, 565, 565, 222, 343, 454, 454, 444,
554, 343, 221, 343, 454, 454, 554, 121, 343, 454, 454, 555, 443, 232, 443, 565,
454, 454, 554, 222, 443, 554, 554, 332, 443, 454, 454, 565, 343, 232, 454, 454,
454, 454, 454, 221, 232, 454, 454, 565, 222, 232, 454, 454, 454, 454, 232, 343,
554, 554, 444, 565, 232, 343, 454, 565, 343, 221, 343, 454, 454, 565, 221, 343,
454, 454, 454, 343, 221, 232, 343, 454, 565, 343, 221, 443, 454, 454, 554, 332,
332, 454, 565, 444, 554, 343, 232, 454, 555, 454, 332, 454, 454, 565, 565, 222,
343, 454, 454, 444, 554, 343, 221, 343, 454, 454, 554, 121, 343, 454, 454, 555,
443, 232, 443, 565, 454, 454, 554, 222, 443, 554, 554, 332, 443, 454, 454, 565,
343, 232, 454, 454, 454, 454, 454, 221, 232, 454, 454, 565, 222, 232, 454, 454,
454, 454, 232, 343, 554, 554, 444, 565, 232, 343, 454, 565, 343, 221, 343, 454,
454, 565, 221, 343, 454, 454, 454, 343, 221, 232, 343, 454, 565, 343, 221, 443,
454, 454, 554, 332, 332, 454, 565, 444, 554, 343, 232, 454, 555, 454, 332, 454,
454, 565, 565, 222, 343, 454, 454, 444, 554, 343, 221, 343, 454, 454, 554, 121,
343, 454, 454, 555, 443, 232, 443, 565, 454, 454, 554, 222, 443, 554, 554, 332,
443, 454, 454, 565, 343, 232, 454, 454, 454, 454, 454, 221, 232, 454, 454, 565,
222, 232, 454, 454, 454, 454, 232, 343, 554, 554, 444, 565, 232, 343, 454, 565,
343, 221, 343, 454, 454, 565, 221, 343, 454, 454, 454, 343, 221, 232, 343, 454,
565, 343, 221, 443, 454, 454, 554, 332, 332, 454, 565, 444, 554, 343, 232, 454,
555, 454, 332, 454, 454, 565, 565, 222, 343, 454, 454, 444, 554, 343, 221, 343,
454, 454, 554, 121, 343, 454, 454, 555, 443, 232, 443, 565, 454, 454, 554, 222,
443, 554, 554, 332, 443, 454, 454, 565, 343, 232, 454, 454, 454, 454, 454, 221,
232, 454, 454, 565, 222, 232, 454, 454, 454, 454, 232, 343, 554, 554, 444, 565,
232, 343, 454, 565, 343, 221, 343, 454, 454, 565, 221, 343, 454, 454, 454, 343,
232, 232, 343, 454, 665, 343, 332, 454, 454, 454, 554, 232, 232, 443, 454, 444,
565, 454, 343, 454, 454, 454, 232, 454, 454, 454, 554, 222, 333, 454, 454, 343,
454, 343, 332, 332, 444, 565, 554, 232, 444, 454, 454, 554, 343, 222, 343, 454,
444, 454, 565, 332, 454, 444, 454, 232, 443, 454, 454, 554, 343, 232, 444, 454,
443, 343, 454, 232, 232, 343, 454, 665, 232, 343, 454, 454, 454, 554, 232, 332,
454, 454, 454, 665, 333, 443, 454, 454, 343, 332, 332, 444, 555, 565, 232, 444,
454, 454, 454, 443, 232, 232, 343, 454, 665, 343, 332, 454, 454, 454, 554, 232,
232, 443, 454, 444, 565, 454, 343, 454, 454, 454, 232, 454, 454, 454, 554, 222,
333, 454, 454, 343, 454, 343, 332, 332, 444, 565, 554, 232, 444, 454, 454, 554,
343, 222, 343, 454, 444, 454, 565, 332, 454, 444, 454, 232, 443, 454, 454, 554,
343, 232, 444, 454, 443, 343, 454, 232, 232, 343, 454, 665, 232, 343, 454, 454,
454, 554, 232, 332, 454, 454, 454, 665, 333, 443, 454, 454, 343, 332, 332, 444,
555, 565, 232, 444, 454, 454, 454, 443, 232, 232, 343, 454, 665, 343, 332, 454,
454, 454, 554, 232, 232, 443, 454, 444, 565, 454, 343, 454, 454, 454, 232, 454,
454, 454, 554, 222, 333, 454, 454, 343, 454, 343, 332, 332, 444, 565, 554, 232,
444, 454, 454, 554, 343, 222, 343, 454, 444, 454, 565, 332, 454, 444, 454, 232,
443, 454, 454, 554, 343, 232, 444, 454, 443, 343, 454, 232, 232, 343, 454, 665,
232, 343, 454, 454, 454, 554, 232, 332, 454, 454, 454, 665, 333, 443, 454, 454,
343, 332, 332, 444, 555, 565, 232, 444, 454, 454, 454, 443, 232, 232, 343, 454,
665, 343, 332, 454, 454, 454, 554, 232, 232, 443, 454, 444, 565, 454, 343, 454,
454, 454, 232, 454, 454, 454, 554, 222, 333, 454, 454, 343, 454, 343, 332, 332,
444, 565, 554, 232, 444, 454, 454, 554, 343, 222, 343, 454, 444, 454, 565, 332,
454, 444, 454, 232, 443, 454, 454, 554, 343, 232, 444, 454, 443, 343, 454, 232,
232, 343, 454, 665, 232, 343, 454, 454, 454, 554, 232, 332, 454, 454, 454, 665,
333, 443, 454, 454, 343, 332, 332, 444, 555, 565, 232, 444, 454, 454, 454, 443,
232, 343, 443, 343, 454, 343, 343, 454, 454, 454, 565, 232, 333, 454, 454, 343,
454, 343, 343, 443, 343, 454, 221, 443, 454, 454, 454, 232, 232, 454, 343, 232,
443, 343, 343, 443, 343, 454, 454, 332, 454, 454, 454, 565, 343, 232, 454, 454,
343, 343, 454, 332, 454, 343, 454, 222, 343, 454, 454, 555, 343, 232, 343, 444,
232, 232, 454, 332, 343, 343, 343, 454, 232, 443, 454, 454, 565, 565, 121, 343,
454, 443, 343, 454, 332, 343, 343, 454, 343, 343, 443, 343, 454, 454, 333, 454,
454, 454, 565, 443, 232, 343, 443, 343, 454, 343, 343, 454, 454, 454, 565, 232,
333, 454, 454, 343, 454, 343, 343, 443, 343, 454, 221, 443, 454, 454, 454, 232,
232, 454, 343, 232, 443, 343, 343, 443, 343, 454, 454, 332, 454, 454, 454, 565,
343, 232, 454, 454, 343, 343, 454, 332, 454, 343, 454, 222, 343, 454, 454, 555,
343, 232, 343, 444, 232, 232, 454, 332, 343, 343, 343, 454, 232, 443, 454, 454,
565, 565, 121, 343, 454, 443, 343, 454, 332, 343, 343, 454, 343, 343, 443, 343,
454, 454, 333, 454, 454, 454, 565, 443, 232, 343, 443, 343, 454, 343, 343, 454,
454, 454, 565, 232, 333, 454, 454, 343, 454, 343, 343, 443, 343, 454, 221, 443,
454, 454, 454, 232, 232, 454, 343, 232, 443, 343, 343, 443, 343, 454, 454, 332,
454, 454, 454, 565, 343, 232, 454, 454, 343, 343, 454, 332, 454, 343, 454, 222,
343, 454, 454, 555, 343, 232, 343, 444, 232, 232, 454, 332, 343, 343, 343, 454,
232, 443, 454, 454, 565, 565, 121, 343, 454, 443, 343, 454, 332, 343, 343, 454,
343, 343, 443, 343, 454, 454, 333, 454, 454, 454, 565, 443, 232, 343, 443, 343,
454, 343, 343, 454, 454, 454, 565, 232, 333, 454, 454, 343, 454, 343, 343, 443,
343, 454, 221, 443, 454, 454, 454, 232, 232, 454, 343, 232, 443, 343, 343, 443,
343, 454, 454, 332, 454, 454, 454, 565, 343, 232, 454, 454, 343, 343, 454, 332,
454, 343, 454, 222, 343, 454, 454, 555, 343, 232, 343, 444, 232, 232, 454, 332,
343, 343, 343, 454, 232, 443, 454, 454, 565, 565, 121, 343, 454, 443, 343, 454,
332, 343, 343, 454, 343, 343, 443, 343, 454, 454, 333, 454, 454, 454, 565, 443,
121, 343, 343, 222, 454, 332, 232, 454, 454, 444, 454, 232, 332, 454, 343, 232,
443, 343, 232, 232, 232, 443, 221, 343, 443, 343, 454, 232, 343, 343, 232, 221,
454, 332, 232, 443, 232, 343, 443, 222, 444, 454, 454, 454, 343, 222, 444, 454,
232, 333, 454, 232, 332, 232, 443, 222, 232, 454, 343, 454, 343, 332, 443, 332,
221, 343, 444, 221, 343, 332, 232, 454, 222, 343, 454, 454, 454, 454, 221, 343,
454, 343, 232, 454, 332, 332, 232, 343, 333, 232, 443, 232, 343, 454, 221, 343,
454, 444, 454, 343, 121, 343, 343, 222, 454, 332, 232, 454, 454, 444, 454, 232,
332, 454, 343, 232, 443, 343, 232, 232, 232, 443, 221, 343, 443, 343, 454, 232,
343, 343, 232, 221, 454, 332, 232, 443, 232, 343, 443, 222, 444, 454, 454, 454,
343, 222, 444, 454, 232, 333, 454, 232, 332, 232, 443, 222, 232, 454, 343, 454,
343, 332, 443, 332, 221, 343, 444, 221, 343, 332, 232, 454, 222, 343, 454, 454,
454, 454, 221, 343, 454, 343, 232, 454, 332, 332, 232, 343, 333, 232, 443, 232,
343, 454, 221, 343, 454, 444, 454, 343, 121, 343, 343, 222, 454, 332, 232, 454,
454, 444, 454, 232, 332, 454, 343, 232, 443, 343, 232, 232, 232, 443, 221, 343,
443, 343, 454, 232, 343, 343, 232, 221, 454, 332, 232, 443, 232, 343, 443, 222,
444, 454, 454, 454, 343, 222, 444, 454, 232, 333, 454, 232, 332, 232, 443, 222,
232, 454, 343, 454, 343, 332, 443, 332, 221, 343, 444, 221, 343, 332, 232, 454,
222, 343, 454, 454, 454, 454, 221, 343, 454, 343, 232, 454, 332, 332, 232, 343,
333, 232, 443, 232, 343, 454, 221, 343, 454, 444, 454, 343, 121, 343, 343, 222,
454, 332, 232, 454, 454, 444, 454, 232, 332, 454, 343, 232, 443, 343, 232, 232,
232, 443, 221, 343, 443, 343, 454, 232, 343, 343, 232, 221, 454, 332, 232, 443,
232, 343, 443, 222, 444, 454, 454, 454, 343, 222, 444, 454, 232, 333, 454, 232,
332, 232, 443, 222, 232, 454, 343, 454, 343, 332, 443, 332, 221, 343, 444, 221,
343, 332, 232, 454, 222, 343, 454, 454, 454, 454, 221, 343, 454, 343, 232, 454,
332, 332, 232, 343, 333, 232, 443, 232, 343, 454, 221, 343, 454, 444, 454, 343,
121, 232, 232, 121, 232, 232, 222, 343, 333, 332, 332, 221, 221, 332, 232, 221,
332, 232, 222, 121, 232, 232, 121, 232, 332, 221, 232, 232, 332, 232, 221, 332,
332, 222, 121, 232, 121, 232, 232, 121, 343, 343, 343, 332, 222, 121, 332, 332,
221, 232, 232, 232, 121, 232, 332, 121, 121, 343, 232, 232, 232, 332, 232, 121,
232, 332, 232, 121, 232, 222, 121, 232, 121, 222, 343, 343, 343, 232, 121, 232,
332, 222, 222, 332, 232, 221, 221, 332, 222, 121, 332, 222, 232, 332, 121, 232,
332, 332, 332, 232, 121, 232, 232, 121, 232, 232, 222, 343, 333, 332, 332, 221,
221, 332, 232, 221, 332, 232, 222, 121, 232, 232, 121, 232, 332, 221, 232, 232,
332, 232, 221, 332, 332, 222, 121, 232, 121, 232, 232, 121, 343, 343, 343, 332,
222, 121, 332, 332, 221, 232, 232, 232, 121, 232, 332, 121, 121, 343, 232, 232,
232, 332, 232, 121, 232, 332, 232, 121, 232, 222, 121, 232, 121, 222, 343, 343,
343, 232, 121, 232, 332, 222, 222, 332, 232, 221, 221, 332, 222, 121, 332, 222,
232, 332, 121, 232, 332, 332, 332, 232, 121, 232, 232, 121, 232, 232, 222, 343,
333, 332, 332, 221, 221, 332, 232, 221, 332, 232, 222, 121, 232, 232, 121, 232,
332, 221, 232, 232, 332, 232, 221, 332, 332, 222, 121, 232, 121, 232, 232, 121,
343, 343, 343, 332, 222, 121, 332, 332, 221, 232, 232, 232, 121, 232, 332, 121,
121, 343, 232, 232, 232, 332, 232, 121, 232, 332, 232, 121, 232, 222, 121, 232,
121, 222, 343, 343, 343, 232, 121, 232, 332, 222, 222, 332, 232, 221, 221, 332,
222, 121, 332, 222, 232, 332, 121, 232, 332, 332, 332, 232, 121, 232, 232, 121,
232, 232, 222, 343, 333, 332, 332, 221, 221, 332, 232, 221, 332, 232, 222, 121,
232, 232, 121, 232, 332, 221, 232, 232, 332, 232, 221, 332, 332, 222, 121, 232,
121, 232, 232, 121, 343, 343, 343, 332, 222, 121, 332, 332, 221, 232, 232, 232,
121, 232, 332, 121, 121, 343, 232, 232, 232, 332, 232, 121, 232, 332, 232, 121,
232, 222, 121, 232, 121, 222, 343, 343, 343, 232, 121, 232, 332, 222, 222, 332,
232, 221, 221, 332, 222, 121, 332, 222, 232, 332, 121, 232, 332, 332, 332, 232,
121, 221, 221, 221, 221, 232, 232, 232, 222, 222, 221, 121, 221, 222, 222, 221,
121, 221, 221, 221, 221, 221, 221, 232, 222, 221, 221, 221, 222, 221, 222, 222,
222, 121, 221, 221, 221, 221, 221, 222, 232, 232, 222, 221, 121, 221, 222, 222,
221, 121, 221, 221, 221, 221, 222, 221, 121, 222, 232, 221, 222, 222, 221, 221,
222, 222, 221, 121, 221, 221, 221, 221, 222, 222, 232, 232, 222, 121, 221, 221,
222, 222, 221, 121, 221, 221, 221, 222, 221, 121, 232, 222, 232, 222, 221, 221,
222, 222, 222, 221, 121, 221, 221, 221, 221, 232, 232, 232, 222, 222, 221, 121,
221, 222, 222, 221, 121, 221, 221, 221, 221, 221, 221, 232, 222, 221, 221, 221,
222, 221, 222, 222, 222, 121, 221, 221, 221, 221, 221, 222, 232, 232, 222, 221,
121, 221, 222, 222, 221, 121, 221, 221, 221, 221, 222, 221, 121, 222, 232, 221,
222, 222, 221, 221, 222, 222, 221, 121, 221, 221, 221, 221, 222, 222, 232, 232,
222, 121, 221, 221, 222, 222, 221, 121, 221, 221, 221, 222, 221, 121, 232, 222,
232, 222, 221, 221, 222, 222, 222, 221, 121, 221, 221, 221, 221, 232, 232, 232,
222, 222, 221, 121, 221, 222, 222, 221, 121, 221, 221, 221, 221, 221, 221, 232,
222, 221, 221, 221, 222, 221, 222, 222, 222, 121, 221, 221, 221, 221, 221, 222,
232, 232, 222, 221, 121, 221, 222, 222, 221, 121, 221, 221, 221, 221, 222, 221,
121, 222, 232, 221, 222, 222, 221, 221, 222, 222, 221, 121, 221, 221, 221, 221,
222, 222, 232, 232, 222, 121, 221, 221, 222, 222, 221, 121, 221, 221, 221, 222,
221, 121, 232, 222, 232, 222, 221, 221, 222, 222, 222, 221, 121, 221, 221, 221,
221, 232, 232, 232, 222, 222, 221, 121, 221, 222, 222, 221, 121, 221, 221, 221,
221, 221, 221, 232, 222, 221, 221, 221, 222, 221, 222, 222, 222, 121, 221, 221,
221, 221, 221, 222, 232, 232, 222, 221, 121, 221, 222, 222, 221, 121, 221, 221,
221, 221, 222, 221, 121, 222, 232, 221, 222, 222, 221, 221, 222, 222, 221, 121,
221, 221, 221, 221, 222, 222, 232, 232, 222, 121, 221, 221, 222, 222, 221, 121,
221, 221, 221, 222, 221, 121, 232, 222, 232, 222, 221, 221, 222, 222, 222, 221,
232, 565, 565, 565, 665, 676, 676, 776, 676, 676, 454, 343, 565, 676, 676, 675,
232, 565, 565, 676, 665, 676, 343, 565, 565, 565, 565, 676, 676, 565, 676, 665,
676, 343, 454, 565, 565, 565, 676, 676, 676, 676, 665, 676, 232, 565, 676, 676,
776, 333, 454, 565, 565, 675, 676, 454, 443, 565, 565, 565, 665, 676, 565, 676,
676, 676, 565, 343, 565, 565, 565, 676, 676, 676, 787, 665, 676, 343, 454, 665,
676, 786, 454, 343, 565, 565, 676, 665, 665, 332, 565, 676, 565, 665, 676, 676,
776, 665, 676, 454, 232, 565, 565, 565, 665, 676, 676, 776, 676, 676, 454, 343,
565, 676, 676, 675, 232, 565, 565, 676, 665, 676, 343, 565, 565, 565, 565, 676,
676, 565, 676, 665, 676, 343, 454, 565, 565, 565, 676, 676, 676, 676, 665, 676,
232, 565, 676, 676, 776, 333, 454, 565, 565, 675, 676, 454, 443, 565, 565, 565,
665, 676, 565, 676, 676, 676, 565, 343, 565, 565, 565, 676, 676, 676, 787, 665,
676, 343, 454, 665, 676, 786, 454, 343, 565, 565, 676, 665, 665, 332, 565, 676,
565, 665, 676, 676, 776, 665, 676, 454, 232, 565, 565, 565, 665, 676, 676, 776,
676, 676, 454, 343, 565, 676, 676, 675, 232, 565, 565, 676, 665, 676, 343, 565,
565, 565, 565, 676, 676, 565, 676, 665, 676, 343, 454, 565, 565, 565, 676, 676,
676, 676, 665, 676, 232, 565, 676, 676, 776, 333, 454, 565, 565, 675, 676, 454,
443, 565, 565, 565, 665, 676, 565, 676, 676, 676, 565, 343, 565, 565, 565, 676,
676, 676, 787, 665, 676, 343, 454, 665, 676, 786, 454, 343, 565, 565, 676, 665,
665, 332, 565, 676, 565, 665, 676, 676, 776, 665, 676, 454, 232, 565, 565, 565,
665, 676, 676, 776, 676, 676, 454, 343, 565, 676, 676, 675, 232, 565, 565, 676,
665, 676, 343, 565, 565, 565, 565, 676, 676, 565, 676, 665, 676, 343, 454, 565,
565, 565, 676, 676, 676, 676, 665, 676, 232, 565, 676, 676, 776, 333, 454, 565,
565, 675, 676, 454, 443, 565, 565, 565, 665, 676, 565, 676, 676, 676, 565, 343,
565, 565, 565, 676, 676, 676, 787, 665, 676, 343, 454, 665, 676, 786, 454, 343,
565, 565, 676, 665, 665, 332, 565, 676, 565, 665, 676, 676, 776, 665, 676, 454,
232, 565, 676, 454, 554, 676, 454, 565, 554, 676, 454, 343, 565, 676, 676, 676,
232, 454, 665, 565, 554, 676, 343, 565, 565, 565, 675, 454, 565, 787, 676, 554,
676, 443, 454, 676, 565, 454, 676, 565, 565, 565, 565, 565, 232, 454, 676, 676,
787, 343, 443, 565, 565, 565, 565, 454, 454, 565, 554, 676, 565, 554, 776, 786,
565, 565, 565, 343, 676, 665, 454, 565, 565, 565, 565, 565, 676, 343, 443, 565,
676, 787, 554, 343, 565, 565, 565, 555, 565, 332, 665, 676, 454, 565, 665, 454,
565, 554, 676, 444, 232, 565, 676, 454, 554, 676, 454, 565, 554, 676, 454, 343,
565, 676, 676, 676, 232, 454, 665, 565, 554, 676, 343, 565, 565, 565, 675, 454,
565, 787, 676, 554, 676, 443, 454, 676, 565, 454, 676, 565, 565, 565, 565, 565,
232, 454, 676, 676, 787, 343, 443, 565, 565, 565, 565, 454, 454, 565, 554, 676,
565, 554, 776, 786, 565, 565, 565, 343, 676, 665, 454, 565, 565, 565, 565, 565,
676, 343, 443, 565, 676, 787, 554, 343, 565, 565, 565, 555, 565, 332, 665, 676,
454, 565, 665, 454, 565, 554, 676, 444, 232, 565, 676, 454, 554, 676, 454, 565,
554, 676, 454, 343, 565, 676, 676, 676, 232, 454, 665, 565, 554, 676, 343, 565,
565, 565, 675, 454, 565, 787, 676, 554, 676, 443, 454, 676, 565, 454, 676, 565,
565, 565, 565, 565, 232, 454, 676, 676, 787, 343, 443, 565, 565, 565, 565, 454,
454, 565, 554, 676, 565, 554, 776, 786, 565, 565, 565, 343, 676, 665, 454, 565,
565, 565, 565, 565, 676, 343, 443, 565, 676, 787, 554, 343, 565, 565, 565, 555,
565, 332, 665, 676, 454, 565, 665, 454, 565, 554, 676, 444, 232, 565, 676, 454,
554, 676, 454, 565, 554, 676, 454, 343, 565, 676, 676, 676, 232, 454, 665, 565,
554, 676, 343, 565, 565, 565, 675, 454, 565, 787, 676, 554, 676, 443, 454, 676,
565, 454, 676, 565, 565, 565, 565, 565, 232, 454, 676, 676, 787, 343, 443, 565,
565, 565, 565, 454, 454, 565, 554, 676, 565, 554, 776, 786, 565, 565, 565, 343,
676, 665, 454, 565, 565, 565, 565, 565, 676, 343, 443, 565, 676, 787, 554, 343,
565, 565, 565, 555, 565, 332, 665, 676, 454, 565, 665, 454, 565, 554, 676, 444,
232, 454, 565, 565, 454, 454, 454, 454, 454, 343, 222, 232, 454, 554, 776, 676,
232, 454, 454, 454, 454, 676, 443, 443, 454, 454, 454, 554, 454, 565, 565, 454,
565, 443, 343, 454, 565, 454, 454, 454, 454, 454, 343, 232, 221, 343, 454, 676,
786, 343, 343, 454, 454, 454, 565, 554, 443, 454, 454, 454, 555, 454, 554, 676,
454, 454, 554, 333, 454, 565, 454, 454, 454, 454, 454, 443, 232, 221, 332, 454,
565, 787, 454, 333, 454, 454, 454, 454, 665, 343, 454, 565, 565, 454, 454, 454,
454, 454, 332, 221, 232, 454, 565, 565, 454, 454, 454, 454, 454, 343, 222, 232,
454, 554, 776, 676, 232, 454, 454, 454, 454, 676, 443, 443, 454, 454, 454, 554,
454, 565, 565, 454, 565, 443, 343, 454, 565, 454, 454, 454, 454, 454, 343, 232,
221, 343, 454, 676, 786, 343, 343, 454, 454, 454, 565, 554, 443, 454, 454, 454,
555, 454, 554, 676, 454, 454, 554, 333, 454, 565, 454, 454, 454, 454, 454, 443,
232, 221, 332, 454, 565, 787, 454, 333, 454, 454, 454, 454, 665, 343, 454, 565,
565, 454, 454, 454, 454, 454, 332, 221, 232, 454, 565, 565, 454, 454, 454, 454,
454, 343, 222, 232, 454, 554, 776, 676, 232, 454, 454, 454, 454, 676, 443, 443,
454, 454, 454, 554, 454, 565, 565, 454, 565, 443, 343, 454, 565, 454, 454, 454,
454, 454, 343, 232, 221, 343, 454, 676, 786, 343, 343, 454, 454, 454, 565, 554,
443, 454, 454, 454, 555, 454, 554, 676, 454, 454, 554, 333, 454, 565, 454, 454,
454, 454, 454, 443, 232, 221, 332, 454, 565, 787, 454, 333, 454, 454, 454, 454,
665, 343, 454, 565, 565, 454, 454, 454, 454, 454, 332, 221, 232, 454, 565, 565,
454, 454, 454, 454, 454, 343, 222, 232, 454, 554, 776, 676, 232, 454, 454, 454,
454, 676, 443, 443, 454, 454, 454, 554, 454, 565, 565, 454, 565, 443, 343, 454,
565, 454, 454, 454, 454, 454, 343, 232, 221, 343, 454, 676, 786, 343, 343, 454,
454, 454, 565, 554, 443, 454, 454, 454, 555, 454, 554, 676, 454, 454, 554, 333,
454, 565, 454, 454, 454, 454, 454, 443, 232, 221, 332, 454, 565, 787, 454, 333,
454, 454, 454, 454, 665, 343, 454, 565, 565, 454, 454, 454, 454, 454, 332, 221,
232, 444, 454, 454, 454, 454, 454, 333, 343, 221, 121, 121, 343, 454, 565, 565,
232, 444, 454, 454, 454, 676, 343, 343, 454, 454, 454, 454, 454, 454, 454, 454,
565, 443, 343, 454, 454, 454, 454, 454, 343, 343, 232, 121, 121, 232, 454, 454,
676, 232, 343, 454, 454, 444, 565, 554, 333, 444, 454, 454, 454, 454, 454, 454,
454, 454, 554, 332, 454, 454, 454, 454, 454, 454, 333, 343, 121, 121, 222, 343,
454, 565, 454, 232, 454, 454, 454, 454, 565, 343, 454, 454, 454, 454, 454, 454,
333, 343, 121, 121, 232, 444, 454, 454, 454, 454, 454, 333, 343, 221, 121, 121,
343, 454, 565, 565, 232, 444, 454, 454, 454, 676, 343, 343, 454, 454, 454, 454,
454, 454, 454, 454, 565, 443, 343, 454, 454, 454, 454, 454, 343, 343, 232, 121,
121, 232, 454, 454, 676, 232, 343, 454, 454, 444, 565, 554, 333, 444, 454, 454,
454, 454, 454, 454, 454, 454, 554, 332, 454, 454, 454, 454, 454, 454, 333, 343,
121, 121, 222, 343, 454, 565, 454, 232, 454, 454, 454, 454, 565, 343, 454, 454,
454, 454, 454, 454, 333, 343, 121, 121, 232, 444, 454, 454, 454, 454, 454, 333,
343, 221, 121, 121, 343, 454, 565, 565, 232, 444, 454, 454, 454, 676, 343, 343,
454, 454, 454, 454, 454, 454, 454, 454, 565, 443, 343, 454, 454, 454, 454, 454,
343, 343, 232, 121, 121, 232, 454, 454, 676, 232, 343, 454, 454, 444, 565, 554,
333, 444, 454, 454, 454, 454, 454, 454, 454, 454, 554, 332, 454, 454, 454, 454,
454, 454, 333, 343, 121, 121, 222, 343, 454, 565, 454, 232, 454, 454, 454, 454,
565, 343, 454, 454, 454, 454, 454, 454, 333, 343, 121, 121, 232, 444, 454, 454,
454, 454, 454, 333, 343, 221, 121, 121, 343, 454, 565, 565, 232, 444, 454, 454,
454, 676, 343, 343, 454, 454, 454, 454, 454, 454, 454, 454, 565, 443, 343, 454,
454, 454, 454, 454, 343, 343, 232, 121, 121, 232, 454, 454, 676, 232, 343, 454,
454, 444, 565, 554, 333, 444, 454, 454, 454, 454, 454, 454, 454, 454, 554, 332,
454, 454, 454, 454, 454, 454, 333, 343, 121, 121, 222, 343, 454, 565, 454, 232,
454, 454, 454, 454, 565, 343, 454, 454, 454, 454, 454, 454, 333, 343, 121, 121,
232, 443, 444, 454, 454, 454, 454, 343, 222, 222, 232, 221, 343, 454, 454, 454,
221, 343, 454, 454, 454, 565, 332, 222, 444, 454, 454, 454, 454, 454, 454, 454,
454, 343, 343, 443, 454, 454, 454, 454, 444, 232, 221, 232, 121, 343, 454, 454,
565, 232, 333, 454, 454, 454, 554, 454, 221, 343, 454, 454, 454, 454, 454, 454,
454, 454, 454, 332, 443, 454, 454, 454, 454, 454, 333, 221, 232, 221, 232, 454,
454, 454, 443, 222, 454, 454, 454, 454, 565, 343, 454, 444, 454, 454, 454, 454,
343, 222, 232, 222, 232, 443, 444, 454, 454, 454, 454, 343, 222, 222, 232, 221,
343, 454, 454, 454, 221, 343, 454, 454, 454, 565, 332, 222, 444, 454, 454, 454,
454, 454, 454, 454, 454, 343, 343, 443, 454, 454, 454, 454, 444, 232, 221, 232,
121, 343, 454, 454, 565, 232, 333, 454, 454, 454, 554, 454, 221, 343, 454, 454,
454, 454, 454, 454, 454, 454, 454, 332, 443, 454, 454, 454, 454, 454, 333, 221,
232, 221, 232, 454, 454, 454, 443, 222, 454, 454, 454, 454, 565, 343, 454, 444,
454, 454, 454, 454, 343, 222, 232, 222, 232, 443, 444, 454, 454, 454, 454, 343,
222, 222, 232, 221, 343, 454, 454, 454, 221, 343, 454, 454, 454, 565, 332, 222,
444, 454, 454, 454, 454, 454, 454, 454, 454, 343, 343, 443, 454, 454, 454, 454,
444, 232, 221, 232, 121, 343, 454, 454, 565, 232, 333, 454, 454, 454, 554, 454,
221, 343, 454, 454, 454, 454, 454, 454, 454, 454, 454, 332, 443, 454, 454, 454,
454, 454, 333, 221, 232, 221, 232, 454, 454, 454, 443, 222, 454, 454, 454, 454,
565, 343, 454, 444, 454, 454, 454, 454, 343, 222, 232, 222, 232, 443, 444, 454,
454, 454, 454, 343, 222, 222, 232, 221, 343, 454, 454, 454, 221, 343, 454, 454,
454, 565, 332, 222, 444, 454, 454, 454, 454, 454, 454, 454, 454, 343, 343, 443,
454, 454, 454, 454, 444, 232, 221, 232, 121, 343, 454, 454, 565, 232, 333, 454,
454, 454, 554, 454, 221, 343, 454, 454, 454, 454, 454, 454, 454, 454, 454, 332,
443, 454, 454, 454, 454, 454, 333, 221, 232, 221, 232, 454, 454, 454, 443, 222,
454, 454, 454, 454, 565, 343, 454, 444, 454, 454, 454, 454, 343, 222, 232, 222,
221, 232, 343, 454, 444, 343, 333, 232, 222, 343, 222, 222, 444, 454, 454, 565,
221, 332, 454, 454, 454, 565, 232, 121, 232, 454, 454, 454, 454, 454, 454, 454,
565, 343, 232, 332, 454, 454, 343, 343, 333, 222, 332, 232, 121, 343, 454, 444,
565, 332, 222, 443, 454, 454, 554, 454, 121, 222, 443, 454, 454, 454, 454, 454,
454, 554, 454, 232, 232, 443, 454, 443, 343, 333, 232, 232, 343, 121, 332, 454,
454, 454, 454, 121, 343, 454, 454, 454, 565, 232, 232, 343, 454, 444, 343, 333,
232, 222, 343, 222, 221, 232, 343, 454, 444, 343, 333, 232, 222, 343, 222, 222,
444, 454, 454, 565, 221, 332, 454, 454, 454, 565, 232, 121, 232, 454, 454, 454,
454, 454, 454, 454, 565, 343, 232, 332, 454, 454, 343, 343, 333, 222, 332, 232,
121, 343, 454, 444, 565, 332, 222, 443, 454, 454, 554, 454, 121, 222, 443, 454,
454, 454, 454, 454, 454, 554, 454, 232, 232, 443, 454, 443, 343, 333, 232, 232,
343, 121, 332, 454, 454, 454, 454, 121, 343, 454, 454, 454, 565, 232, 232, 343,
454, 444, 343, 333, 232, 222, 343, 222, 221, 232, 343, 454, 444, 343, 333, 232,
222, 343, 222, 222, 444, 454, 454, 565, 221, 332, 454, 454, 454, 565, 232, 121,
232, 454, 454, 454, 454, 454, 454, 454, 565, 343, 232, 332, 454, 454, 343, 343,
333, 222, 332, 232, 121, 343, 454, 444, 565, 332, 222, 443, 454, 454, 554, 454,
121, 222, 443, 454, 454, 454, 454, 454, 454, 554, 454, 232, 232, 443, 454, 443,
343, 333, 232, 232, 343, 121, 332, 454, 454, 454, 454, 121, 343, 454, 454, 454,
565, 232, 232, 343, 454, 444, 343, 333, 232, 222, 343, 222, 221, 232, 343, 454,
444, 343, 333, 232, 222, 343, 222, 222, 444, 454, 454, 565, 221, 332, 454, 454,
454, 565, 232, 121, 232, 454, 454, 454, 454, 454, 454, 454, 565, 343, 232, 332,
454, 454, 343, 343, 333, 222, 332, 232, 121, 343, 454, 444, 565, 332, 222, 443,
454, 454, 554, 454, 121, 222, 443, 454, 454, 454, 454, 454, 454, 554, 454, 232,
232, 443, 454, 443, 343, 333, 232, 232, 343, 121, 332, 454, 454, 454, 454, 121,
343, 454, 454, 454, 565, 232, 232, 343, 454, 444, 343, 333, 232, 222, 343, 222,
121, 232, 343, 343, 343, 232, 221, 121, 221, 332, 121, 232, 454, 454, 454, 565,
121, 232, 443, 454, 454, 343, 222, 121, 121, 343, 454, 454, 454, 454, 454, 444,
665, 343, 121, 332, 343, 343, 232, 221, 221, 121, 332, 222, 222, 443, 454, 454,
565, 232, 121, 343, 454, 454, 444, 232, 121, 121, 332, 454, 454, 454, 454, 454,
444, 565, 565, 121, 232, 343, 343, 232, 232, 221, 121, 232, 232, 121, 343, 454,
454, 565, 454, 121, 332, 454, 454, 444, 343, 221, 232, 343, 343, 343, 222, 221,
121, 232, 232, 121, 121, 232, 343, 343, 343, 232, 221, 121, 221, 332, 121, 232,
454, 454, 454, 565, 121, 232, 443, 454, 454, 343, 222, 121, 121, 343, 454, 454,
454, 454, 454, 444, 665, 343, 121, 332, 343, 343, 232, 221, 221, 121, 332, 222,
222, 443, 454, 454, 565, 232, 121, 343, 454, 454, 444, 232, 121, 121, 332, 454,
454, 454, 454, 454, 444, 565, 565, 121, 232, 343, 343, 232, 232, 221, 121, 232,
232, 121, 343, 454, 454, 565, 454, 121, 332, 454, 454, 444, 343, 221, 232, 343,
343, 343, 222, 221, 121, 232, 232, 121, 121, 232, 343, 343, 343, 232, 221, 121,
221, 332, 121, 232, 454, 454, 454, 565, 121, 232, 443, 454, 454, 343, 222, 121,
121, 343, 454, 454, 454, 454, 454, 444, 665, 343, 121, 332, 343, 343, 232, 221,
221, 121, 332, 222, 222, 443, 454, 454, 565, 232, 121, 343, 454, 454, 444, 232,
121, 121, 332, 454, 454, 454, 454, 454, 444, 565, 565, 121, 232, 343, 343, 232,
232, 221, 121, 232, 232, 121, 343, 454, 454, 565, 454, 121, 332, 454, 454, 444,
343, 221, 232, 343, 343, 343, 222, 221, 121, 232, 232, 121, 121, 232, 343, 343,
343, 232, 221, 121, 221, 332, 121, 232, 454, 454, 454, 565, 121, 232, 443, 454,
454, 343, 222, 121, 121, 343, 454, 454, 454, 454, 454, 444, 665, 343, 121, 332,
343, 343, 232, 221, 221, 121, 332, 222, 222, 443, 454, 454, 565, 232, 121, 343,
454, 454, 444, 232, 121, 121, 332, 454, 454, 454, 454, 454, 444, 565, 565, 121,
232, 343, 343, 232, 232, 221, 121, 232, 232, 121, 343, 454, 454, 565, 454, 121,
332, 454, 454, 444, 343, 221, 232, 343, 343, 343, 222, 221, 121, 232, 232, 121,
121, 121, 222, 222, 221, 111, 121, 121, 121, 121, 121, 343, 454, 454, 454, 565,
221, 232, 343, 454, 343, 232, 222, 121, 222, 232, 343, 454, 443, 343, 454, 454,
676, 343, 121, 222, 222, 222, 121, 121, 121, 121, 121, 121, 232, 454, 454, 454,
676, 332, 221, 232, 443, 454, 332, 232, 121, 222, 221, 343, 454, 454, 343, 443,
454, 565, 554, 121, 221, 222, 222, 121, 111, 121, 121, 121, 121, 221, 443, 454,
454, 565, 454, 121, 232, 343, 454, 343, 343, 121, 121, 222, 222, 221, 111, 121,
121, 121, 121, 121, 121, 121, 222, 222, 221, 111, 121, 121, 121, 121, 121, 343,
454, 454, 454, 565, 221, 232, 343, 454, 343, 232, 222, 121, 222, 232, 343, 454,
443, 343, 454, 454, 676, 343, 121, 222, 222, 222, 121, 121, 121, 121, 121, 121,
232, 454, 454, 454, 676, 332, 221, 232, 443, 454, 332, 232, 121, 222, 221, 343,
454, 454, 343, 443, 454, 565, 554, 121, 221, 222, 222, 121, 111, 121, 121, 121,
121, 221, 443, 454, 454, 565, 454, 121, 232, 343, 454, 343, 343, 121, 121, 222,
222, 221, 111, 121, 121, 121, 121, 121, 121, 121, 222, 222, 221, 111, 121, 121,
121, 121, 121, 343, 454, 454, 454, 565, 221, 232, 343, 454, 343, 232, 222, 121,
222, 232, 343, 454, 443, 343, 454, 454, 676, 343, 121, 222, 222, 222, 121, 121,
121, 121, 121, 121, 232, 454, 454, 454, 676, 332, 221, 232, 443, 454, 332, 232,
121, 222, 221, 343, 454, 454, 343, 443, 454, 565, 554, 121, 221, 222, 222, 121,
111, 121, 121, 121, 121, 221, 443, 454, 454, 565, 454, 121, 232, 343, 454, 343,
343, 121, 121, 222, 222, 221, 111, 121, 121, 121, 121, 121, 121, 121, 222, 222,
221, 111, 121, 121, 121, 121, 121, 343, 454, 454, 454, 565, 221, 232, 343, 454,
343, 232, 222, 121, 222, 232, 343, 454, 443, 343, 454, 454, 676, 343, 121, 222,
222, 222, 121, 121, 121, 121, 121, 121, 232, 454, 454, 454, 676, 332, 221, 232,
443, 454, 332, 232, 121, 222, 221, 343, 454, 454, 343, 443, 454, 565, 554, 121,
221, 222, 222, 121, 111, 121, 121, 121, 121, 221, 443, 454, 454, 565, 454, 121,
232, 343, 454, 343, 343, 121, 121, 222, 222, 221, 111, 121, 121, 121, 121, 121,
222, 343, 343, 443, 443, 454, 232, 332, 443, 443, 333, 343, 454, 443, 454, 565,
222, 232, 232, 343, 232, 343, 232, 232, 343, 121, 232, 454, 343, 232, 343, 454,
676, 343, 332, 343, 443, 343, 454, 343, 232, 443, 443, 343, 232, 454, 444, 454,
565, 332, 232, 232, 332, 343, 232, 343, 221, 343, 232, 121, 443, 343, 232, 333,
454, 565, 454, 232, 343, 343, 443, 444, 444, 222, 343, 443, 343, 232, 343, 454,
443, 565, 454, 222, 232, 232, 343, 232, 454, 232, 343, 343, 443, 443, 454, 232,
333, 443, 443, 332, 222, 343, 343, 443, 443, 454, 232, 332, 443, 443, 333, 343,
454, 443, 454, 565, 222, 232, 232, 343, 232, 343, 232, 232, 343, 121, 232, 454,
343, 232, 343, 454, 676, 343, 332, 343, 443, 343, 454, 343, 232, 443, 443, 343,
232, 454, 444, 454, 565, 332, 232, 232, 332, 343, 232, 343, 221, 343, 232, 121,
443, 343, 232, 333, 454, 565, 454, 232, 343, 343, 443, 444, 444, 222, 343, 443,
343, 232, 343, 454, 443, 565, 454, 222, 232, 232, 343, 232, 454, 232, 343, 343,
443, 443, 454, 232, 333, 443, 443, 332, 222, 343, 343, 443, 443, 454, 232, 332,
443, 443, 333, 343, 454, 443, 454, 565, 222, 232, 232, 343, 232, 343, 232, 232,
343, 121, 232, 454, 343, 232, 343, 454, 676, 343, 332, 343, 443, 343, 454, 343,
232, 443, 443, 343, 232, 454, 444, 454, 565, 332, 232, 232, 332, 343, 232, 343,
221, 343, 232, 121, 443, 343, 232, 333, 454, 565, 454, 232, 343, 343, 443, 444,
444, 222, 343, 443, 343, 232, 343, 454, 443, 565, 454, 222, 232, 232, 343, 232,
454, 232, 343, 343, 443, 443, 454, 232, 333, 443, 443, 332, 222, 343, 343, 443,
443, 454, 232, 332, 443, 443, 333, 343, 454, 443, 454, 565, 222, 232, 232, 343,
232, 343, 232, 232, 343, 121, 232, 454, 343, 232, 343, 454, 676, 343, 332, 343,
443, 343, 454, 343, 232, 443, 443, 343, 232, 454, 444, 454, 565, 332, 232, 232,
332, 343, 232, 343, 221, 343, 232, 121, 443, 343, 232, 333, 454, 565, 454, 232,
343, 343, 443, 444, 444, 222, 343, 443, 343, 232, 343, 454, 443, 565, 454, 222,
232, 232, 343, 232, 454, 232, 343, 343, 443, 443, 454, 232, 333, 443, 443, 332,
232, 565, 665, 676, 565, 787, 443, 454, 676, 676, 564, 333, 443, 332, 444, 454,
232, 343, 343, 232, 232, 454, 232, 232, 343, 232, 221, 343, 232, 222, 343, 454,
565, 343, 454, 565, 676, 565, 776, 565, 343, 676, 676, 676, 332, 444, 343, 343,
454, 232, 343, 443, 232, 332, 443, 343, 221, 343, 343, 221, 332, 332, 222, 332,
454, 554, 454, 343, 565, 676, 676, 676, 786, 332, 565, 676, 676, 343, 343, 343,
343, 454, 343, 232, 343, 232, 232, 343, 454, 332, 565, 675, 676, 565, 787, 343,
454, 676, 676, 454, 232, 565, 665, 676, 565, 787, 443, 454, 676, 676, 564, 333,
443, 332, 444, 454, 232, 343, 343, 232, 232, 454, 232, 232, 343, 232, 221, 343,
232, 222, 343, 454, 565, 343, 454, 565, 676, 565, 776, 565, 343, 676, 676, 676,
332, 444, 343, 343, 454, 232, 343, 443, 232, 332, 443, 343, 221, 343, 343, 221,
332, 332, 222, 332, 454, 554, 454, 343, 565, 676, 676, 676, 786, 332, 565, 676,
676, 343, 343, 343, 343, 454, 343, 232, 343, 232, 232, 343, 454, 332, 565, 675,
676, 565, 787, 343, 454, 676, 676, 454, 232, 565, 665, 676, 565, 787, 443, 454,
676, 676, 564, 333, 443, 332, 444, 454, 232, 343, 343, 232, 232, 454, 232, 232,
343, 232, 221, 343, 232, 222, 343, 454, 565, 343, 454, 565, 676, 565, 776, 565,
343, 676, 676, 676, 332, 444, 343, 343, 454, 232, 343, 443, 232, 332, 443, 343,
221, 343, 343, 221, 332, 332, 222, 332, 454, 554, 454, 343, 565, 676, 676, 676,
786, 332, 565, 676, 676, 343, 343, 343, 343, 454, 343, 232, 343, 232, 232, 343,
454, 332, 565, 675, 676, 565, 787, 343, 454, 676, 676, 454, 232, 565, 665, 676,
565, 787, 443, 454, 676, 676, 564, 333, 443, 332, 444, 454, 232, 343, 343, 232,
232, 454, 232, 232, 343, 232, 221, 343, 232, 222, 343, 454, 565, 343, 454, 565,
676, 565, 776, 565, 343, 676, 676, 676, 332, 444, 343, 343, 454, 232, 343, 443,
232, 332, 443, 343, 221, 343, 343, 221, 332, 332, 222, 332, 454, 554, 454, 343,
565, 676, 676, 676, 786, 332, 565, 676, 676, 343, 343, 343, 343, 454, 343, 232,
343, 232, 232, 343, 454, 332, 565, 675, 676, 565, 787, 343, 454, 676, 676, 454,
232, 443, 454, 565, 444, 565, 343, 343, 565, 565, 554, 232, 232, 232, 444, 454,
332, 454, 454, 332, 343, 565, 332, 121, 232, 343, 221, 221, 232, 343, 343, 443,
454, 332, 343, 454, 565, 454, 454, 554, 332, 565, 554, 665, 232, 333, 232, 343,
554, 333, 343, 454, 443, 333, 454, 454, 121, 232, 343, 232, 121, 232, 343, 343,
443, 443, 343, 332, 454, 565, 454, 454, 565, 332, 454, 554, 565, 343, 333, 232,
332, 454, 443, 343, 454, 343, 333, 454, 554, 332, 444, 454, 554, 444, 565, 343,
443, 565, 565, 454, 232, 443, 454, 565, 444, 565, 343, 343, 565, 565, 554, 232,
232, 232, 444, 454, 332, 454, 454, 332, 343, 565, 332, 121, 232, 343, 221, 221,
232, 343, 343, 443, 454, 332, 343, 454, 565, 454, 454, 554, 332, 565, 554, 665,
232, 333, 232, 343, 554, 333, 343, 454, 443, 333, 454, 454, 121, 232, 343, 232,
121, 232, 343, 343, 443, 443, 343, 332, 454, 565, 454, 454, 565, 332, 454, 554,
565, 343, 333, 232, 332, 454, 443, 343, 454, 343, 333, 454, 554, 332, 444, 454,
554, 444, 565, 343, 443, 565, 565, 454, 232, 443, 454, 565, 444, 565, 343, 343,
565, 565, 554, 232, 232, 232, 444, 454, 332, 454, 454, 332, 343, 565, 332, 121,
232, 343, 221, 221, 232, 343, 343, 443, 454, 332, 343, 454, 565, 454, 454, 554,
332, 565, 554, 665, 232, 333, 232, 343, 554, 333, 343, 454, 443, 333, 454, 454,
121, 232, 343, 232, 121, 232, 343, 343, 443, 443, 343, 332, 454, 565, 454, 454,
565, 332, 454, 554, 565, 343, 333, 232, 332, 454, 443, 343, 454, 343, 333, 454,
554, 332, 444, 454, 554, 444, 565, 343, 443, 565, 565, 454, 232, 443, 454, 565,
444, 565, 343, 343, 565, 565, 554, 232, 232, 232, 444, 454, 332, 454, 454, 332,
343, 565, 332, 121, 232, 343, 221, 221, 232, 343, 343, 443, 454, 332, 343, 454,
565, 454, 454, 554, 332, 565, 554, 665, 232, 333, 232, 343, 554, 333, 343, 454,
443, 333, 454, 454, 121, 232, 343, 232, 121, 232, 343, 343, 443, 443, 343, 332,
454, 565, 454, 454, 565, 332, 454, 554, 565, 343, 333, 232, 332, 454, 443, 343,
454, 343, 333, 454, 554, 332, 444, 454, 554, 444, 565, 343, 443, 565, 565, 454,
232, 454, 454, 454, 454, 454, 343, 343, 454, 454, 454, 221, 222, 333, 443, 454,
232, 454, 454, 443, 443, 565, 333, 121, 232, 221, 121, 121, 232, 232, 232, 232,
232, 222, 343, 454, 454, 454, 454, 454, 332, 454, 454, 565, 222, 222, 232, 443,
454, 332, 343, 454, 454, 343, 454, 454, 121, 221, 232, 121, 121, 232, 232, 232,
232, 232, 222, 333, 454, 454, 454, 454, 454, 332, 443, 444, 565, 333, 222, 222,
343, 454, 343, 343, 454, 454, 454, 454, 565, 332, 454, 454, 454, 454, 454, 333,
343, 454, 454, 454, 232, 454, 454, 454, 454, 454, 343, 343, 454, 454, 454, 221,
222, 333, 443, 454, 232, 454, 454, 443, 443, 565, 333, 121, 232, 221, 121, 121,
232, 232, 232, 232, 232, 222, 343, 454, 454, 454, 454, 454, 332, 454, 454, 565,
222, 222, 232, 443, 454, 332, 343, 454, 454, 343, 454, 454, 121, 221, 232, 121,
121, 232, 232, 232, 232, 232, 222, 333, 454, 454, 454, 454, 454, 332, 443, 444,
565, 333, 222, 222, 343, 454, 343, 343, 454, 454, 454, 454, 565, 332, 454, 454,
454, 454, 454, 333, 343, 454, 454, 454, 232, 454, 454, 454, 454, 454, 343, 343,
454, 454, 454, 221, 222, 333, 443, 454, 232, 454, 454, 443, 443, 565, 333, 121,
232, 221, 121, 121, 232, 232, 232, 232, 232, 222, 343, 454, 454, 454, 454, 454,
332, 454, 454, 565, 222, 222, 232, 443, 454, 332, 343, 454, 454, 343, 454, 454,
121, 221, 232, 121, 121, 232, 232, 232, 232, 232, 222, 333, 454, 454, 454, 454,
454, 332, 443, 444, 565, 333, 222, 222, 343, 454, 343, 343, 454, 454, 454, 454,
565, 332, 454, 454, 454, 454, 454, 333, 343, 454, 454, 454, 232, 454, 454, 454,
454, 454, 343, 343, 454, 454, 454, 221, 222, 333, 443, 454, 232, 454, 454, 443,
443, 565, 333, 121, 232, 221, 121, 121, 232, 232, 232, 232, 232, 222, 343, 454,
454, 454, 454, 454, 332, 454, 454, 565, 222, 222, 232, 443, 454, 332, 343, 454,
454, 343, 454, 454, 121, 221, 232, 121, 121, 232, 232, 232, 232, 232, 222, 333,
454, 454, 454, 454, 454, 332, 443, 444, 565, 333, 222, 222, 343, 454, 343, 343,
454, 454, 454, 454, 565, 332, 454, 454, 454, 454, 454, 333, 343, 454, 454, 454,
232, 444, 454, 454, 454, 554, 343, 343, 454, 454, 454, 121, 232, 332, 232, 232,
232, 454, 454, 454, 454, 565, 333, 121, 232, 232, 332, 232, 222, 232, 232, 232,
232, 222, 343, 454, 454, 454, 454, 454, 332, 454, 454, 564, 221, 222, 332, 232,
232, 232, 443, 454, 454, 454, 454, 454, 121, 232, 232, 332, 232, 221, 232, 232,
232, 232, 232, 332, 454, 454, 454, 454, 565, 332, 444, 454, 565, 332, 121, 232,
232, 232, 232, 343, 454, 454, 454, 454, 565, 232, 454, 454, 454, 454, 555, 343,
343, 454, 454, 443, 232, 444, 454, 454, 454, 554, 343, 343, 454, 454, 454, 121,
232, 332, 232, 232, 232, 454, 454, 454, 454, 565, 333, 121, 232, 232, 332, 232,
222, 232, 232, 232, 232, 222, 343, 454, 454, 454, 454, 454, 332, 454, 454, 564,
221, 222, 332, 232, 232, 232, 443, 454, 454, 454, 454, 454, 121, 232, 232, 332,
232, 221, 232, 232, 232, 232, 232, 332, 454, 454, 454, 454, 565, 332, 444, 454,
565, 332, 121, 232, 232, 232, 232, 343, 454, 454, 454, 454, 565, 232, 454, 454,
454, 454, 555, 343, 343, 454, 454, 443, 232, 444, 454, 454, 454, 554, 343, 343,
454, 454, 454, 121, 232, 332, 232, 232, 232, 454, 454, 454, 454, 565, 333, 121,
232, 232, 332, 232, 222, 232, 232, 232, 232, 222, 343, 454, 454, 454, 454, 454,
332, 454, 454, 564, 221, 222, 332, 232, 232, 232, 443, 454, 454, 454, 454, 454,
121, 232, 232, 332, 232, 221, 232, 232, 232, 232, 232, 332, 454, 454, 454, 454,
565, 332, 444, 454, 565, 332, 121, 232, 232, 232, 232, 343, 454, 454, 454, 454,
565, 232, 454, 454, 454, 454, 555, 343, 343, 454, 454, 443, 232, 444, 454, 454,
454, 554, 343, 343, 454, 454, 454, 121, 232, 332, 232, 232, 232, 454, 454, 454,
454, 565, 333, 121, 232, 232, 332, 232, 222, 232, 232, 232, 232, 222, 343, 454,
454, 454, 454, 454, 332, 454, 454, 564, 221, 222, 332, 232, 232, 232, 443, 454,
454, 454, 454, 454, 121, 232, 232, 332, 232, 221, 232, 232, 232, 232, 232, 332,
454, 454, 454, 454, 565, 332, 444, 454, 565, 332, 121, 232, 232, 232, 232, 343,
454, 454, 454, 454, 565, 232, 454, 454, 454, 454, 555, 343, 343, 454, 454, 443,
222, 443, 454, 454, 454, 676, 443, 343, 454, 565, 554, 121, 121, 121, 121, 121,
232, 454, 454, 454, 454, 565, 232, 232, 665, 676, 786, 454, 443, 665, 665, 676,
787, 343, 332, 454, 454, 454, 565, 565, 332, 454, 454, 676, 221, 121, 121, 121,
121, 221, 443, 454, 454, 454, 565, 454, 121, 565, 676, 676, 676, 332, 565, 565,
676, 776, 565, 222, 454, 454, 454, 454, 676, 332, 444, 454, 676, 343, 121, 121,
121, 121, 121, 343, 454, 454, 454, 454, 565, 222, 444, 454, 454, 454, 676, 343,
343, 454, 565, 454, 222, 443, 454, 454, 454, 676, 443, 343, 454, 565, 554, 121,
121, 121, 121, 121, 232, 454, 454, 454, 454, 565, 232, 232, 665, 676, 786, 454,
443, 665, 665, 676, 787, 343, 332, 454, 454, 454, 565, 565, 332, 454, 454, 676,
221, 121, 121, 121, 121, 221, 443, 454, 454, 454, 565, 454, 121, 565, 676, 676,
676, 332, 565, 565, 676, 776, 565, 222, 454, 454, 454, 454, 676, 332, 444, 454,
676, 343, 121, 121, 121, 121, 121, 343, 454, 454, 454, 454, 565, 222, 444, 454,
454, 454, 676, 343, 343, 454, 565, 454, 222, 443, 454, 454, 454, 676, 443, 343,
454, 565, 554, 121, 121, 121, 121, 121, 232, 454, 454, 454, 454, 565, 232, 232,
665, 676, 786, 454, 443, 665, 665, 676, 787, 343, 332, 454, 454, 454, 565, 565,
332, 454, 454, 676, 221, 121, 121, 121, 121, 221, 443, 454, 454, 454, 565, 454,
121, 565, 676, 676, 676, 332, 565, 565, 676, 776, 565, 222, 454, 454, 454, 454,
676, 332, 444, 454, 676, 343, 121, 121, 121, 121, 121, 343, 454, 454, 454, 454,
565, 222, 444, 454, 454, 454, 676, 343, 343, 454, 565, 454, 222, 443, 454, 454,
454, 676, 443, 343, 454, 565, 554, 121, 121, 121, 121, 121, 232, 454, 454, 454,
454, 565, 232, 232, 665, 676, 786, 454, 443, 665, 665, 676, 787, 343, 332, 454,
454, 454, 565, 565, 332, 454, 454, 676, 221, 121, 121, 121, 121, 221, 443, 454,
454, 454, 565, 454, 121, 565, 676, 676, 676, 332, 565, 565, 676, 776, 565, 222,
454, 454, 454, 454, 676, 332, 444, 454, 676, 343, 121, 121, 121, 121, 121, 343,
454, 454, 454, 454, 565, 222, 444, 454, 454, 454, 676, 343, 343, 454, 565, 454,
121, 343, 454, 454, 454, 676, 443, 343, 454, 665, 454, 121, 221, 121, 121, 121,
232, 454, 454, 454, 454, 565, 232, 232, 454, 565, 565, 443, 343, 454, 454, 565,
665, 343, 332, 454, 454, 454, 565, 565, 232, 454, 554, 665, 121, 121, 121, 121,
121, 221, 443, 454, 454, 454, 565, 454, 221, 454, 565, 565, 565, 232, 454, 454,
565, 565, 454, 222, 454, 454, 454, 454, 676, 332, 443, 454, 676, 332, 121, 221,
121, 121, 121, 343, 454, 454, 454, 454, 565, 222, 343, 454, 454, 454, 676, 343,
343, 454, 676, 454, 121, 343, 454, 454, 454, 676, 443, 343, 454, 665, 454, 121,
221, 121, 121, 121, 232, 454, 454, 454, 454, 565, 232, 232, 454, 565, 565, 443,
343, 454, 454, 565, 665, 343, 332, 454, 454, 454, 565, 565, 232, 454, 554, 665,
121, 121, 121, 121, 121, 221, 443, 454, 454, 454, 565, 454, 221, 454, 565, 565,
565, 232, 454, 454, 565, 565, 454, 222, 454, 454, 454, 454, 676, 332, 443, 454,
676, 332, 121, 221, 121, 121, 121, 343, 454, 454, 454, 454, 565, 222, 343, 454,
454, 454, 676, 343, 343, 454, 676, 454, 121, 343, 454, 454, 454, 676, 443, 343,
454, 665, 454, 121, 221, 121, 121, 121, 232, 454, 454, 454, 454, 565, 232, 232,
454, 565, 565, 443, 343, 454, 454, 565, 665, 343, 332, 454, 454, 454, 565, 565,
232, 454, 554, 665, 121, 121, 121, 121, 121, 221, 443, 454, 454, 454, 565, 454,
221, 454, 565, 565, 565, 232, 454, 454, 565, 565, 454, 222, 454, 454, 454, 454,
676, 332, 443, 454, 676, 332, 121, 221, 121, 121, 121, 343, 454, 454, 454, 454,
565, 222, 343, 454, 454, 454, 676, 343, 343, 454, 676, 454, 121, 343, 454, 454,
454, 676, 443, 343, 454, 665, 454, 121, 221, 121, 121, 121, 232, 454, 454, 454,
454, 565, 232, 232, 454, 565, 565, 443, 343, 454, 454, 565, 665, 343, 332, 454,
454, 454, 565, 565, 232, 454, 554, 665, 121, 121, 121, 121, 121, 221, 443, 454,
454, 454, 565, 454, 221, 454, 565, 565, 565, 232, 454, 454, 565, 565, 454, 222,
454, 454, 454, 454, 676, 332, 443, 454, 676, 332, 121, 221, 121, 121, 121, 343,
454, 454, 454, 454, 565, 222, 343, 454, 454, 454, 676, 343, 343, 454, 676, 454,
121, 232, 444, 454, 454, 565, 333, 232, 444, 565, 454, 121, 343, 232, 232, 121,
232, 454, 454, 454, 454, 676, 333, 232, 454, 454, 454, 443, 232, 443, 454, 454,
565, 343, 121, 343, 454, 454, 565, 454, 221, 343, 454, 565, 121, 332, 333, 222,
221, 221, 443, 454, 454, 444, 565, 454, 222, 444, 454, 454, 454, 232, 343, 454,
454, 454, 454, 121, 332, 454, 454, 554, 554, 222, 343, 454, 565, 232, 222, 343,
222, 222, 121, 343, 454, 454, 454, 454, 665, 221, 232, 444, 454, 454, 565, 232,
232, 454, 565, 443, 121, 232, 444, 454, 454, 565, 333, 232, 444, 565, 454, 121,
343, 232, 232, 121, 232, 454, 454, 454, 454, 676, 333, 232, 454, 454, 454, 443,
232, 443, 454, 454, 565, 343, 121, 343, 454, 454, 565, 454, 221, 343, 454, 565,
121, 332, 333, 222, 221, 221, 443, 454, 454, 444, 565, 454, 222, 444, 454, 454,
454, 232, 343, 454, 454, 454, 454, 121, 332, 454, 454, 554, 554, 222, 343, 454,
565, 232, 222, 343, 222, 222, 121, 343, 454, 454, 454, 454, 665, 221, 232, 444,
454, 454, 565, 232, 232, 454, 565, 443, 121, 232, 444, 454, 454, 565, 333, 232,
444, 565, 454, 121, 343, 232, 232, 121, 232, 454, 454, 454, 454, 676, 333, 232,
454, 454, 454, 443, 232, 443, 454, 454, 565, 343, 121, 343, 454, 454, 565, 454,
221, 343, 454, 565, 121, 332, 333, 222, 221, 221, 443, 454, 454, 444, 565, 454,
222, 444, 454, 454, 454, 232, 343, 454, 454, 454, 454, 121, 332, 454, 454, 554,
554, 222, 343, 454, 565, 232, 222, 343, 222, 222, 121, 343, 454, 454, 454, 454,
665, 221, 232, 444, 454, 454, 565, 232, 232, 454, 565, 443, 121, 232, 444, 454,
454, 565, 333, 232, 444, 565, 454, 121, 343, 232, 232, 121, 232, 454, 454, 454,
454, 676, 333, 232, 454, 454, 454, 443, 232, 443, 454, 454, 565, 343, 121, 343,
454, 454, 565, 454, 221, 343, 454, 565, 121, 332, 333, 222, 221, 221, 443, 454,
454, 444, 565, 454, 222, 444, 454, 454, 454, 232, 343, 454, 454, 454, 454, 121,
332, 454, 454, 554, 554, 222, 343, 454, 565, 232, 222, 343, 222, 222, 121, 343,
454, 454, 454, 454, 665, 221, 232, 444, 454, 454, 565, 232, 232, 454, 565, 443,
121, 121, 332, 343, 343, 343, 222, 121, 343, 454, 443, 232, 343, 343, 232, 221,
121, 343, 454, 454, 454, 554, 333, 343, 454, 454, 454, 443, 232, 332, 443, 454,
554, 343, 121, 232, 343, 343, 343, 332, 121, 332, 454, 454, 222, 343, 343, 343,
232, 121, 332, 454, 454, 454, 454, 444, 333, 454, 454, 454, 454, 232, 232, 343,
454, 454, 454, 121, 222, 343, 343, 343, 343, 121, 232, 444, 554, 232, 332, 343,
343, 232, 121, 232, 454, 454, 454, 454, 554, 221, 121, 332, 343, 343, 343, 221,
221, 343, 454, 343, 121, 121, 332, 343, 343, 343, 222, 121, 343, 454, 443, 232,
343, 343, 232, 221, 121, 343, 454, 454, 454, 554, 333, 343, 454, 454, 454, 443,
232, 332, 443, 454, 554, 343, 121, 232, 343, 343, 343, 332, 121, 332, 454, 454,
222, 343, 343, 343, 232, 121, 332, 454, 454, 454, 454, 444, 333, 454, 454, 454,
454, 232, 232, 343, 454, 454, 454, 121, 222, 343, 343, 343, 343, 121, 232, 444,
554, 232, 332, 343, 343, 232, 121, 232, 454, 454, 454, 454, 554, 221, 121, 332,
343, 343, 343, 221, 221, 343, 454, 343, 121, 121, 332, 343, 343, 343, 222, 121,
343, 454, 443, 232, 343, 343, 232, 221, 121, 343, 454, 454, 454, 554, 333, 343,
454, 454, 454, 443, 232, 332, 443, 454, 554, 343, 121, 232, 343, 343, 343, 332,
121, 332, 454, 454, 222, 343, 343, 343, 232, 121, 332, 454, 454, 454, 454, 444,
333, 454, 454, 454, 454, 232, 232, 343, 454, 454, 454, 121, 222, 343, 343, 343,
343, 121, 232, 444, 554, 232, 332, 343, 343, 232, 121, 232, 454, 454, 454, 454,
554, 221, 121, 332, 343, 343, 343, 221, 221, 343, 454, 343, 121, 121, 332, 343,
343, 343, 222, 121, 343, 454, 443, 232, 343, 343, 232, 221, 121, 343, 454, 454,
454, 554, 333, 343, 454, 454, 454, 443, 232, 332, 443, 454, 554, 343, 121, 232,
343, 343, 343, 332, 121, 332, 454, 454, 222, 343, 343, 343, 232, 121, 332, 454,
454, 454, 454, 444, 333, 454, 454, 454, 454, 232, 232, 343, 454, 454, 454, 121,
222, 343, 343, 343, 343, 121, 232, 444, 554, 232, 332, 343, 343, 232, 121, 232,
454, 454, 454, 454, 554, 221, 121, 332, 343, 343, 343, 221, 221, 343, 454, 343,
121, 121, 121, 222, 232, 343, 222, 121, 343, 454, 443, 121, 232, 332, 343, 222,
121, 343, 454, 454, 454, 565, 333, 343, 454, 454, 454, 454, 232, 221, 332, 343,
343, 232, 121, 121, 221, 232, 332, 232, 121, 332, 454, 454, 221, 232, 232, 343,
232, 121, 332, 454, 454, 454, 565, 454, 343, 454, 454, 454, 565, 232, 222, 232,
343, 343, 343, 121, 121, 221, 232, 232, 332, 121, 222, 444, 454, 232, 221, 232,
343, 343, 121, 222, 444, 454, 454, 454, 565, 121, 121, 121, 232, 232, 343, 221,
221, 343, 454, 443, 121, 121, 121, 222, 232, 343, 222, 121, 343, 454, 443, 121,
232, 332, 343, 222, 121, 343, 454, 454, 454, 565, 333, 343, 454, 454, 454, 454,
232, 221, 332, 343, 343, 232, 121, 121, 221, 232, 332, 232, 121, 332, 454, 454,
221, 232, 232, 343, 232, 121, 332, 454, 454, 454, 565, 454, 343, 454, 454, 454,
565, 232, 222, 232, 343, 343, 343, 121, 121, 221, 232, 232, 332, 121, 222, 444,
454, 232, 221, 232, 343, 343, 121, 222, 444, 454, 454, 454, 565, 121, 121, 121,
232, 232, 343, 221, 221, 343, 454, 443, 121, 121, 121, 222, 232, 343, 222, 121,
343, 454, 443, 121, 232, 332, 343, 222, 121, 343, 454, 454, 454, 565, 333, 343,
454, 454, 454, 454, 232, 221, 332, 343, 343, 232, 121, 121, 221, 232, 332, 232,
121, 332, 454, 454, 221, 232, 232, 343, 232, 121, 332, 454, 454, 454, 565, 454,
343, 454, 454, 454, 565, 232, 222, 232, 343, 343, 343, 121, 121, 221, 232, 232,
332, 121, 222, 444, 454, 232, 221, 232, 343, 343, 121, 222, 444, 454, 454, 454,
565, 121, 121, 121, 232, 232, 343, 221, 221, 343, 454, 443, 121, 121, 121, 222,
232, 343, 222, 121, 343, 454, 443, 121, 232, 332, 343, 222, 121, 343, 454, 454,
454, 565, 333, 343, 454, 454, 454, 454, 232, 221, 332, 343, 343, 232, 121, 121,
221, 232, 332, 232, 121, 332, 454, 454, 221, 232, 232, 343, 232, 121, 332, 454,
454, 454, 565, 454, 343, 454, 454, 454, 565, 232, 222, 232, 343, 343, 343, 121,
121, 221, 232, 232, 332, 121, 222, 444, 454, 232, 221, 232, 343, 343, 121, 222,
444, 454, 454, 454, 565, 121, 121, 121, 232, 232, 343, 221, 221, 343, 454, 443,
121, 121, 121, 121, 121, 232, 222, 222, 232, 454, 454, 121, 121, 222, 232, 232,
121, 232, 343, 444, 454, 554, 333, 343, 454, 454, 565, 454, 121, 121, 222, 232,
222, 121, 121, 121, 121, 121, 232, 232, 221, 232, 443, 565, 222, 121, 221, 232,
232, 221, 222, 343, 443, 454, 454, 443, 343, 454, 454, 555, 565, 221, 121, 121,
222, 222, 222, 121, 121, 121, 121, 221, 332, 221, 232, 343, 565, 333, 121, 121,
232, 232, 232, 121, 343, 343, 454, 454, 554, 221, 121, 121, 121, 121, 332, 221,
222, 332, 565, 454, 121, 121, 121, 121, 121, 232, 222, 222, 232, 454, 454, 121,
121, 222, 232, 232, 121, 232, 343, 444, 454, 554, 333, 343, 454, 454, 565, 454,
121, 121, 222, 232, 222, 121, 121, 121, 121, 121, 232, 232, 221, 232, 443, 565,
222, 121, 221, 232, 232, 221, 222, 343, 443, 454, 454, 443, 343, 454, 454, 555,
565, 221, 121, 121, 222, 222, 222, 121, 121, 121, 121, 221, 332, 221, 232, 343,
565, 333, 121, 121, 232, 232, 232, 121, 343, 343, 454, 454, 554, 221, 121, 121,
121, 121, 332, 221, 222, 332, 565, 454, 121, 121, 121, 121, 121, 232, 222, 222,
232, 454, 454, 121, 121, 222, 232, 232, 121, 232, 343, 444, 454, 554, 333, 343,
454, 454, 565, 454, 121, 121, 222, 232, 222, 121, 121, 121, 121, 121, 232, 232,
221, 232, 443, 565, 222, 121, 221, 232, 232, 221, 222, 343, 443, 454, 454, 443,
343, 454, 454, 555, 565, 221, 121, 121, 222, 222, 222, 121, 121, 121, 121, 221,
332, 221, 232, 343, 565, 333, 121, 121, 232, 232, 232, 121, 343, 343, 454, 454,
554, 221, 121, 121, 121, 121, 332, 221, 222, 332, 565, 454, 121, 121, 121, 121,
121, 232, 222, 222, 232, 454, 454, 121, 121, 222, 232, 232, 121, 232, 343, 444,
454, 554, 333, 343, 454, 454, 565, 454, 121, 121, 222, 232, 222, 121, 121, 121,
121, 121, 232, 232, 221, 232, 443, 565, 222, 121, 221, 232, 232, 221, 222, 343,
443, 454, 454, 443, 343, 454, 454, 555, 565, 221, 121, 121, 222, 222, 222, 121,
121, 121, 121, 221, 332, 221, 232, 343, 565, 333, 121, 121, 232, 232, 232, 121,
343, 343, 454, 454, 554, 221, 121, 121, 121, 121, 332, 221, 222, 332, 565, 454,
121, 222, 332, 232, 121, 121, 221, 343, 232, 443, 454, 121, 121, 121, 121, 221,
121, 232, 232, 343, 454, 454, 333, 343, 454, 454, 676, 454, 343, 565, 676, 676,
675, 343, 121, 232, 232, 121, 121, 121, 332, 332, 332, 565, 222, 121, 121, 121,
121, 121, 221, 332, 332, 454, 454, 443, 343, 454, 454, 565, 676, 232, 554, 565,
676, 676, 454, 121, 232, 332, 221, 121, 221, 232, 343, 232, 565, 343, 121, 121,
121, 121, 121, 121, 332, 232, 443, 454, 454, 121, 222, 332, 232, 121, 221, 221,
343, 232, 454, 555, 121, 222, 332, 232, 121, 121, 221, 343, 232, 443, 454, 121,
121, 121, 121, 221, 121, 232, 232, 343, 454, 454, 333, 343, 454, 454, 676, 454,
343, 565, 676, 676, 675, 343, 121, 232, 232, 121, 121, 121, 332, 332, 332, 565,
222, 121, 121, 121, 121, 121, 221, 332, 332, 454, 454, 443, 343, 454, 454, 565,
676, 232, 554, 565, 676, 676, 454, 121, 232, 332, 221, 121, 221, 232, 343, 232,
565, 343, 121, 121, 121, 121, 121, 121, 332, 232, 443, 454, 454, 121, 222, 332,
232, 121, 221, 221, 343, 232, 454, 555, 121, 222, 332, 232, 121, 121, 221, 343,
232, 443, 454, 121, 121, 121, 121, 221, 121, 232, 232, 343, 454, 454, 333, 343,
454, 454, 676, 454, 343, 565, 676, 676, 675, 343, 121, 232, 232, 121, 121, 121,
332, 332, 332, 565, 222, 121, 121, 121, 121, 121, 221, 332, 332, 454, 454, 443,
343, 454, 454, 565, 676, 232, 554, 565, 676, 676, 454, 121, 232, 332, 221, 121,
221, 232, 343, 232, 565, 343, 121, 121, 121, 121, 121, 121, 332, 232, 443, 454,
454, 121, 222, 332, 232, 121, 221, 221, 343, 232, 454, 555, 121, 222, 332, 232,
121, 121, 221, 343, 232, 443, 454, 121, 121, 121, 121, 221, 121, 232, 232, 343,
454, 454, 333, 343, 454, 454, 676, 454, 343, 565, 676, 676, 675, 343, 121, 232,
232, 121, 121, 121, 332, 332, 332, 565, 222, 121, 121, 121, 121, 121, 221, 332,
332, 454, 454, 443, 343, 454, 454, 565, 676, 232, 554, 565, 676, 676, 454, 121,
232, 332, 221, 121, 221, 232, 343, 232, 565, 343, 121, 121, 121, 121, 121, 121,
332, 232, 443, 454, 454, 121, 222, 332, 232, 121, 221, 221, 343, 232, 454, 555,
121, 332, 343, 232, 232, 221, 121, 343, 343, 454, 454, 343, 565, 565, 565, 565,
121, 121, 232, 343, 343, 343, 232, 443, 454, 444, 665, 454, 343, 665, 787, 665,
676, 343, 222, 343, 232, 232, 232, 121, 333, 343, 343, 554, 232, 554, 555, 565,
665, 232, 121, 222, 332, 343, 343, 332, 343, 454, 454, 554, 676, 332, 554, 676,
776, 665, 565, 121, 343, 332, 232, 232, 121, 232, 443, 343, 454, 333, 454, 555,
565, 565, 443, 121, 221, 232, 343, 343, 343, 121, 332, 333, 232, 232, 121, 221,
443, 343, 454, 454, 121, 332, 343, 232, 232, 221, 121, 343, 343, 454, 454, 343,
565, 565, 565, 565, 121, 121, 232, 343, 343, 343, 232, 443, 454, 444, 665, 454,
343, 665, 787, 665, 676, 343, 222, 343, 232, 232, 232, 121, 333, 343, 343, 554,
232, 554, 555, 565, 665, 232, 121, 222, 332, 343, 343, 332, 343, 454, 454, 554,
676, 332, 554, 676, 776, 665, 565, 121, 343, 332, 232, 232, 121, 232, 443, 343,
454, 333, 454, 555, 565, 565, 443, 121, 221, 232, 343, 343, 343, 121, 332, 333,
232, 232, 121, 221, 443, 343, 454, 454, 121, 332, 343, 232, 232, 221, 121, 343,
343, 454, 454, 343, 565, 565, 565, 565, 121, 121, 232, 343, 343, 343, 232, 443,
454, 444, 665, 454, 343, 665, 787, 665, 676, 343, 222, 343, 232, 232, 232, 121,
333, 343, 343, 554, 232, 554, 555, 565, 665, 232, 121, 222, 332, 343, 343, 332,
343, 454, 454, 554, 676, 332, 554, 676, 776, 665, 565, 121, 343, 332, 232, 232,
121, 232, 443, 343, 454, 333, 454, 555, 565, 565, 443, 121, 221, 232, 343, 343,
343, 121, 332, 333, 232, 232, 121, 221, 443, 343, 454, 454, 121, 332, 343, 232,
232, 221, 121, 343, 343, 454, 454, 343, 565, 565, 565, 565, 121, 121, 232, 343,
343, 343, 232, 443, 454, 444, 665, 454, 343, 665, 787, 665, 676, 343, 222, 343,
232, 232, 232, 121, 333, 343, 343, 554, 232, 554, 555, 565, 665, 232, 121, 222,
332, 343, 343, 332, 343, 454, 454, 554, 676, 332, 554, 676, 776, 665, 565, 121,
343, 332, 232, 232, 121, 232, 443, 343, 454, 333, 454, 555, 565, 565, 443, 121,
221, 232, 343, 343, 343, 121, 332, 333, 232, 232, 121, 221, 443, 343, 454, 454,
121, 232, 232, 343, 343, 232, 222, 343, 444, 454, 454, 343, 554, 565, 676, 565,
121, 121, 121, 221, 221, 121, 222, 443, 454, 454, 554, 444, 343, 454, 565, 454,
565, 343, 232, 232, 343, 343, 332, 232, 333, 454, 454, 565, 332, 454, 554, 676,
676, 232, 121, 121, 221, 221, 221, 121, 343, 454, 454, 454, 554, 232, 454, 565,
554, 454, 454, 221, 232, 343, 343, 332, 232, 232, 454, 443, 565, 343, 343, 454,
675, 676, 454, 121, 121, 221, 221, 221, 121, 221, 232, 332, 343, 332, 232, 222,
343, 454, 565, 454, 121, 232, 232, 343, 343, 232, 222, 343, 444, 454, 454, 343,
554, 565, 676, 565, 121, 121, 121, 221, 221, 121, 222, 443, 454, 454, 554, 444,
343, 454, 565, 454, 565, 343, 232, 232, 343, 343, 332, 232, 333, 454, 454, 565,
332, 454, 554, 676, 676, 232, 121, 121, 221, 221, 221, 121, 343, 454, 454, 454,
554, 232, 454, 565, 554, 454, 454, 221, 232, 343, 343, 332, 232, 232, 454, 443,
565, 343, 343, 454, 675, 676, 454, 121, 121, 221, 221, 221, 121, 221, 232, 332,
343, 332, 232, 222, 343, 454, 565, 454, 121, 232, 232, 343, 343, 232, 222, 343,
444, 454, 454, 343, 554, 565, 676, 565, 121, 121, 121, 221, 221, 121, 222, 443,
454, 454, 554, 444, 343, 454, 565, 454, 565, 343, 232, 232, 343, 343, 332, 232,
333, 454, 454, 565, 332, 454, 554, 676, 676, 232, 121, 121, 221, 221, 221, 121,
343, 454, 454, 454, 554, 232, 454, 565, 554, 454, 454, 221, 232, 343, 343, 332,
232, 232, 454, 443, 565, 343, 343, 454, 675, 676, 454, 121, 121, 221, 221, 221,
121, 221, 232, 332, 343, 332, 232, 222, 343, 454, 565, 454, 121, 232, 232, 343,
343, 232, 222, 343, 444, 454, 454, 343, 554, 565, 676, 565, 121, 121, 121, 221,
221, 121, 222, 443, 454, 454, 554, 444, 343, 454, 565, 454, 565, 343, 232, 232,
343, 343, 332, 232, 333, 454, 454, 565, 332, 454, 554, 676, 676, 232, 121, 121,
221, 221, 221, 121, 343, 454, 454, 454, 554, 232, 454, 565, 554, 454, 454, 221,
232, 343, 343, 332, 232, 232, 454, 443, 565, 343, 343, 454, 675, 676, 454, 121,
121, 221, 221, 221, 121, 221, 232, 332, 343, 332, 232, 222, 343, 454, 565, 454,
121, 222, 332, 232, 343, 332, 222, 343, 454, 454, 454, 232, 332, 454, 454, 454,
232, 454, 554, 565, 454, 555, 332, 343, 454, 454, 454, 343, 343, 454, 454, 444,
554, 343, 221, 232, 332, 332, 343, 222, 333, 454, 454, 554, 332, 232, 343, 454,
554, 332, 343, 554, 564, 454, 554, 343, 343, 454, 454, 454, 454, 332, 454, 454,
454, 454, 454, 121, 232, 333, 232, 343, 232, 232, 454, 454, 554, 343, 222, 332,
454, 454, 343, 332, 454, 554, 565, 454, 454, 121, 232, 332, 232, 343, 332, 221,
443, 454, 554, 444, 121, 222, 332, 232, 343, 332, 222, 343, 454, 454, 454, 232,
332, 454, 454, 454, 232, 454, 554, 565, 454, 555, 332, 343, 454, 454, 454, 343,
343, 454, 454, 444, 554, 343, 221, 232, 332, 332, 343, 222, 333, 454, 454, 554,
332, 232, 343, 454, 554, 332, 343, 554, 564, 454, 554, 343, 343, 454, 454, 454,
454, 332, 454, 454, 454, 454, 454, 121, 232, 333, 232, 343, 232, 232, 454, 454,
554, 343, 222, 332, 454, 454, 343, 332, 454, 554, 565, 454, 454, 121, 232, 332,
232, 343, 332, 221, 443, 454, 554, 444, 121, 222, 332, 232, 343, 332, 222, 343,
454, 454, 454, 232, 332, 454, 454, 454, 232, 454, 554, 565, 454, 555, 332, 343,
454, 454, 454, 343, 343, 454, 454, 444, 554, 343, 221, 232, 332, 332, 343, 222,
333, 454, 454, 554, 332, 232, 343, 454, 554, 332, 343, 554, 564, 454, 554, 343,
343, 454, 454, 454, 454, 332, 454, 454, 454, 454, 454, 121, 232, 333, 232, 343,
232, 232, 454, 454, 554, 343, 222, 332, 454, 454, 343, 332, 454, 554, 565, 454,
454, 121, 232, 332, 232, 343, 332, 221, 443, 454, 554, 444, 121, 222, 332, 232,
343, 332, 222, 343, 454, 454, 454, 232, 332, 454, 454, 454, 232, 454, 554, 565,
454, 555, 332, 343, 454, 454, 454, 343, 343, 454, 454, 444, 554, 343, 221, 232,
332, 332, 343, 222, 333, 454, 454, 554, 332, 232, 343, 454, 554, 332, 343, 554,
564, 454, 554, 343, 343, 454, 454, 454, 454, 332, 454, 454, 454, 454, 454, 121,
232, 333, 232, 343, 232, 232, 454, 454, 554, 343, 222, 332, 454, 454, 343, 332,
454, 554, 565, 454, 454, 121, 232, 332, 232, 343, 332, 221, 443, 454, 554, 444,
121, 221, 232, 121, 232, 232, 121, 333, 454, 554, 454, 232, 332, 444, 454, 554,
332, 665, 676, 565, 675, 787, 332, 343, 454, 454, 565, 454, 232, 454, 454, 444,
565, 343, 121, 232, 221, 222, 232, 121, 232, 444, 454, 555, 232, 332, 443, 444,
555, 343, 454, 676, 675, 565, 787, 454, 232, 454, 454, 454, 565, 232, 444, 454,
454, 454, 565, 121, 222, 222, 121, 332, 221, 221, 343, 454, 565, 332, 222, 343,
454, 454, 454, 343, 676, 676, 565, 676, 676, 121, 221, 232, 121, 232, 232, 221,
343, 454, 565, 443, 121, 221, 232, 121, 232, 232, 121, 333, 454, 554, 454, 232,
332, 444, 454, 554, 332, 665, 676, 565, 675, 787, 332, 343, 454, 454, 565, 454,
232, 454, 454, 444, 565, 343, 121, 232, 221, 222, 232, 121, 232, 444, 454, 555,
232, 332, 443, 444, 555, 343, 454, 676, 675, 565, 787, 454, 232, 454, 454, 454,
565, 232, 444, 454, 454, 454, 565, 121, 222, 222, 121, 332, 221, 221, 343, 454,
565, 332, 222, 343, 454, 454, 454, 343, 676, 676, 565, 676, 676, 121, 221, 232,
121, 232, 232, 221, 343, 454, 565, 443, 121, 221, 232, 121, 232, 232, 121, 333,
454, 554, 454, 232, 332, 444, 454, 554, 332, 665, 676, 565, 675, 787, 332, 343,
454, 454, 565, 454, 232, 454, 454, 444, 565, 343, 121, 232, 221, 222, 232, 121,
232, 444, 454, 555, 232, 332, 443, 444, 555, 343, 454, 676, 675, 565, 787, 454,
232, 454, 454, 454, 565, 232, 444, 454, 454, 454, 565, 121, 222, 222, 121, 332,
221, 221, 343, 454, 565, 332, 222, 343, 454, 454, 454, 343, 676, 676, 565, 676,
676, 121, 221, 232, 121, 232, 232, 221, 343, 454, 565, 443, 121, 221, 232, 121,
232, 232, 121, 333, 454, 554, 454, 232, 332, 444, 454, 554, 332, 665, 676, 565,
675, 787, 332, 343, 454, 454, 565, 454, 232, 454, 454, 444, 565, 343, 121, 232,
221, 222, 232, 121, 232, 444, 454, 555, 232, 332, 443, 444, 555, 343, 454, 676,
675, 565, 787, 454, 232, 454, 454, 454, 565, 232, 444, 454, 454, 454, 565, 121,
222, 222, 121, 332, 221, 221, 343, 454, 565, 332, 222, 343, 454, 454, 454, 343,
676, 676, 565, 676, 676, 121, 221, 232, 121, 232, 232, 221, 343, 454, 565, 443,
121, 121, 121, 121, 121, 121, 121, 343, 454, 565, 454, 232, 443, 454, 454, 565,
332, 454, 565, 454, 454, 565, 232, 232, 454, 444, 675, 554, 222, 454, 454, 454,
676, 343, 111, 121, 121, 121, 121, 121, 232, 444, 454, 565, 222, 343, 454, 454,
565, 343, 443, 565, 554, 454, 565, 443, 221, 444, 454, 554, 676, 222, 454, 454,
444, 565, 565, 121, 121, 121, 121, 121, 121, 221, 343, 454, 565, 332, 332, 444,
454, 565, 454, 333, 555, 565, 454, 565, 564, 121, 121, 121, 121, 121, 121, 222,
343, 454, 565, 443, 121, 121, 121, 121, 121, 121, 121, 343, 454, 565, 454, 232,
443, 454, 454, 565, 332, 454, 565, 454, 454, 565, 232, 232, 454, 444, 675, 554,
222, 454, 454, 454, 676, 343, 111, 121, 121, 121, 121, 121, 232, 444, 454, 565,
222, 343, 454, 454, 565, 343, 443, 565, 554, 454, 565, 443, 221, 444, 454, 554,
676, 222, 454, 454, 444, 565, 565, 121, 121, 121, 121, 121, 121, 221, 343, 454,
565, 332, 332, 444, 454, 565, 454, 333, 555, 565, 454, 565, 564, 121, 121, 121,
121, 121, 121, 222, 343, 454, 565, 443, 121, 121, 121, 121, 121, 121, 121, 343,
454, 565, 454, 232, 443, 454, 454, 565, 332, 454, 565, 454, 454, 565, 232, 232,
454, 444, 675, 554, 222, 454, 454, 454, 676, 343, 111, 121, 121, 121, 121, 121,
232, 444, 454, 565, 222, 343, 454, 454, 565, 343, 443, 565, 554, 454, 565, 443,
221, 444, 454, 554, 676, 222, 454, 454, 444, 565, 565, 121, 121, 121, 121, 121,
121, 221, 343, 454, 565, 332, 332, 444, 454, 565, 454, 333, 555, 565, 454, 565,
564, 121, 121, 121, 121, 121, 121, 222, 343, 454, 565, 443, 121, 121, 121, 121,
121, 121, 121, 343, 454, 565, 454, 232, 443, 454, 454, 565, 332, 454, 565, 454,
454, 565, 232, 232, 454, 444, 675, 554, 222, 454, 454, 454, 676, 343, 111, 121,
121, 121, 121, 121, 232, 444, 454, 565, 222, 343, 454, 454, 565, 343, 443, 565,
554, 454, 565, 443, 221, 444, 454, 554, 676, 222, 454, 454, 444, 565, 565, 121,
121, 121, 121, 121, 121, 221, 343, 454, 565, 332, 332, 444, 454, 565, 454, 333,
555, 565, 454, 565, 564, 121, 121, 121, 121, 121, 121, 222, 343, 454, 565, 443,
221, 343, 443, 443, 444, 444, 232, 343, 454, 565, 454, 232, 454, 454, 454, 665,
232, 454, 454, 454, 454, 565, 332, 332, 454, 444, 565, 554, 222, 343, 454, 454,
565, 343, 332, 343, 443, 454, 443, 343, 232, 454, 454, 565, 232, 443, 454, 454,
676, 343, 343, 454, 454, 454, 554, 454, 222, 454, 454, 454, 665, 221, 343, 454,
454, 565, 454, 232, 343, 443, 444, 443, 443, 232, 343, 454, 565, 333, 343, 454,
444, 565, 454, 343, 454, 454, 454, 454, 565, 232, 343, 443, 443, 443, 454, 232,
443, 454, 565, 443, 221, 343, 443, 443, 444, 444, 232, 343, 454, 565, 454, 232,
454, 454, 454, 665, 232, 454, 454, 454, 454, 565, 332, 332, 454, 444, 565, 554,
222, 343, 454, 454, 565, 343, 332, 343, 443, 454, 443, 343, 232, 454, 454, 565,
232, 443, 454, 454, 676, 343, 343, 454, 454, 454, 554, 454, 222, 454, 454, 454,
665, 221, 343, 454, 454, 565, 454, 232, 343, 443, 444, 443, 443, 232, 343, 454,
565, 333, 343, 454, 444, 565, 454, 343, 454, 454, 454, 454, 565, 232, 343, 443,
443, 443, 454, 232, 443, 454, 565, 443, 221, 343, 443, 443, 444, 444, 232, 343,
454, 565, 454, 232, 454, 454, 454, 665, 232, 454, 454, 454, 454, 565, 332, 332,
454, 444, 565, 554, 222, 343, 454, 454, 565, 343, 332, 343, 443, 454, 443, 343,
232, 454, 454, 565, 232, 443, 454, 454, 676, 343, 343, 454, 454, 454, 554, 454,
222, 454, 454, 454, 665, 221, 343, 454, 454, 565, 454, 232, 343, 443, 444, 443,
443, 232, 343, 454, 565, 333, 343, 454, 444, 565, 454, 343, 454, 454, 454, 454,
565, 232, 343, 443, 443, 443, 454, 232, 443, 454, 565, 443, 221, 343, 443, 443,
444, 444, 232, 343, 454, 565, 454, 232, 454, 454, 454, 665, 232, 454, 454, 454,
454, 565, 332, 332, 454, 444, 565, 554, 222, 343, 454, 454, 565, 343, 332, 343,
443, 454, 443, 343, 232, 454, 454, 565, 232, 443, 454, 454, 676, 343, 343, 454,
454, 454, 554, 454, 222, 454, 454, 454, 665, 221, 343, 454, 454, 565, 454, 232,
343, 443, 444, 443, 443, 232, 343, 454, 565, 333, 343, 454, 444, 565, 454, 343,
454, 454, 454, 454, 565, 232, 343, 443, 443, 443, 454, 232, 443, 454, 565, 443,
232, 565, 676, 676, 676, 676, 343, 232, 454, 565, 454, 343, 454, 454, 565, 565,
232, 443, 454, 454, 454, 665, 333, 232, 454, 454, 554, 554, 121, 343, 454, 454,
454, 343, 454, 665, 676, 676, 676, 565, 121, 343, 554, 565, 343, 454, 454, 454,
675, 332, 343, 454, 454, 444, 565, 454, 121, 343, 454, 454, 565, 221, 232, 454,
454, 454, 454, 343, 565, 676, 676, 676, 676, 222, 343, 454, 565, 343, 454, 454,
454, 565, 444, 232, 454, 454, 454, 454, 665, 332, 565, 676, 676, 676, 676, 343,
332, 454, 565, 443, 232, 565, 676, 676, 676, 676, 343, 232, 454, 565, 454, 343,
454, 454, 565, 565, 232, 443, 454, 454, 454, 665, 333, 232, 454, 454, 554, 554,
121, 343, 454, 454, 454, 343, 454, 665, 676, 676, 676, 565, 121, 343, 554, 565,
343, 454, 454, 454, 675, 332, 343, 454, 454, 444, 565, 454, 121, 343, 454, 454,
565, 221, 232, 454, 454, 454, 454, 343, 565, 676, 676, 676, 676, 222, 343, 454,
565, 343, 454, 454, 454, 565, 444, 232, 454, 454, 454, 454, 665, 332, 565, 676,
676, 676, 676, 343, 332, 454, 565, 443, 232, 565, 676, 676, 676, 676, 343, 232,
454, 565, 454, 343, 454, 454, 565, 565, 232, 443, 454, 454, 454, 665, 333, 232,
454, 454, 554, 554, 121, 343, 454, 454, 454, 343, 454, 665, 676, 676, 676, 565,
121, 343, 554, 565, 343, 454, 454, 454, 675, 332, 343, 454, 454, 444, 565, 454,
121, 343, 454, 454, 565, 221, 232, 454, 454, 454, 454, 343, 565, 676, 676, 676,
676, 222, 343, 454, 565, 343, 454, 454, 454, 565, 444, 232, 454, 454, 454, 454,
665, 332, 565, 676, 676, 676, 676, 343, 332, 454, 565, 443, 232, 565, 676, 676,
676, 676, 343, 232, 454, 565, 454, 343, 454, 454, 565, 565, 232, 443, 454, 454,
454, 665, 333, 232, 454, 454, 554, 554, 121, 343, 454, 454, 454, 343, 454, 665,
676, 676, 676, 565, 121, 343, 554, 565, 343, 454, 454, 454, 675, 332, 343, 454,
454, 444, 565, 454, 121, 343, 454, 454, 565, 221, 232, 454, 454, 454, 454, 343,
565, 676, 676, 676, 676, 222, 343, 454, 565, 343, 454, 454, 454, 565, 444, 232,
454, 454, 454, 454, 665, 332, 565, 676, 676, 676, 676, 343, 332, 454, 565, 443,
232, 333, 454, 565, 444, 565, 343, 332, 454, 565, 454, 343, 454, 454, 554, 454,
221, 343, 454, 454, 444, 565, 333, 221, 343, 454, 565, 454, 121, 343, 454, 454,
454, 343, 232, 443, 565, 454, 454, 454, 222, 443, 555, 554, 333, 454, 454, 454,
565, 232, 232, 454, 454, 454, 454, 454, 121, 332, 454, 454, 665, 222, 332, 454,
454, 454, 454, 232, 343, 565, 454, 444, 565, 232, 343, 454, 554, 343, 443, 454,
454, 565, 343, 222, 454, 454, 454, 444, 565, 232, 343, 454, 554, 443, 565, 343,
343, 454, 565, 343, 232, 333, 454, 565, 444, 565, 343, 332, 454, 565, 454, 343,
454, 454, 554, 454, 221, 343, 454, 454, 444, 565, 333, 221, 343, 454, 565, 454,
121, 343, 454, 454, 454, 343, 232, 443, 565, 454, 454, 454, 222, 443, 555, 554,
333, 454, 454, 454, 565, 232, 232, 454, 454, 454, 454, 454, 121, 332, 454, 454,
665, 222, 332, 454, 454, 454, 454, 232, 343, 565, 454, 444, 565, 232, 343, 454,
554, 343, 443, 454, 454, 565, 343, 222, 454, 454, 454, 444, 565, 232, 343, 454,
554, 443, 565, 343, 343, 454, 565, 343, 232, 333, 454, 565, 444, 565, 343, 332,
454, 565, 454, 343, 454, 454, 554, 454, 221, 343, 454, 454, 444, 565, 333, 221,
343, 454, 565, 454, 121, 343, 454, 454, 454, 343, 232, 443, 565, 454, 454, 454,
222, 443, 555, 554, 333, 454, 454, 454, 565, 232, 232, 454, 454, 454, 454, 454,
121, 332, 454, 454, 665, 222, 332, 454, 454, 454, 454, 232, 343, 565, 454, 444,
565, 232, 343, 454, 554, 343, 443, 454, 454, 565, 343, 222, 454, 454, 454, 444,
565, 232, 343, 454, 554, 443, 565, 343, 343, 454, 565, 343, 232, 333, 454, 565,
444, 565, 343, 332, 454, 565, 454, 343, 454, 454, 554, 454, 221, 343, 454, 454,
444, 565, 333, 221, 343, 454, 565, 454, 121, 343, 454, 454, 454, 343, 232, 443,
565, 454, 454, 454, 222, 443, 555, 554, 333, 454, 454, 454, 565, 232, 232, 454,
454, 454, 454, 454, 121, 332, 454, 454, 665, 222, 332, 454, 454, 454, 454, 232,
343, 565, 454, 444, 565, 232, 343, 454, 554, 343, 443, 454, 454, 565, 343, 222,
454, 454, 454, 444, 565, 232, 343, 454, 554, 443, 565, 343, 343, 454, 565, 343,
222, 232, 444, 454, 443, 565, 443, 343, 454, 454, 444, 332, 454, 454, 454, 454,
222, 343, 454, 454, 343, 454, 343, 332, 332, 454, 565, 454, 232, 454, 454, 454,
554, 343, 232, 343, 454, 444, 554, 565, 332, 454, 454, 555, 332, 443, 454, 454,
454, 232, 232, 454, 454, 343, 343, 454, 232, 232, 443, 554, 676, 232, 343, 454,
454, 454, 454, 222, 343, 454, 454, 454, 665, 332, 454, 444, 554, 343, 443, 454,
454, 454, 443, 222, 343, 454, 444, 343, 454, 232, 232, 454, 454, 454, 676, 343,
343, 454, 454, 343, 222, 232, 444, 454, 443, 565, 443, 343, 454, 454, 444, 332,
454, 454, 454, 454, 222, 343, 454, 454, 343, 454, 343, 332, 332, 454, 565, 454,
232, 454, 454, 454, 554, 343, 232, 343, 454, 444, 554, 565, 332, 454, 454, 555,
332, 443, 454, 454, 454, 232, 232, 454, 454, 343, 343, 454, 232, 232, 443, 554,
676, 232, 343, 454, 454, 454, 454, 222, 343, 454, 454, 454, 665, 332, 454, 444,
554, 343, 443, 454, 454, 454, 443, 222, 343, 454, 444, 343, 454, 232, 232, 454,
454, 454, 676, 343, 343, 454, 454, 343, 222, 232, 444, 454, 443, 565, 443, 343,
454, 454, 444, 332, 454, 454, 454, 454, 222, 343, 454, 454, 343, 454, 343, 332,
332, 454, 565, 454, 232, 454, 454, 454, 554, 343, 232, 343, 454, 444, 554, 565,
332, 454, 454, 555, 332, 443, 454, 454, 454, 232, 232, 454, 454, 343, 343, 454,
232, 232, 443, 554, 676, 232, 343, 454, 454, 454, 454, 222, 343, 454, 454, 454,
665, 332, 454, 444, 554, 343, 443, 454, 454, 454, 443, 222, 343, 454, 444, 343,
454, 232, 232, 454, 454, 454, 676, 343, 343, 454, 454, 343, 222, 232, 444, 454,
443, 565, 443, 343, 454, 454, 444, 332, 454, 454, 454, 454, 222, 343, 454, 454,
343, 454, 343, 332, 332, 454, 565, 454, 232, 454, 454, 454, 554, 343, 232, 343,
454, 444, 554, 565, 332, 454, 454, 555, 332, 443, 454, 454, 454, 232, 232, 454,
454, 343, 343, 454, 232, 232, 443, 554, 676, 232, 343, 454, 454, 454, 454, 222,
343, 454, 454, 454, 665, 332, 454, 444, 554, 343, 443, 454, 454, 454, 443, 222,
343, 454, 444, 343, 454, 232, 232, 454, 454, 454, 676, 343, 343, 454, 454, 343,
121, 343, 454, 454, 343, 454, 343, 343, 454, 443, 443, 221, 443, 454, 454, 454,
232, 332, 454, 343, 232, 454, 343, 343, 444, 443, 454, 443, 332, 454, 454, 454,
565, 333, 232, 454, 454, 343, 443, 454, 332, 454, 343, 554, 222, 343, 454, 443,
454, 333, 232, 443, 443, 232, 343, 454, 332, 443, 443, 454, 554, 232, 454, 454,
454, 555, 454, 221, 443, 454, 443, 343, 454, 332, 443, 343, 454, 333, 232, 454,
444, 454, 443, 232, 343, 454, 333, 232, 554, 222, 343, 454, 444, 343, 565, 333,
343, 343, 443, 443, 121, 343, 454, 454, 343, 454, 343, 343, 454, 443, 443, 221,
443, 454, 454, 454, 232, 332, 454, 343, 232, 454, 343, 343, 444, 443, 454, 443,
332, 454, 454, 454, 565, 333, 232, 454, 454, 343, 443, 454, 332, 454, 343, 554,
222, 343, 454, 443, 454, 333, 232, 443, 443, 232, 343, 454, 332, 443, 443, 454,
554, 232, 454, 454, 454, 555, 454, 221, 443, 454, 443, 343, 454, 332, 443, 343,
454, 333, 232, 454, 444, 454, 443, 232, 343, 454, 333, 232, 554, 222, 343, 454,
444, 343, 565, 333, 343, 343, 443, 443, 121, 343, 454, 454, 343, 454, 343, 343,
454, 443, 443, 221, 443, 454, 454, 454, 232, 332, 454, 343, 232, 454, 343, 343,
444, 443, 454, 443, 332, 454, 454, 454, 565, 333, 232, 454, 454, 343, 443, 454,
332, 454, 343, 554, 222, 343, 454, 443, 454, 333, 232, 443, 443, 232, 343, 454,
332, 443, 443, 454, 554, 232, 454, 454, 454, 555, 454, 221, 443, 454, 443, 343,
454, 332, 443, 343, 454, 333, 232, 454, 444, 454, 443, 232, 343, 454, 333, 232,
554, 222, 343, 454, 444, 343, 565, 333, 343, 343, 443, 443, 121, 343, 454, 454,
343, 454, 343, 343, 454, 443, 443, 221, 443, 454, 454, 454, 232, 332, 454, 343,
232, 454, 343, 343, 444, 443, 454, 443, 332, 454, 454, 454, 565, 333, 232, 454,
454, 343, 443, 454, 332, 454, 343, 554, 222, 343, 454, 443, 454, 333, 232, 443,
443, 232, 343, 454, 332, 443, 443, 454, 554, 232, 454, 454, 454, 555, 454, 221,
443, 454, 443, 343, 454, 332, 443, 343, 454, 333, 232, 454, 444, 454, 443, 232,
343, 454, 333, 232, 554, 222, 343, 454, 444, 343, 565, 333, 343, 343, 443, 443,
121, 343, 454, 343, 232, 454, 343, 332, 332, 332, 343, 221, 343, 343, 343, 454,
232, 343, 343, 232, 232, 454, 232, 232, 454, 232, 443, 343, 222, 443, 444, 443,
454, 332, 232, 454, 444, 232, 343, 444, 232, 343, 332, 454, 221, 332, 443, 332,
454, 332, 343, 443, 232, 221, 343, 343, 221, 443, 332, 343, 454, 221, 343, 454,
444, 454, 443, 221, 343, 454, 333, 232, 454, 232, 332, 332, 443, 333, 232, 343,
343, 343, 343, 332, 443, 343, 221, 332, 454, 221, 343, 454, 343, 332, 454, 333,
332, 232, 332, 343, 121, 343, 454, 343, 232, 454, 343, 332, 332, 332, 343, 221,
343, 343, 343, 454, 232, 343, 343, 232, 232, 454, 232, 232, 454, 232, 443, 343,
222, 443, 444, 443, 454, 332, 232, 454, 444, 232, 343, 444, 232, 343, 332, 454,
221, 332, 443, 332, 454, 332, 343, 443, 232, 221, 343, 343, 221, 443, 332, 343,
454, 221, 343, 454, 444, 454, 443, 221, 343, 454, 333, 232, 454, 232, 332, 332,
443, 333, 232, 343, 343, 343, 343, 332, 443, 343, 221, 332, 454, 221, 343, 454,
343, 332, 454, 333, 332, 232, 332, 343, 121, 343, 454, 343, 232, 454, 343, 332,
332, 332, 343, 221, 343, 343, 343, 454, 232, 343, 343, 232, 232, 454, 232, 232,
454, 232, 443, 343, 222, 443, 444, 443, 454, 332, 232, 454, 444, 232, 343, 444,
232, 343, 332, 454, 221, 332, 443, 332, 454, 332, 343, 443, 232, 221, 343, 343,
221, 443, 332, 343, 454, 221, 343, 454, 444, 454, 443, 221, 343, 454, 333, 232,
454, 232, 332, 332, 443, 333, 232, 343, 343, 343, 343, 332, 443, 343, 221, 332,
454, 221, 343, 454, 343, 332, 454, 333, 332, 232, 332, 343, 121, 343, 454, 343,
232, 454, 343, 332, 332, 332, 343, 221, 343, 343, 343, 454, 232, 343, 343, 232,
232, 454, 232, 232, 454, 232, 443, 343, 222, 443, 444, 443, 454, 332, 232, 454,
444, 232, 343, 444, 232, 343, 332, 454, 221, 332, 443, 332, 454, 332, 343, 443,
232, 221, 343, 343, 221, 443, 332, 343, 454, 221, 343, 454, 444, 454, 443, 221,
343, 454, 333, 232, 454, 232, 332, 332, 443, 333, 232, 343, 343, 343, 343, 332,
443, 343, 221, 332, 454, 221, 343, 454, 343, 332, 454, 333, 332, 232, 332, 343,
121, 222, 332, 232, 221, 332, 232, 232, 121, 332, 232, 121, 221, 232, 221, 232,
232, 332, 232, 222, 332, 332, 221, 221, 343, 222, 232, 232, 121, 232, 332, 332,
332, 222, 121, 332, 332, 121, 232, 232, 232, 221, 332, 232, 121, 121, 232, 221,
232, 232, 332, 232, 121, 232, 332, 232, 121, 232, 232, 232, 332, 121, 232, 332,
332, 332, 232, 121, 232, 332, 222, 232, 332, 232, 222, 232, 343, 221, 121, 232,
222, 232, 232, 232, 332, 221, 232, 332, 232, 121, 232, 333, 332, 232, 332, 232,
221, 121, 332, 232, 121, 222, 332, 232, 221, 332, 232, 232, 121, 332, 232, 121,
221, 232, 221, 232, 232, 332, 232, 222, 332, 332, 221, 221, 343, 222, 232, 232,
121, 232, 332, 332, 332, 222, 121, 332, 332, 121, 232, 232, 232, 221, 332, 232,
121, 121, 232, 221, 232, 232, 332, 232, 121, 232, 332, 232, 121, 232, 232, 232,
332, 121, 232, 332, 332, 332, 232, 121, 232, 332, 222, 232, 332, 232, 222, 232,
343, 221, 121, 232, 222, 232, 232, 232, 332, 221, 232, 332, 232, 121, 232, 333,
332, 232, 332, 232, 221, 121, 332, 232, 121, 222, 332, 232, 221, 332, 232, 232,
121, 332, 232, 121, 221, 232, 221, 232, 232, 332, 232, 222, 332, 332, 221, 221,
343, 222, 232, 232, 121, 232, 332, 332, 332, 222, 121, 332, 332, 121, 232, 232,
232, 221, 332, 232, 121, 121, 232, 221, 232, 232, 332, 232, 121, 232, 332, 232,
121, 232, 232, 232, 332, 121, 232, 332, 332, 332, 232, 121, 232, 332, 222, 232,
332, 232, 222, 232, 343, 221, 121, 232, 222, 232, 232, 232, 332, 221, 232, 332,
232, 121, 232, 333, 332, 232, 332, 232, 221, 121, 332, 232, 121, 222, 332, 232,
221, 332, 232, 232, 121, 332, 232, 121, 221, 232, 221, 232, 232, 332, 232, 222,
332, 332, 221, 221, 343, 222, 232, 232, 121, 232, 332, 332, 332, 222, 121, 332,
332, 121, 232, 232, 232, 221, 332, 232, 121, 121, 232, 221, 232, 232, 332, 232,
121, 232, 332, 232, 121, 232, 232, 232, 332, 121, 232, 332, 332, 332, 232, 121,
232, 332, 222, 232, 332, 232, 222, 232, 343, 221, 121, 232, 222, 232, 232, 232,
332, 221, 232, 332, 232, 121, 232, 333, 332, 232, 332, 232, 221, 121, 332, 232,
121, 222, 222, 222, 222, 222, 222, 232, 222, 221, 222, 222, 222, 221, 222, 222,
222, 221, 221, 222, 221, 222, 222, 222, 232, 222, 221, 222, 121, 221, 222, 222,
222, 121, 221, 222, 222, 222, 222, 221, 221, 222, 232, 221, 221, 221, 221, 222,
222, 222, 222, 121, 221, 222, 222, 222, 222, 232, 232, 232, 222, 121, 221, 222,
222, 222, 221, 121, 222, 222, 222, 222, 222, 221, 232, 232, 232, 221, 222, 222,
222, 222, 222, 222, 221, 221, 221, 222, 222, 222, 222, 222, 232, 232, 221, 121,
221, 221, 222, 221, 121, 222, 222, 222, 222, 222, 222, 232, 222, 221, 222, 222,
222, 221, 222, 222, 222, 221, 221, 222, 221, 222, 222, 222, 232, 222, 221, 222,
121, 221, 222, 222, 222, 121, 221, 222, 222, 222, 222, 221, 221, 222, 232, 221,
221, 221, 221, 222, 222, 222, 222, 121, 221, 222, 222, 222, 222, 232, 232, 232,
222, 121, 221, 222, 222, 222, 221, 121, 222, 222, 222, 222, 222, 221, 232, 232,
232, 221, 222, 222, 222, 222, 222, 222, 221, 221, 221, 222, 222, 222, 222, 222,
232, 232, 221, 121, 221, 221, 222, 221, 121, 222, 222, 222, 222, 222, 222, 232,
222, 221, 222, 222, 222, 221, 222, 222, 222, 221, 221, 222, 221, 222, 222, 222,
232, 222, 221, 222, 121, 221, 222, 222, 222, 121, 221, 222, 222, 222, 222, 221,
221, 222, 232, 221, 221, 221, 221, 222, 222, 222, 222, 121, 221, 222, 222, 222,
222, 232, 232, 232, 222, 121, 221, 222, 222, 222, 221, 121, 222, 222, 222, 222,
222, 221, 232, 232, 232, 221, 222, 222, 222, 222, 222, 222, 221, 221, 221, 222,
222, 222, 222, 222, 232, 232, 221, 121, 221, 221, 222, 221, 121, 222, 222, 222,
222, 222, 222, 232, 222, 221, 222, 222, 222, 221, 222, 222, 222, 221, 221, 222,
221, 222, 222, 222, 232, 222, 221, 222, 121, 221, 222, 222, 222, 121, 221, 222,
222, 222, 222, 221, 221, 222, 232, 221, 221, 221, 221, 222, 222, 222, 222, 121,
221, 222, 222, 222, 222, 232, 232, 232, 222, 121, 221, 222, 222, 222, 221, 121,
222, 222, 222, 222, 222, 221, 232, 232, 232, 221, 222, 222, 222, 222, 222, 222,
221, 221, 221, 222, 222, 222, 222, 222, 232, 232, 221, 121, 221, 221, 222, 221,
232, 565, 565, 675, 675, 776, 444, 454, 565, 565, 565, 676, 676, 565, 676, 676,
676, 454, 443, 565, 565, 565, 676, 676, 776, 676, 665, 676, 332, 565, 676, 676,
787, 343, 454, 565, 565, 676, 676, 565, 343, 565, 565, 565, 565, 676, 565, 676,
676, 676, 565, 332, 565, 565, 565, 676, 676, 676, 787, 665, 676, 343, 454, 665,
676, 776, 565, 343, 565, 565, 676, 665, 676, 332, 565, 665, 565, 565, 676, 676,
565, 676, 665, 676, 332, 555, 565, 565, 665, 676, 676, 776, 676, 676, 565, 333,
565, 565, 676, 454, 232, 565, 565, 675, 675, 776, 444, 454, 565, 565, 565, 676,
676, 565, 676, 676, 676, 454, 443, 565, 565, 565, 676, 676, 776, 676, 665, 676,
332, 565, 676, 676, 787, 343, 454, 565, 565, 676, 676, 565, 343, 565, 565, 565,
565, 676, 565, 676, 676, 676, 565, 332, 565, 565, 565, 676, 676, 676, 787, 665,
676, 343, 454, 665, 676, 776, 565, 343, 565, 565, 676, 665, 676, 332, 565, 665,
565, 565, 676, 676, 565, 676, 665, 676, 332, 555, 565, 565, 665, 676, 676, 776,
676, 676, 565, 333, 565, 565, 676, 454, 232, 565, 565, 675, 675, 776, 444, 454,
565, 565, 565, 676, 676, 565, 676, 676, 676, 454, 443, 565, 565, 565, 676, 676,
776, 676, 665, 676, 332, 565, 676, 676, 787, 343, 454, 565, 565, 676, 676, 565,
343, 565, 565, 565, 565, 676, 565, 676, 676, 676, 565, 332, 565, 565, 565, 676,
676, 676, 787, 665, 676, 343, 454, 665, 676, 776, 565, 343, 565, 565, 676, 665,
676, 332, 565, 665, 565, 565, 676, 676, 565, 676, 665, 676, 332, 555, 565, 565,
665, 676, 676, 776, 676, 676, 565, 333, 565, 565, 676, 454, 232, 565, 565, 675,
675, 776, 444, 454, 565, 565, 565, 676, 676, 565, 676, 676, 676, 454, 443, 565,
565, 565, 676, 676, 776, 676, 665, 676, 332, 565, 676, 676, 787, 343, 454, 565,
565, 676, 676, 565, 343, 565, 565, 565, 565, 676, 565, 676, 676, 676, 565, 332,
565, 565, 565, 676, 676, 676, 787, 665, 676, 343, 454, 665, 676, 776, 565, 343,
565, 565, 676, 665, 676, 332, 565, 665, 565, 565, 676, 676, 565, 676, 665, 676,
332, 555, 565, 565, 665, 676, 676, 776, 676, 676, 565, 333, 565, 565, 676, 454,
232, 454, 665, 565, 554, 676, 343, 454, 565, 565, 676, 454, 565, 787, 676, 554,
665, 454, 454, 676, 565, 454, 676, 565, 565, 565, 565, 675, 232, 454, 665, 676,
787, 443, 343, 565, 565, 565, 565, 554, 443, 665, 454, 676, 565, 454, 676, 787,
565, 565, 565, 343, 676, 675, 454, 565, 565, 554, 565, 554, 676, 343, 343, 565,
676, 786, 565, 332, 554, 665, 565, 554, 565, 333, 565, 555, 565, 565, 454, 665,
787, 676, 454, 676, 343, 565, 676, 554, 454, 675, 554, 565, 565, 665, 554, 332,
554, 565, 565, 454, 232, 454, 665, 565, 554, 676, 343, 454, 565, 565, 676, 454,
565, 787, 676, 554, 665, 454, 454, 676, 565, 454, 676, 565, 565, 565, 565, 675,
232, 454, 665, 676, 787, 443, 343, 565, 565, 565, 565, 554, 443, 665, 454, 676,
565, 454, 676, 787, 565, 565, 565, 343, 676, 675, 454, 565, 565, 554, 565, 554,
676, 343, 343, 565, 676, 786, 565, 332, 554, 665, 565, 554, 565, 333, 565, 555,
565, 565, 454, 665, 787, 676, 454, 676, 343, 565, 676, 554, 454, 675, 554, 565,
565, 665, 554, 332, 554, 565, 565, 454, 232, 454, 665, 565, 554, 676, 343, 454,
565, 565, 676, 454, 565, 787, 676, 554, 665, 454, 454, 676, 565, 454, 676, 565,
565, 565, 565, 675, 232, 454, 665, 676, 787, 443, 343, 565, 565, 565, 565, 554,
443, 665, 454, 676, 565, 454, 676, 787, 565, 565, 565, 343, 676, 675, 454, 565,
565, 554, 565, 554, 676, 343, 343, 565, 676, 786, 565, 332, 554, 665, 565, 554,
565, 333, 565, 555, 565, 565, 454, 665, 787, 676, 454, 676, 343, 565, 676, 554,
454, 675, 554, 565, 565, 665, 554, 332, 554, 565, 565, 454, 232, 454, 665, 565,
554, 676, 343, 454, 565, 565, 676, 454, 565, 787, 676, 554, 665, 454, 454, 676,
565, 454, 676, 565, 565, 565, 565, 675, 232, 454, 665, 676, 787, 443, 343, 565,
565, 565, 565, 554, 443, 665, 454, 676, 565, 454, 676, 787, 565, 565, 565, 343,
676, 675, 454, 565, 565, 554, 565, 554, 676, 343, 343, 565, 676, 786, 565, 332,
554, 665, 565, 554, 565, 333, 565, 555, 565, 565, 454, 665, 787, 676, 454, 676,
343, 565, 676, 554, 454, 675, 554, 565, 565, 665, 554, 332, 554, 565, 565, 454,
232, 444, 454, 454, 454, 676, 454, 343, 454, 454, 454, 555, 454, 565, 665, 454,
554, 454, 343, 454, 565, 454, 454, 454, 454, 454, 343, 232, 221, 343, 454, 675,
787, 443, 343, 454, 454, 454, 565, 565, 343, 454, 454, 454, 555, 454, 454, 676,
454, 454, 565, 332, 454, 565, 555, 454, 454, 454, 454, 444, 332, 221, 232, 454,
565, 787, 565, 332, 454, 454, 454, 454, 676, 343, 454, 454, 454, 554, 454, 454,
565, 565, 444, 565, 343, 454, 555, 565, 454, 454, 454, 454, 454, 343, 222, 332,
454, 454, 565, 454, 232, 444, 454, 454, 454, 676, 454, 343, 454, 454, 454, 555,
454, 565, 665, 454, 554, 454, 343, 454, 565, 454, 454, 454, 454, 454, 343, 232,
221, 343, 454, 675, 787, 443, 343, 454, 454, 454, 565, 565, 343, 454, 454, 454,
555, 454, 454, 676, 454, 454, 565, 332, 454, 565, 555, 454, 454, 454, 454, 444,
332, 221, 232, 454, 565, 787, 565, 332, 454, 454, 454, 454, 676, 343, 454, 454,
454, 554, 454, 454, 565, 565, 444, 565, 343, 454, 555, 565, 454, 454, 454, 454,
454, 343, 222, 332, 454, 454, 565, 454, 232, 444, 454, 454, 454, 676, 454, 343,
454, 454, 454, 555, 454, 565, 665, 454, 554, 454, 343, 454, 565, 454, 454, 454,
454, 454, 343, 232, 221, 343, 454, 675, 787, 443, 343, 454, 454, 454, 565, 565,
343, 454, 454, 454, 555, 454, 454, 676, 454, 454, 565, 332, 454, 565, 555, 454,
454, 454, 454, 444, 332, 221, 232, 454, 565, 787, 565, 332, 454, 454, 454, 454,
676, 343, 454, 454, 454, 554, 454, 454, 565, 565, 444, 565, 343, 454, 555, 565,
454, 454, 454, 454, 454, 343, 222, 332, 454, 454, 565, 454, 232, 444, 454, 454,
454, 676, 454, 343, 454, 454, 454, 555, 454, 565, 665, 454, 554, 454, 343, 454,
565, 454, 454, 454, 454, 454, 343, 232, 221, 343, 454, 675, 787, 443, 343, 454,
454, 454, 565, 565, 343, 454, 454, 454, 555, 454, 454, 676, 454, 454, 565, 332,
454, 565, 555, 454, 454, 454, 454, 444, 332, 221, 232, 454, 565, 787, 565, 332,
454, 454, 454, 454, 676, 343, 454, 454, 454, 554, 454, 454, 565, 565, 444, 565,
343, 454, 555, 565, 454, 454, 454, 454, 454, 343, 222, 332, 454, 454, 565, 454,
221, 443, 454, 454, 454, 665, 343, 343, 454, 454, 454, 454, 454, 454, 454, 454,
454, 454, 343, 454, 454, 454, 454, 454, 343, 333, 332, 121, 121, 232, 444, 454,
675, 343, 333, 454, 454, 444, 565, 565, 232, 443, 454, 454, 454, 454, 454, 454,
454, 454, 565, 332, 454, 454, 454, 454, 454, 454, 332, 343, 121, 121, 221, 343,
454, 565, 454, 232, 454, 454, 454, 454, 665, 343, 443, 454, 454, 454, 454, 454,
454, 454, 444, 565, 343, 343, 454, 454, 454, 454, 454, 343, 343, 222, 121, 232,
454, 444, 565, 454, 221, 443, 454, 454, 454, 665, 343, 343, 454, 454, 454, 454,
454, 454, 454, 454, 454, 454, 343, 454, 454, 454, 454, 454, 343, 333, 332, 121,
121, 232, 444, 454, 675, 343, 333, 454, 454, 444, 565, 565, 232, 443, 454, 454,
454, 454, 454, 454, 454, 454, 565, 332, 454, 454, 454, 454, 454, 454, 332, 343,
121, 121, 221, 343, 454, 565, 454, 232, 454, 454, 454, 454, 665, 343, 443, 454,
454, 454, 454, 454, 454, 454, 444, 565, 343, 343, 454, 454, 454, 454, 454, 343,
343, 222, 121, 232, 454, 444, 565, 454, 221, 443, 454, 454, 454, 665, 343, 343,
454, 454, 454, 454, 454, 454, 454, 454, 454, 454, 343, 454, 454, 454, 454, 454,
343, 333, 332, 121, 121, 232, 444, 454, 675, 343, 333, 454, 454, 444, 565, 565,
232, 443, 454, 454, 454, 454, 454, 454, 454, 454, 565, 332, 454, 454, 454, 454,
454, 454, 332, 343, 121, 121, 221, 343, 454, 565, 454, 232, 454, 454, 454, 454,
665, 343, 443, 454, 454, 454, 454, 454, 454, 454, 444, 565, 343, 343, 454, 454,
454, 454, 454, 343, 343, 222, 121, 232, 454, 444, 565, 454, 221, 443, 454, 454,
454, 665, 343, 343, 454, 454, 454, 454, 454, 454, 454, 454, 454, 454, 343, 454,
454, 454, 454, 454, 343, 333, 332, 121, 121, 232, 444, 454, 675, 343, 333, 454,
454, 444, 565, 565, 232, 443, 454, 454, 454, 454, 454, 454, 454, 454, 565, 332,
454, 454, 454, 454, 454, 454, 332, 343, 121, 121, 221, 343, 454, 565, 454, 232,
454, 454, 454, 454, 665, 343, 443, 454, 454, 454, 454, 454, 454, 454, 444, 565,
343, 343, 454, 454, 454, 454, 454, 343, 343, 222, 121, 232, 454, 444, 565, 454,
121, 343, 454, 454, 454, 565, 343, 221, 343, 454, 454, 454, 454, 454, 454, 454,
454, 443, 343, 443, 454, 454, 454, 454, 454, 232, 221, 232, 121, 332, 454, 444,
554, 333, 232, 454, 454, 454, 554, 554, 221, 343, 454, 454, 454, 454, 454, 454,
454, 454, 454, 332, 443, 454, 454, 454, 454, 454, 343, 221, 232, 222, 232, 444,
454, 454, 454, 221, 444, 454, 454, 454, 565, 232, 232, 454, 454, 454, 454, 454,
454, 454, 454, 554, 333, 343, 444, 454, 454, 454, 454, 444, 222, 222, 232, 221,
444, 454, 454, 443, 121, 343, 454, 454, 454, 565, 343, 221, 343, 454, 454, 454,
454, 454, 454, 454, 454, 443, 343, 443, 454, 454, 454, 454, 454, 232, 221, 232,
121, 332, 454, 444, 554, 333, 232, 454, 454, 454, 554, 554, 221, 343, 454, 454,
454, 454, 454, 454, 454, 454, 454, 332, 443, 454, 454, 454, 454, 454, 343, 221,
232, 222, 232, 444, 454, 454, 454, 221, 444, 454, 454, 454, 565, 232, 232, 454,
454, 454, 454, 454, 454, 454, 454, 554, 333, 343, 444, 454, 454, 454, 454, 444,
222, 222, 232, 221, 444, 454, 454, 443, 121, 343, 454, 454, 454, 565, 343, 221,
343, 454, 454, 454, 454, 454, 454, 454, 454, 443, 343, 443, 454, 454, 454, 454,
454, 232, 221, 232, 121, 332, 454, 444, 554, 333, 232, 454, 454, 454, 554, 554,
221, 343, 454, 454, 454, 454, 454, 454, 454, 454, 454, 332, 443, 454, 454, 454,
454, 454, 343, 221, 232, 222, 232, 444, 454, 454, 454, 221, 444, 454, 454, 454,
565, 232, 232, 454, 454, 454, 454, 454, 454, 454, 454, 554, 333, 343, 444, 454,
454, 454, 454, 444, 222, 222, 232, 221, 444, 454, 454, 443, 121, 343, 454, 454,
454, 565, 343, 221, 343, 454, 454, 454, 454, 454, 454, 454, 454, 443, 343, 443,
454, 454, 454, 454, 454, 232, 221, 232, 121, 332, 454, 444, 554, 333, 232, 454,
454, 454, 554, 554, 221, 343, 454, 454, 454, 454, 454, 454, 454, 454, 454, 332,
443, 454, 454, 454, 454, 454, 343, 221, 232, 222, 232, 444, 454, 454, 454, 221,
444, 454, 454, 454, 565, 232, 232, 454, 454, 454, 454, 454, 454, 454, 454, 554,
333, 343, 444, 454, 454, 454, 454, 444, 222, 222, 232, 221, 444, 454, 454, 443,
121, 232, 454, 454, 454, 454, 343, 121, 232, 454, 454, 454, 454, 454, 454, 454,
565, 343, 232, 332, 454, 454, 343, 343, 333, 222, 232, 332, 121, 343, 454, 454,
554, 343, 221, 443, 454, 454, 454, 454, 121, 221, 343, 454, 454, 454, 454, 454,
454, 454, 554, 222, 232, 343, 454, 443, 343, 333, 232, 232, 343, 221, 232, 454,
454, 454, 454, 121, 343, 454, 454, 454, 565, 232, 121, 333, 454, 454, 454, 454,
454, 454, 454, 565, 232, 232, 343, 454, 454, 444, 343, 332, 222, 333, 232, 121,
343, 454, 454, 443, 121, 232, 454, 454, 454, 454, 343, 121, 232, 454, 454, 454,
454, 454, 454, 454, 565, 343, 232, 332, 454, 454, 343, 343, 333, 222, 232, 332,
121, 343, 454, 454, 554, 343, 221, 443, 454, 454, 454, 454, 121, 221, 343, 454,
454, 454, 454, 454, 454, 454, 554, 222, 232, 343, 454, 443, 343, 333, 232, 232,
343, 221, 232, 454, 454, 454, 454, 121, 343, 454, 454, 454, 565, 232, 121, 333,
454, 454, 454, 454, 454, 454, 454, 565, 232, 232, 343, 454, 454, 444, 343, 332,
222, 333, 232, 121, 343, 454, 454, 443, 121, 232, 454, 454, 454, 454, 343, 121,
232, 454, 454, 454, 454, 454, 454, 454, 565, 343, 232, 332, 454, 454, 343, 343,
333, 222, 232, 332, 121, 343, 454, 454, 554, 343, 221, 443, 454, 454, 454, 454,
121, 221, 343, 454, 454, 454, 454, 454, 454, 454, 554, 222, 232, 343, 454, 443,
343, 333, 232, 232, 343, 221, 232, 454, 454, 454, 454, 121, 343, 454, 454, 454,
565, 232, 121, 333, 454, 454, 454, 454, 454, 454, 454, 565, 232, 232, 343, 454,
454, 444, 343, 332, 222, 333, 232, 121, 343, 454, 454, 443, 121, 232, 454, 454,
454, 454, 343, 121, 232, 454, 454, 454, 454, 454, 454, 454, 565, 343, 232, 332,
454, 454, 343, 343, 333, 222, 232, 332, 121, 343, 454, 454, 554, 343, 221, 443,
454, 454, 454, 454, 121, 221, 343, 454, 454, 454, 454, 454, 454, 454, 554, 222,
232, 343, 454, 443, 343, 333, 232, 232, 343, 221, 232, 454, 454, 454, 454, 121,
343, 454, 454, 454, 565, 232, 121, 333, 454, 454, 454, 454, 454, 454, 454, 565,
232, 232, 343, 454, 454, 444, 343, 332, 222, 333, 232, 121, 343, 454, 454, 443,
121, 232, 443, 454, 454, 343, 222, 121, 121, 343, 454, 454, 454, 454, 454, 444,
565, 444, 121, 232, 343, 343, 232, 221, 221, 121, 232, 222, 221, 343, 454, 454,
565, 343, 121, 343, 454, 454, 454, 232, 121, 121, 232, 454, 454, 454, 454, 454,
454, 454, 565, 121, 232, 343, 343, 332, 222, 221, 121, 232, 232, 121, 343, 454,
454, 554, 454, 121, 332, 444, 454, 454, 343, 221, 121, 221, 444, 454, 454, 454,
454, 454, 454, 676, 232, 221, 333, 343, 343, 232, 221, 121, 221, 332, 221, 121,
232, 454, 443, 232, 121, 232, 443, 454, 454, 343, 222, 121, 121, 343, 454, 454,
454, 454, 454, 444, 565, 444, 121, 232, 343, 343, 232, 221, 221, 121, 232, 222,
221, 343, 454, 454, 565, 343, 121, 343, 454, 454, 454, 232, 121, 121, 232, 454,
454, 454, 454, 454, 454, 454, 565, 121, 232, 343, 343, 332, 222, 221, 121, 232,
232, 121, 343, 454, 454, 554, 454, 121, 332, 444, 454, 454, 343, 221, 121, 221,
444, 454, 454, 454, 454, 454, 454, 676, 232, 221, 333, 343, 343, 232, 221, 121,
221, 332, 221, 121, 232, 454, 443, 232, 121, 232, 443, 454, 454, 343, 222, 121,
121, 343, 454, 454, 454, 454, 454, 444, 565, 444, 121, 232, 343, 343, 232, 221,
221, 121, 232, 222, 221, 343, 454, 454, 565, 343, 121, 343, 454, 454, 454, 232,
121, 121, 232, 454, 454, 454, 454, 454, 454, 454, 565, 121, 232, 343, 343, 332,
222, 221, 121, 232, 232, 121, 343, 454, 454, 554, 454, 121, 332, 444, 454, 454,
343, 221, 121, 221, 444, 454, 454, 454, 454, 454, 454, 676, 232, 221, 333, 343,
343, 232, 221, 121, 221, 332, 221, 121, 232, 454, 443, 232, 121, 232, 443, 454,
454, 343, 222, 121, 121, 343, 454, 454, 454, 454, 454, 444, 565, 444, 121, 232,
343, 343, 232, 221, 221, 121, 232, 222, 221, 343, 454, 454, 565, 343, 121, 343,
454, 454, 454, 232, 121, 121, 232, 454, 454, 454, 454, 454, 454, 454, 565, 121,
232, 343, 343, 332, 222, 221, 121, 232, 232, 121, 343, 454, 454, 554, 454, 121,
332, 444, 454, 454, 343, 221, 121, 221, 444, 454, 454, 454, 454, 454, 454, 676,
232, 221, 333, 343, 343, 232, 221, 121, 221, 332, 221, 121, 232, 454, 443, 232,
121, 232, 343, 454, 343, 232, 232, 121, 222, 222, 343, 454, 444, 343, 444, 454,
675, 443, 121, 222, 222, 222, 121, 121, 121, 121, 121, 121, 232, 454, 454, 454,
665, 343, 221, 232, 443, 454, 232, 232, 121, 222, 222, 333, 454, 454, 343, 443,
454, 565, 565, 121, 221, 222, 222, 121, 111, 121, 121, 121, 121, 121, 343, 454,
454, 565, 555, 121, 232, 343, 454, 343, 333, 221, 221, 222, 232, 443, 454, 443,
343, 454, 454, 676, 232, 121, 222, 221, 221, 121, 121, 121, 121, 121, 121, 221,
232, 343, 333, 232, 121, 232, 343, 454, 343, 232, 232, 121, 222, 222, 343, 454,
444, 343, 444, 454, 675, 443, 121, 222, 222, 222, 121, 121, 121, 121, 121, 121,
232, 454, 454, 454, 665, 343, 221, 232, 443, 454, 232, 232, 121, 222, 222, 333,
454, 454, 343, 443, 454, 565, 565, 121, 221, 222, 222, 121, 111, 121, 121, 121,
121, 121, 343, 454, 454, 565, 555, 121, 232, 343, 454, 343, 333, 221, 221, 222,
232, 443, 454, 443, 343, 454, 454, 676, 232, 121, 222, 221, 221, 121, 121, 121,
121, 121, 121, 221, 232, 343, 333, 232, 121, 232, 343, 454, 343, 232, 232, 121,
222, 222, 343, 454, 444, 343, 444, 454, 675, 443, 121, 222, 222, 222, 121, 121,
121, 121, 121, 121, 232, 454, 454, 454, 665, 343, 221, 232, 443, 454, 232, 232,
121, 222, 222, 333, 454, 454, 343, 443, 454, 565, 565, 121, 221, 222, 222, 121,
111, 121, 121, 121, 121, 121, 343, 454, 454, 565, 555, 121, 232, 343, 454, 343,
333, 221, 221, 222, 232, 443, 454, 443, 343, 454, 454, 676, 232, 121, 222, 221,
221, 121, 121, 121, 121, 121, 121, 221, 232, 343, 333, 232, 121, 232, 343, 454,
343, 232, 232, 121, 222, 222, 343, 454, 444, 343, 444, 454, 675, 443, 121, 222,
222, 222, 121, 121, 121, 121, 121, 121, 232, 454, 454, 454, 665, 343, 221, 232,
443, 454, 232, 232, 121, 222, 222, 333, 454, 454, 343, 443, 454, 565, 565, 121,
221, 222, 222, 121, 111, 121, 121, 121, 121, 121, 343, 454, 454, 565, 555, 121,
232, 343, 454, 343, 333, 221, 221, 222, 232, 443, 454, 443, 343, 454, 454, 676,
232, 121, 222, 221, 221, 121, 121, 121, 121, 121, 121, 221, 232, 343, 333, 232,
121, 332, 232, 332, 232, 343, 343, 222, 343, 221, 222, 454, 343, 222, 343, 454,
665, 343, 232, 343, 443, 443, 454, 343, 232, 443, 443, 343, 232, 444, 454, 444,
565, 343, 232, 232, 232, 343, 232, 443, 121, 343, 232, 121, 343, 443, 232, 232,
454, 565, 555, 232, 343, 343, 444, 444, 454, 232, 343, 444, 443, 332, 343, 454,
443, 554, 554, 222, 232, 232, 343, 232, 443, 222, 232, 343, 121, 332, 454, 232,
232, 343, 454, 665, 232, 343, 343, 444, 443, 454, 332, 232, 444, 443, 343, 222,
232, 222, 332, 343, 121, 332, 232, 332, 232, 343, 343, 222, 343, 221, 222, 454,
343, 222, 343, 454, 665, 343, 232, 343, 443, 443, 454, 343, 232, 443, 443, 343,
232, 444, 454, 444, 565, 343, 232, 232, 232, 343, 232, 443, 121, 343, 232, 121,
343, 443, 232, 232, 454, 565, 555, 232, 343, 343, 444, 444, 454, 232, 343, 444,
443, 332, 343, 454, 443, 554, 554, 222, 232, 232, 343, 232, 443, 222, 232, 343,
121, 332, 454, 232, 232, 343, 454, 665, 232, 343, 343, 444, 443, 454, 332, 232,
444, 443, 343, 222, 232, 222, 332, 343, 121, 332, 232, 332, 232, 343, 343, 222,
343, 221, 222, 454, 343, 222, 343, 454, 665, 343, 232, 343, 443, 443, 454, 343,
232, 443, 443, 343, 232, 444, 454, 444, 565, 343, 232, 232, 232, 343, 232, 443,
121, 343, 232, 121, 343, 443, 232, 232, 454, 565, 555, 232, 343, 343, 444, 444,
454, 232, 343, 444, 443, 332, 343, 454, 443, 554, 554, 222, 232, 232, 343, 232,
443, 222, 232, 343, 121, 332, 454, 232, 232, 343, 454, 665, 232, 343, 343, 444,
443, 454, 332, 232, 444, 443, 343, 222, 232, 222, 332, 343, 121, 332, 232, 332,
232, 343, 343, 222, 343, 221, 222, 454, 343, 222, 343, 454, 665, 343, 232, 343,
443, 443, 454, 343, 232, 443, 443, 343, 232, 444, 454, 444, 565, 343, 232, 232,
232, 343, 232, 443, 121, 343, 232, 121, 343, 443, 232, 232, 454, 565, 555, 232,
343, 343, 444, 444, 454, 232, 343, 444, 443, 332, 343, 454, 443, 554, 554, 222,
232, 232, 343, 232, 443, 222, 232, 343, 121, 332, 454, 232, 232, 343, 454, 665,
232, 343, 343, 444, 443, 454, 332, 232, 444, 443, 343, 222, 232, 222, 332, 343,
222, 343, 343, 222, 232, 454, 333, 222, 343, 332, 221, 333, 232, 222, 343, 454,
565, 343, 443, 565, 676, 665, 676, 676, 332, 676, 676, 676, 332, 443, 343, 343,
454, 333, 343, 443, 232, 232, 343, 454, 121, 343, 343, 222, 232, 333, 222, 232,
454, 454, 554, 333, 565, 676, 676, 665, 787, 343, 565, 676, 676, 444, 343, 343,
333, 454, 454, 232, 443, 232, 232, 343, 454, 222, 332, 343, 232, 222, 343, 232,
232, 343, 454, 565, 332, 554, 565, 676, 565, 787, 454, 443, 676, 676, 565, 232,
443, 232, 343, 343, 222, 343, 343, 222, 232, 454, 333, 222, 343, 332, 221, 333,
232, 222, 343, 454, 565, 343, 443, 565, 676, 665, 676, 676, 332, 676, 676, 676,
332, 443, 343, 343, 454, 333, 343, 443, 232, 232, 343, 454, 121, 343, 343, 222,
232, 333, 222, 232, 454, 454, 554, 333, 565, 676, 676, 665, 787, 343, 565, 676,
676, 444, 343, 343, 333, 454, 454, 232, 443, 232, 232, 343, 454, 222, 332, 343,
232, 222, 343, 232, 232, 343, 454, 565, 332, 554, 565, 676, 565, 787, 454, 443,
676, 676, 565, 232, 443, 232, 343, 343, 222, 343, 343, 222, 232, 454, 333, 222,
343, 332, 221, 333, 232, 222, 343, 454, 565, 343, 443, 565, 676, 665, 676, 676,
332, 676, 676, 676, 332, 443, 343, 343, 454, 333, 343, 443, 232, 232, 343, 454,
121, 343, 343, 222, 232, 333, 222, 232, 454, 454, 554, 333, 565, 676, 676, 665,
787, 343, 565, 676, 676, 444, 343, 343, 333, 454, 454, 232, 443, 232, 232, 343,
454, 222, 332, 343, 232, 222, 343, 232, 232, 343, 454, 565, 332, 554, 565, 676,
565, 787, 454, 443, 676, 676, 565, 232, 443, 232, 343, 343, 222, 343, 343, 222,
232, 454, 333, 222, 343, 332, 221, 333, 232, 222, 343, 454, 565, 343, 443, 565,
676, 665, 676, 676, 332, 676, 676, 676, 332, 443, 343, 343, 454, 333, 343, 443,
232, 232, 343, 454, 121, 343, 343, 222, 232, 333, 222, 232, 454, 454, 554, 333,
565, 676, 676, 665, 787, 343, 565, 676, 676, 444, 343, 343, 333, 454, 454, 232,
443, 232, 232, 343, 454, 222, 332, 343, 232, 222, 343, 232, 232, 343, 454, 565,
332, 554, 565, 676, 565, 787, 454, 443, 676, 676, 565, 232, 443, 232, 343, 343,
232, 444, 454, 332, 343, 554, 343, 121, 232, 343, 222, 121, 232, 343, 343, 443,
454, 343, 343, 454, 565, 454, 454, 565, 232, 554, 554, 665, 332, 333, 232, 343,
454, 343, 343, 454, 343, 332, 454, 454, 121, 222, 333, 232, 121, 232, 332, 343,
443, 443, 443, 232, 444, 554, 454, 444, 565, 333, 454, 565, 565, 443, 332, 232,
232, 454, 454, 332, 454, 443, 343, 443, 565, 222, 221, 232, 332, 121, 221, 332,
343, 443, 343, 454, 232, 343, 454, 565, 444, 565, 454, 343, 565, 555, 565, 332,
454, 343, 454, 444, 232, 444, 454, 332, 343, 554, 343, 121, 232, 343, 222, 121,
232, 343, 343, 443, 454, 343, 343, 454, 565, 454, 454, 565, 232, 554, 554, 665,
332, 333, 232, 343, 454, 343, 343, 454, 343, 332, 454, 454, 121, 222, 333, 232,
121, 232, 332, 343, 443, 443, 443, 232, 444, 554, 454, 444, 565, 333, 454, 565,
565, 443, 332, 232, 232, 454, 454, 332, 454, 443, 343, 443, 565, 222, 221, 232,
332, 121, 221, 332, 343, 443, 343, 454, 232, 343, 454, 565, 444, 565, 454, 343,
565, 555, 565, 332, 454, 343, 454, 444, 232, 444, 454, 332, 343, 554, 343, 121,
232, 343, 222, 121, 232, 343, 343, 443, 454, 343, 343, 454, 565, 454, 454, 565,
232, 554, 554, 665, 332, 333, 232, 343, 454, 343, 343, 454, 343, 332, 454, 454,
121, 222, 333, 232, 121, 232, 332, 343, 443, 443, 443, 232, 444, 554, 454, 444,
565, 333, 454, 565, 565, 443, 332, 232, 232, 454, 454, 332, 454, 443, 343, 443,
565, 222, 221, 232, 332, 121, 221, 332, 343, 443, 343, 454, 232, 343, 454, 565,
444, 565, 454, 343, 565, 555, 565, 332, 454, 343, 454, 444, 232, 444, 454, 332,
343, 554, 343, 121, 232, 343, 222, 121, 232, 343, 343, 443, 454, 343, 343, 454,
565, 454, 454, 565, 232, 554, 554, 665, 332, 333, 232, 343, 454, 343, 343, 454,
343, 332, 454, 454, 121, 222, 333, 232, 121, 232, 332, 343, 443, 443, 443, 232,
444, 554, 454, 444, 565, 333, 454, 565, 565, 443, 332, 232, 232, 454, 454, 332,
454, 443, 343, 443, 565, 222, 221, 232, 332, 121, 221, 332, 343, 443, 343, 454,
232, 343, 454, 565, 444, 565, 454, 343, 565, 555, 565, 332, 454, 343, 454, 444,
343, 555, 454, 443, 443, 565, 343, 121, 222, 222, 121, 121, 232, 232, 232, 232,
232, 222, 343, 454, 454, 454, 454, 454, 332, 454, 444, 565, 232, 222, 232, 343,
454, 333, 343, 454, 454, 343, 454, 565, 121, 121, 232, 121, 121, 222, 232, 232,
232, 232, 222, 232, 454, 454, 454, 454, 454, 332, 443, 454, 554, 343, 221, 222,
343, 454, 343, 332, 454, 454, 454, 444, 565, 232, 121, 232, 121, 121, 121, 232,
232, 232, 232, 232, 232, 443, 454, 454, 454, 454, 343, 343, 454, 454, 454, 332,
454, 454, 454, 454, 343, 555, 454, 443, 443, 565, 343, 121, 222, 222, 121, 121,
232, 232, 232, 232, 232, 222, 343, 454, 454, 454, 454, 454, 332, 454, 444, 565,
232, 222, 232, 343, 454, 333, 343, 454, 454, 343, 454, 565, 121, 121, 232, 121,
121, 222, 232, 232, 232, 232, 222, 232, 454, 454, 454, 454, 454, 332, 443, 454,
554, 343, 221, 222, 343, 454, 343, 332, 454, 454, 454, 444, 565, 232, 121, 232,
121, 121, 121, 232, 232, 232, 232, 232, 232, 443, 454, 454, 454, 454, 343, 343,
454, 454, 454, 332, 454, 454, 454, 454, 343, 555, 454, 443, 443, 565, 343, 121,
222, 222, 121, 121, 232, 232, 232, 232, 232, 222, 343, 454, 454, 454, 454, 454,
332, 454, 444, 565, 232, 222, 232, 343, 454, 333, 343, 454, 454, 343, 454, 565,
121, 121, 232, 121, 121, 222, 232, 232, 232, 232, 222, 232, 454, 454, 454, 454,
454, 332, 443, 454, 554, 343, 221, 222, 343, 454, 343, 332, 454, 454, 454, 444,
565, 232, 121, 232, 121, 121, 121, 232, 232, 232, 232, 232, 232, 443, 454, 454,
454, 454, 343, 343, 454, 454, 454, 332, 454, 454, 454, 454, 343, 555, 454, 443,
443, 565, 343, 121, 222, 222, 121, 121, 232, 232, 232, 232, 232, 222, 343, 454,
454, 454, 454, 454, 332, 454, 444, 565, 232, 222, 232, 343, 454, 333, 343, 454,
454, 343, 454, 565, 121, 121, 232, 121, 121, 222, 232, 232, 232, 232, 222, 232,
454, 454, 454, 454, 454, 332, 443, 454, 554, 343, 221, 222, 343, 454, 343, 332,
454, 454, 454, 444, 565, 232, 121, 232, 121, 121, 121, 232, 232, 232, 232, 232,
232, 443, 454, 454, 454, 454, 343, 343, 454, 454, 454, 332, 454, 454, 454, 454,
333, 565, 454, 454, 454, 565, 343, 121, 232, 232, 332, 232, 222, 232, 232, 232,
332, 232, 343, 454, 454, 454, 454, 454, 332, 454, 454, 565, 222, 221, 332, 232,
232, 222, 343, 454, 454, 454, 454, 554, 121, 232, 232, 332, 332, 221, 232, 232,
232, 332, 232, 232, 454, 454, 454, 454, 565, 332, 443, 454, 554, 343, 121, 232,
232, 232, 232, 332, 454, 454, 454, 454, 565, 222, 221, 232, 332, 332, 222, 232,
232, 232, 332, 332, 232, 443, 454, 454, 454, 454, 443, 343, 454, 454, 454, 332,
454, 454, 554, 454, 333, 565, 454, 454, 454, 565, 343, 121, 232, 232, 332, 232,
222, 232, 232, 232, 332, 232, 343, 454, 454, 454, 454, 454, 332, 454, 454, 565,
222, 221, 332, 232, 232, 222, 343, 454, 454, 454, 454, 554, 121, 232, 232, 332,
332, 221, 232, 232, 232, 332, 232, 232, 454, 454, 454, 454, 565, 332, 443, 454,
554, 343, 121, 232, 232, 232, 232, 332, 454, 454, 454, 454, 565, 222, 221, 232,
332, 332, 222, 232, 232, 232, 332, 332, 232, 443, 454, 454, 454, 454, 443, 343,
454, 454, 454, 332, 454, 454, 554, 454, 333, 565, 454, 454, 454, 565, 343, 121,
232, 232, 332, 232, 222, 232, 232, 232, 332, 232, 343, 454, 454, 454, 454, 454,
332, 454, 454, 565, 222, 221, 332, 232, 232, 222, 343, 454, 454, 454, 454, 554,
121, 232, 232, 332, 332, 221, 232, 232, 232, 332, 232, 232, 454, 454, 454, 454,
565, 332, 443, 454, 554, 343, 121, 232, 232, 232, 232, 332, 454, 454, 454, 454,
565, 222, 221, 232, 332, 332, 222, 232, 232, 232, 332, 332, 232, 443, 454, 454,
454, 454, 443, 343, 454, 454, 454, 332, 454, 454, 554, 454, 333, 565, 454, 454,
454, 565, 343, 121, 232, 232, 332, 232, 222, 232, 232, 232, 332, 232, 343, 454,
454, 454, 454, 454, 332, 454, 454, 565, 222, 221, 332, 232, 232, 222, 343, 454,
454, 454, 454, 554, 121, 232, 232, 332, 332, 221, 232, 232, 232, 332, 232, 232,
454, 454, 454, 454, 565, 332, 443, 454, 554, 343, 121, 232, 232, 232, 232, 332,
454, 454, 454, 454, 565, 222, 221, 232, 332, 332, 222, 232, 232, 232, 332, 332,
232, 443, 454, 454, 454, 454, 443, 343, 454, 454, 454, 332, 454, 454, 554, 454,
343, 565, 454, 454, 454, 565, 343, 222, 565, 676, 776, 565, 343, 665, 665, 676,
787, 454, 232, 454, 454, 454, 554, 665, 332, 454, 454, 676, 232, 121, 121, 121,
121, 221, 343, 454, 454, 454, 565, 454, 121, 454, 676, 676, 676, 332, 565, 565,
676, 676, 665, 222, 454, 454, 454, 454, 676, 343, 443, 454, 676, 443, 121, 121,
121, 121, 121, 333, 454, 454, 454, 454, 565, 221, 343, 676, 676, 787, 343, 454,
665, 676, 676, 786, 232, 343, 454, 454, 444, 665, 454, 343, 454, 565, 565, 332,
454, 454, 565, 443, 343, 565, 454, 454, 454, 565, 343, 222, 565, 676, 776, 565,
343, 665, 665, 676, 787, 454, 232, 454, 454, 454, 554, 665, 332, 454, 454, 676,
232, 121, 121, 121, 121, 221, 343, 454, 454, 454, 565, 454, 121, 454, 676, 676,
676, 332, 565, 565, 676, 676, 665, 222, 454, 454, 454, 454, 676, 343, 443, 454,
676, 443, 121, 121, 121, 121, 121, 333, 454, 454, 454, 454, 565, 221, 343, 676,
676, 787, 343, 454, 665, 676, 676, 786, 232, 343, 454, 454, 444, 665, 454, 343,
454, 565, 565, 332, 454, 454, 565, 443, 343, 565, 454, 454, 454, 565, 343, 222,
565, 676, 776, 565, 343, 665, 665, 676, 787, 454, 232, 454, 454, 454, 554, 665,
332, 454, 454, 676, 232, 121, 121, 121, 121, 221, 343, 454, 454, 454, 565, 454,
121, 454, 676, 676, 676, 332, 565, 565, 676, 676, 665, 222, 454, 454, 454, 454,
676, 343, 443, 454, 676, 443, 121, 121, 121, 121, 121, 333, 454, 454, 454, 454,
565, 221, 343, 676, 676, 787, 343, 454, 665, 676, 676, 786, 232, 343, 454, 454,
444, 665, 454, 343, 454, 565, 565, 332, 454, 454, 565, 443, 343, 565, 454, 454,
454, 565, 343, 222, 565, 676, 776, 565, 343, 665, 665, 676, 787, 454, 232, 454,
454, 454, 554, 665, 332, 454, 454, 676, 232, 121, 121, 121, 121, 221, 343, 454,
454, 454, 565, 454, 121, 454, 676, 676, 676, 332, 565, 565, 676, 676, 665, 222,
454, 454, 454, 454, 676, 343, 443, 454, 676, 443, 121, 121, 121, 121, 121, 333,
454, 454, 454, 454, 565, 221, 343, 676, 676, 787, 343, 454, 665, 676, 676, 786,
232, 343, 454, 454, 444, 665, 454, 343, 454, 565, 565, 332, 454, 454, 565, 443,
343, 565, 444, 454, 454, 565, 343, 232, 454, 565, 565, 454, 332, 454, 454, 565,
665, 443, 232, 454, 454, 454, 565, 676, 232, 454, 454, 676, 222, 121, 221, 121,
121, 221, 343, 454, 454, 454, 565, 454, 221, 443, 565, 565, 565, 232, 444, 454,
565, 565, 554, 222, 443, 454, 454, 454, 676, 333, 343, 454, 676, 343, 121, 221,
121, 121, 121, 333, 454, 454, 454, 454, 565, 222, 343, 554, 565, 565, 343, 343,
454, 565, 565, 565, 232, 343, 454, 454, 454, 676, 454, 333, 454, 565, 565, 332,
454, 454, 565, 444, 343, 565, 444, 454, 454, 565, 343, 232, 454, 565, 565, 454,
332, 454, 454, 565, 665, 443, 232, 454, 454, 454, 565, 676, 232, 454, 454, 676,
222, 121, 221, 121, 121, 221, 343, 454, 454, 454, 565, 454, 221, 443, 565, 565,
565, 232, 444, 454, 565, 565, 554, 222, 443, 454, 454, 454, 676, 333, 343, 454,
676, 343, 121, 221, 121, 121, 121, 333, 454, 454, 454, 454, 565, 222, 343, 554,
565, 565, 343, 343, 454, 565, 565, 565, 232, 343, 454, 454, 454, 676, 454, 333,
454, 565, 565, 332, 454, 454, 565, 444, 343, 565, 444, 454, 454, 565, 343, 232,
454, 565, 565, 454, 332, 454, 454, 565, 665, 443, 232, 454, 454, 454, 565, 676,
232, 454, 454, 676, 222, 121, 221, 121, 121, 221, 343, 454, 454, 454, 565, 454,
221, 443, 565, 565, 565, 232, 444, 454, 565, 565, 554, 222, 443, 454, 454, 454,
676, 333, 343, 454, 676, 343, 121, 221, 121, 121, 121, 333, 454, 454, 454, 454,
565, 222, 343, 554, 565, 565, 343, 343, 454, 565, 565, 565, 232, 343, 454, 454,
454, 676, 454, 333, 454, 565, 565, 332, 454, 454, 565, 444, 343, 565, 444, 454,
454, 565, 343, 232, 454, 565, 565, 454, 332, 454, 454, 565, 665, 443, 232, 454,
454, 454, 565, 676, 232, 454, 454, 676, 222, 121, 221, 121, 121, 221, 343, 454,
454, 454, 565, 454, 221, 443, 565, 565, 565, 232, 444, 454, 565, 565, 554, 222,
443, 454, 454, 454, 676, 333, 343, 454, 676, 343, 121, 221, 121, 121, 121, 333,
454, 454, 454, 454, 565, 222, 343, 554, 565, 565, 343, 343, 454, 565, 565, 565,
232, 343, 454, 454, 454, 676, 454, 333, 454, 565, 565, 332, 454, 454, 565, 444,
343, 565, 444, 454, 454, 665, 343, 232, 454, 454, 454, 454, 232, 443, 454, 454,
555, 443, 121, 343, 454, 454, 565, 454, 221, 343, 454, 565, 222, 232, 343, 222,
222, 121, 343, 454, 454, 454, 565, 565, 221, 443, 454, 454, 454, 232, 343, 454,
454, 454, 454, 121, 232, 454, 444, 454, 565, 232, 332, 454, 565, 343, 221, 343,
222, 232, 121, 332, 454, 454, 454, 454, 676, 232, 343, 454, 454, 454, 343, 332,
444, 454, 454, 554, 232, 221, 443, 454, 454, 565, 343, 222, 443, 555, 454, 332,
454, 444, 565, 454, 343, 565, 444, 454, 454, 665, 343, 232, 454, 454, 454, 454,
232, 443, 454, 454, 555, 443, 121, 343, 454, 454, 565, 454, 221, 343, 454, 565,
222, 232, 343, 222, 222, 121, 343, 454, 454, 454, 565, 565, 221, 443, 454, 454,
454, 232, 343, 454, 454, 454, 454, 121, 232, 454, 444, 454, 565, 232, 332, 454,
565, 343, 221, 343, 222, 232, 121, 332, 454, 454, 454, 454, 676, 232, 343, 454,
454, 454, 343, 332, 444, 454, 454, 554, 232, 221, 443, 454, 454, 565, 343, 222,
443, 555, 454, 332, 454, 444, 565, 454, 343, 565, 444, 454, 454, 665, 343, 232,
454, 454, 454, 454, 232, 443, 454, 454, 555, 443, 121, 343, 454, 454, 565, 454,
221, 343, 454, 565, 222, 232, 343, 222, 222, 121, 343, 454, 454, 454, 565, 565,
221, 443, 454, 454, 454, 232, 343, 454, 454, 454, 454, 121, 232, 454, 444, 454,
565, 232, 332, 454, 565, 343, 221, 343, 222, 232, 121, 332, 454, 454, 454, 454,
676, 232, 343, 454, 454, 454, 343, 332, 444, 454, 454, 554, 232, 221, 443, 454,
454, 565, 343, 222, 443, 555, 454, 332, 454, 444, 565, 454, 343, 565, 444, 454,
454, 665, 343, 232, 454, 454, 454, 454, 232, 443, 454, 454, 555, 443, 121, 343,
454, 454, 565, 454, 221, 343, 454, 565, 222, 232, 343, 222, 222, 121, 343, 454,
454, 454, 565, 565, 221, 443, 454, 454, 454, 232, 343, 454, 454, 454, 454, 121,
232, 454, 444, 454, 565, 232, 332, 454, 565, 343, 221, 343, 222, 232, 121, 332,
454, 454, 454, 454, 676, 232, 343, 454, 454, 454, 343, 332, 444, 454, 454, 554,
232, 221, 443, 454, 454, 565, 343, 222, 443, 555, 454, 332, 454, 444, 565, 454,
333, 555, 454, 454, 454, 554, 343, 343, 454, 454, 454, 454, 232, 232, 443, 454,
454, 343, 121, 232, 343, 343, 343, 343, 121, 232, 454, 554, 232, 343, 343, 343,
232, 121, 232, 454, 454, 454, 454, 454, 332, 454, 454, 454, 454, 232, 232, 343,
454, 454, 554, 121, 221, 332, 343, 343, 343, 221, 221, 443, 454, 343, 232, 343,
343, 232, 221, 222, 443, 454, 454, 454, 554, 232, 443, 454, 454, 454, 343, 232,
333, 444, 444, 454, 232, 121, 232, 343, 343, 343, 232, 121, 343, 454, 454, 221,
443, 454, 454, 443, 333, 555, 454, 454, 454, 554, 343, 343, 454, 454, 454, 454,
232, 232, 443, 454, 454, 343, 121, 232, 343, 343, 343, 343, 121, 232, 454, 554,
232, 343, 343, 343, 232, 121, 232, 454, 454, 454, 454, 454, 332, 454, 454, 454,
454, 232, 232, 343, 454, 454, 554, 121, 221, 332, 343, 343, 343, 221, 221, 443,
454, 343, 232, 343, 343, 232, 221, 222, 443, 454, 454, 454, 554, 232, 443, 454,
454, 454, 343, 232, 333, 444, 444, 454, 232, 121, 232, 343, 343, 343, 232, 121,
343, 454, 454, 221, 443, 454, 454, 443, 333, 555, 454, 454, 454, 554, 343, 343,
454, 454, 454, 454, 232, 232, 443, 454, 454, 343, 121, 232, 343, 343, 343, 343,
121, 232, 454, 554, 232, 343, 343, 343, 232, 121, 232, 454, 454, 454, 454, 454,
332, 454, 454, 454, 454, 232, 232, 343, 454, 454, 554, 121, 221, 332, 343, 343,
343, 221, 221, 443, 454, 343, 232, 343, 343, 232, 221, 222, 443, 454, 454, 454,
554, 232, 443, 454, 454, 454, 343, 232, 333, 444, 444, 454, 232, 121, 232, 343,
343, 343, 232, 121, 343, 454, 454, 221, 443, 454, 454, 443, 333, 555, 454, 454,
454, 554, 343, 343, 454, 454, 454, 454, 232, 232, 443, 454, 454, 343, 121, 232,
343, 343, 343, 343, 121, 232, 454, 554, 232, 343, 343, 343, 232, 121, 232, 454,
454, 454, 454, 454, 332, 454, 454, 454, 454, 232, 232, 343, 454, 454, 554, 121,
221, 332, 343, 343, 343, 221, 221, 443, 454, 343, 232, 343, 343, 232, 221, 222,
443, 454, 454, 454, 554, 232, 443, 454, 454, 454, 343, 232, 333, 444, 444, 454,
232, 121, 232, 343, 343, 343, 232, 121, 343, 454, 454, 221, 443, 454, 454, 443,
333, 555, 444, 454, 454, 565, 343, 343, 454, 454, 454, 554, 232, 221, 332, 343,
343, 232, 121, 121, 221, 232, 232, 332, 121, 232, 454, 554, 222, 222, 232, 343,
332, 121, 232, 454, 454, 454, 554, 454, 332, 454, 454, 454, 565, 332, 232, 222,
343, 343, 343, 121, 121, 121, 232, 232, 343, 221, 221, 443, 454, 343, 121, 232,
333, 343, 221, 221, 443, 454, 454, 454, 565, 232, 444, 454, 454, 565, 343, 232,
221, 333, 343, 343, 221, 121, 121, 222, 232, 332, 232, 121, 343, 454, 454, 221,
443, 454, 565, 443, 333, 555, 444, 454, 454, 565, 343, 343, 454, 454, 454, 554,
232, 221, 332, 343, 343, 232, 121, 121, 221, 232, 232, 332, 121, 232, 454, 554,
222, 222, 232, 343, 332, 121, 232, 454, 454, 454, 554, 454, 332, 454, 454, 454,
565, 332, 232, 222, 343, 343, 343, 121, 121, 121, 232, 232, 343, 221, 221, 443,
454, 343, 121, 232, 333, 343, 221, 221, 443, 454, 454, 454, 565, 232, 444, 454,
454, 565, 343, 232, 221, 333, 343, 343, 221, 121, 121, 222, 232, 332, 232, 121,
343, 454, 454, 221, 443, 454, 565, 443, 333, 555, 444, 454, 454, 565, 343, 343,
454, 454, 454, 554, 232, 221, 332, 343, 343, 232, 121, 121, 221, 232, 232, 332,
121, 232, 454, 554, 222, 222, 232, 343, 332, 121, 232, 454, 454, 454, 554, 454,
332, 454, 454, 454, 565, 332, 232, 222, 343, 343, 343, 121, 121, 121, 232, 232,
343, 221, 221, 443, 454, 343, 121, 232, 333, 343, 221, 221, 443, 454, 454, 454,
565, 232, 444, 454, 454, 565, 343, 232, 221, 333, 343, 343, 221, 121, 121, 222,
232, 332, 232, 121, 343, 454, 454, 221, 443, 454, 565, 443, 333, 555, 444, 454,
454, 565, 343, 343, 454, 454, 454, 554, 232, 221, 332, 343, 343, 232, 121, 121,
221, 232, 232, 332, 121, 232, 454, 554, 222, 222, 232, 343, 332, 121, 232, 454,
454, 454, 554, 454, 332, 454, 454, 454, 565, 332, 232, 222, 343, 343, 343, 121,
121, 121, 232, 232, 343, 221, 221, 443, 454, 343, 121, 232, 333, 343, 221, 221,
443, 454, 454, 454, 565, 232, 444, 454, 454, 565, 343, 232, 221, 333, 343, 343,
221, 121, 121, 222, 232, 332, 232, 121, 343, 454, 454, 221, 443, 454, 565, 443,
332, 454, 343, 444, 454, 554, 343, 343, 454, 454, 565, 554, 121, 221, 222, 222,
221, 121, 121, 121, 121, 121, 222, 232, 221, 232, 343, 565, 232, 121, 121, 232,
232, 222, 221, 343, 343, 454, 454, 454, 332, 454, 454, 554, 565, 232, 121, 121,
222, 222, 221, 121, 121, 121, 121, 221, 332, 221, 232, 333, 555, 343, 121, 121,
232, 232, 232, 121, 333, 343, 454, 454, 554, 332, 444, 454, 454, 565, 343, 121,
121, 221, 232, 232, 221, 121, 121, 121, 121, 232, 232, 222, 232, 454, 554, 121,
332, 343, 454, 443, 332, 454, 343, 444, 454, 554, 343, 343, 454, 454, 565, 554,
121, 221, 222, 222, 221, 121, 121, 121, 121, 121, 222, 232, 221, 232, 343, 565,
232, 121, 121, 232, 232, 222, 221, 343, 343, 454, 454, 454, 332, 454, 454, 554,
565, 232, 121, 121, 222, 222, 221, 121, 121, 121, 121, 221, 332, 221, 232, 333,
555, 343, 121, 121, 232, 232, 232, 121, 333, 343, 454, 454, 554, 332, 444, 454,
454, 565, 343, 121, 121, 221, 232, 232, 221, 121, 121, 121, 121, 232, 232, 222,
232, 454, 554, 121, 332, 343, 454, 443, 332, 454, 343, 444, 454, 554, 343, 343,
454, 454, 565, 554, 121, 221, 222, 222, 221, 121, 121, 121, 121, 121, 222, 232,
221, 232, 343, 565, 232, 121, 121, 232, 232, 222, 221, 343, 343, 454, 454, 454,
332, 454, 454, 554, 565, 232, 121, 121, 222, 222, 221, 121, 121, 121, 121, 221,
332, 221, 232, 333, 555, 343, 121, 121, 232, 232, 232, 121, 333, 343, 454, 454,
554, 332, 444, 454, 454, 565, 343, 121, 121, 221, 232, 232, 221, 121, 121, 121,
121, 232, 232, 222, 232, 454, 554, 121, 332, 343, 454, 443, 332, 454, 343, 444,
454, 554, 343, 343, 454, 454, 565, 554, 121, 221, 222, 222, 221, 121, 121, 121,
121, 121, 222, 232, 221, 232, 343, 565, 232, 121, 121, 232, 232, 222, 221, 343,
343, 454, 454, 454, 332, 454, 454, 554, 565, 232, 121, 121, 222, 222, 221, 121,
121, 121, 121, 221, 332, 221, 232, 333, 555, 343, 121, 121, 232, 232, 232, 121,
333, 343, 454, 454, 554, 332, 444, 454, 454, 565, 343, 121, 121, 221, 232, 232,
221, 121, 121, 121, 121, 232, 232, 222, 232, 454, 554, 121, 332, 343, 454, 443,
232, 443, 232, 343, 454, 454, 343, 343, 454, 454, 565, 565, 333, 565, 676, 676,
676, 443, 121, 232, 332, 221, 121, 121, 232, 333, 232, 565, 232, 121, 121, 121,
121, 121, 121, 332, 232, 454, 454, 454, 332, 454, 454, 454, 676, 332, 554, 665,
676, 676, 565, 121, 232, 332, 222, 121, 221, 222, 343, 232, 454, 443, 121, 121,
121, 121, 121, 121, 232, 232, 343, 454, 454, 332, 444, 454, 454, 676, 343, 444,
565, 676, 676, 676, 232, 121, 332, 232, 121, 221, 221, 343, 232, 343, 565, 121,
232, 232, 454, 443, 232, 443, 232, 343, 454, 454, 343, 343, 454, 454, 565, 565,
333, 565, 676, 676, 676, 443, 121, 232, 332, 221, 121, 121, 232, 333, 232, 565,
232, 121, 121, 121, 121, 121, 121, 332, 232, 454, 454, 454, 332, 454, 454, 454,
676, 332, 554, 665, 676, 676, 565, 121, 232, 332, 222, 121, 221, 222, 343, 232,
454, 443, 121, 121, 121, 121, 121, 121, 232, 232, 343, 454, 454, 332, 444, 454,
454, 676, 343, 444, 565, 676, 676, 676, 232, 121, 332, 232, 121, 221, 221, 343,
232, 343, 565, 121, 232, 232, 454, 443, 232, 443, 232, 343, 454, 454, 343, 343,
454, 454, 565, 565, 333, 565, 676, 676, 676, 443, 121, 232, 332, 221, 121, 121,
232, 333, 232, 565, 232, 121, 121, 121, 121, 121, 121, 332, 232, 454, 454, 454,
332, 454, 454, 454, 676, 332, 554, 665, 676, 676, 565, 121, 232, 332, 222, 121,
221, 222, 343, 232, 454, 443, 121, 121, 121, 121, 121, 121, 232, 232, 343, 454,
454, 332, 444, 454, 454, 676, 343, 444, 565, 676, 676, 676, 232, 121, 332, 232,
121, 221, 221, 343, 232, 343, 565, 121, 232, 232, 454, 443, 232, 443, 232, 343,
454, 454, 343, 343, 454, 454, 565, 565, 333, 565, 676, 676, 676, 443, 121, 232,
332, 221, 121, 121, 232, 333, 232, 565, 232, 121, 121, 121, 121, 121, 121, 332,
232, 454, 454, 454, 332, 454, 454, 454, 676, 332, 554, 665, 676, 676, 565, 121,
232, 332, 222, 121, 221, 222, 343, 232, 454, 443, 121, 121, 121, 121, 121, 121,
232, 232, 343, 454, 454, 332, 444, 454, 454, 676, 343, 444, 565, 676, 676, 676,
232, 121, 332, 232, 121, 221, 221, 343, 232, 343, 565, 121, 232, 232, 454, 443,
222, 333, 222, 343, 343, 343, 232, 343, 454, 454, 565, 565, 343, 565, 787, 665,
676, 454, 221, 343, 232, 332, 232, 121, 332, 443, 343, 554, 232, 454, 565, 565,
665, 333, 121, 221, 332, 343, 343, 332, 332, 454, 454, 454, 676, 332, 454, 676,
776, 565, 676, 121, 343, 332, 232, 232, 121, 222, 443, 343, 454, 343, 443, 565,
565, 565, 454, 121, 221, 232, 343, 343, 343, 232, 454, 454, 454, 676, 343, 443,
565, 787, 565, 676, 232, 232, 343, 232, 332, 221, 121, 343, 343, 443, 454, 121,
221, 232, 343, 232, 222, 333, 222, 343, 343, 343, 232, 343, 454, 454, 565, 565,
343, 565, 787, 665, 676, 454, 221, 343, 232, 332, 232, 121, 332, 443, 343, 554,
232, 454, 565, 565, 665, 333, 121, 221, 332, 343, 343, 332, 332, 454, 454, 454,
676, 332, 454, 676, 776, 565, 676, 121, 343, 332, 232, 232, 121, 222, 443, 343,
454, 343, 443, 565, 565, 565, 454, 121, 221, 232, 343, 343, 343, 232, 454, 454,
454, 676, 343, 443, 565, 787, 565, 676, 232, 232, 343, 232, 332, 221, 121, 343,
343, 443, 454, 121, 221, 232, 343, 232, 222, 333, 222, 343, 343, 343, 232, 343,
454, 454, 565, 565, 343, 565, 787, 665, 676, 454, 221, 343, 232, 332, 232, 121,
332, 443, 343, 554, 232, 454, 565, 565, 665, 333, 121, 221, 332, 343, 343, 332,
332, 454, 454, 454, 676, 332, 454, 676, 776, 565, 676, 121, 343, 332, 232, 232,
121, 222, 443, 343, 454, 343, 443, 565, 565, 565, 454, 121, 221, 232, 343, 343,
343, 232, 454, 454, 454, 676, 343, 443, 565, 787, 565, 676, 232, 232, 343, 232,
332, 221, 121, 343, 343, 443, 454, 121, 221, 232, 343, 232, 222, 333, 222, 343,
343, 343, 232, 343, 454, 454, 565, 565, 343, 565, 787, 665, 676, 454, 221, 343,
232, 332, 232, 121, 332, 443, 343, 554, 232, 454, 565, 565, 665, 333, 121, 221,
332, 343, 343, 332, 332, 454, 454, 454, 676, 332, 454, 676, 776, 565, 676, 121,
343, 332, 232, 232, 121, 222, 443, 343, 454, 343, 443, 565, 565, 565, 454, 121,
221, 232, 343, 343, 343, 232, 454, 454, 454, 676, 343, 443, 565, 787, 565, 676,
232, 232, 343, 232, 332, 221, 121, 343, 343, 443, 454, 121, 221, 232, 343, 232,
222, 333, 121, 221, 221, 121, 221, 343, 454, 454, 454, 454, 343, 454, 565, 454,
554, 343, 222, 232, 343, 343, 332, 232, 232, 454, 444, 565, 333, 454, 454, 676,
676, 343, 121, 121, 221, 221, 221, 121, 333, 454, 454, 454, 565, 332, 454, 555,
555, 454, 554, 221, 232, 332, 343, 332, 232, 232, 443, 444, 554, 343, 343, 454,
565, 676, 454, 121, 121, 121, 221, 221, 121, 232, 454, 454, 454, 565, 343, 343,
454, 565, 454, 565, 232, 232, 232, 343, 343, 332, 222, 343, 454, 454, 554, 121,
121, 121, 221, 121, 222, 333, 121, 221, 221, 121, 221, 343, 454, 454, 454, 454,
343, 454, 565, 454, 554, 343, 222, 232, 343, 343, 332, 232, 232, 454, 444, 565,
333, 454, 454, 676, 676, 343, 121, 121, 221, 221, 221, 121, 333, 454, 454, 454,
565, 332, 454, 555, 555, 454, 554, 221, 232, 332, 343, 332, 232, 232, 443, 444,
554, 343, 343, 454, 565, 676, 454, 121, 121, 121, 221, 221, 121, 232, 454, 454,
454, 565, 343, 343, 454, 565, 454, 565, 232, 232, 232, 343, 343, 332, 222, 343,
454, 454, 554, 121, 121, 121, 221, 121, 222, 333, 121, 221, 221, 121, 221, 343,
454, 454, 454, 454, 343, 454, 565, 454, 554, 343, 222, 232, 343, 343, 332, 232,
232, 454, 444, 565, 333, 454, 454, 676, 676, 343, 121, 121, 221, 221, 221, 121,
333, 454, 454, 454, 565, 332, 454, 555, 555, 454, 554, 221, 232, 332, 343, 332,
232, 232, 443, 444, 554, 343, 343, 454, 565, 676, 454, 121, 121, 121, 221, 221,
121, 232, 454, 454, 454, 565, 343, 343, 454, 565, 454, 565, 232, 232, 232, 343,
343, 332, 222, 343, 454, 454, 554, 121, 121, 121, 221, 121, 222, 333, 121, 221,
221, 121, 221, 343, 454, 454, 454, 454, 343, 454, 565, 454, 554, 343, 222, 232,
343, 343, 332, 232, 232, 454, 444, 565, 333, 454, 454, 676, 676, 343, 121, 121,
221, 221, 221, 121, 333, 454, 454, 454, 565, 332, 454, 555, 555, 454, 554, 221,
232, 332, 343, 332, 232, 232, 443, 444, 554, 343, 343, 454, 565, 676, 454, 121,
121, 121, 221, 221, 121, 232, 454, 454, 454, 565, 343, 343, 454, 565, 454, 565,
232, 232, 232, 343, 343, 332, 222, 343, 454, 454, 554, 121, 121, 121, 221, 121,
333, 565, 554, 565, 454, 565, 343, 343, 454, 454, 454, 444, 343, 454, 454, 444,
454, 443, 121, 232, 333, 232, 343, 232, 232, 454, 454, 555, 343, 232, 343, 454,
554, 333, 343, 554, 565, 555, 554, 454, 332, 454, 454, 454, 454, 333, 454, 454,
454, 454, 554, 121, 232, 333, 232, 343, 232, 222, 444, 454, 454, 343, 222, 232,
454, 454, 444, 332, 454, 554, 565, 454, 554, 232, 454, 454, 454, 454, 343, 343,
454, 454, 454, 565, 232, 221, 332, 232, 333, 343, 221, 343, 454, 454, 454, 232,
454, 554, 565, 343, 333, 565, 554, 565, 454, 565, 343, 343, 454, 454, 454, 444,
343, 454, 454, 444, 454, 443, 121, 232, 333, 232, 343, 232, 232, 454, 454, 555,
343, 232, 343, 454, 554, 333, 343, 554, 565, 555, 554, 454, 332, 454, 454, 454,
454, 333, 454, 454, 454, 454, 554, 121, 232, 333, 232, 343, 232, 222, 444, 454,
454, 343, 222, 232, 454, 454, 444, 332, 454, 554, 565, 454, 554, 232, 454, 454,
454, 454, 343, 343, 454, 454, 454, 565, 232, 221, 332, 232, 333, 343, 221, 343,
454, 454, 454, 232, 454, 554, 565, 343, 333, 565, 554, 565, 454, 565, 343, 343,
454, 454, 454, 444, 343, 454, 454, 444, 454, 443, 121, 232, 333, 232, 343, 232,
232, 454, 454, 555, 343, 232, 343, 454, 554, 333, 343, 554, 565, 555, 554, 454,
332, 454, 454, 454, 454, 333, 454, 454, 454, 454, 554, 121, 232, 333, 232, 343,
232, 222, 444, 454, 454, 343, 222, 232, 454, 454, 444, 332, 454, 554, 565, 454,
554, 232, 454, 454, 454, 454, 343, 343, 454, 454, 454, 565, 232, 221, 332, 232,
333, 343, 221, 343, 454, 454, 454, 232, 454, 554, 565, 343, 333, 565, 554, 565,
454, 565, 343, 343, 454, 454, 454, 444, 343, 454, 454, 444, 454, 443, 121, 232,
333, 232, 343, 232, 232, 454, 454, 555, 343, 232, 343, 454, 554, 333, 343, 554,
565, 555, 554, 454, 332, 454, 454, 454, 454, 333, 454, 454, 454, 454, 554, 121,
232, 333, 232, 343, 232, 222, 444, 454, 454, 343, 222, 232, 454, 454, 444, 332,
454, 554, 565, 454, 554, 232, 454, 454, 454, 454, 343, 343, 454, 454, 454, 565,
232, 221, 332, 232, 333, 343, 221, 343, 454, 454, 454, 232, 454, 554, 565, 343,
332, 676, 676, 665, 665, 787, 343, 332, 454, 454, 454, 554, 232, 454, 454, 454,
565, 454, 121, 232, 221, 221, 332, 121, 222, 443, 454, 565, 232, 332, 343, 444,
454, 343, 454, 676, 676, 565, 786, 565, 232, 444, 454, 454, 565, 332, 454, 454,
454, 454, 565, 121, 222, 232, 121, 232, 222, 121, 343, 454, 565, 343, 232, 333,
454, 454, 454, 343, 676, 676, 565, 676, 676, 232, 343, 454, 454, 565, 343, 343,
454, 454, 454, 665, 232, 121, 232, 121, 232, 232, 121, 232, 454, 454, 454, 333,
676, 676, 676, 454, 332, 676, 676, 665, 665, 787, 343, 332, 454, 454, 454, 554,
232, 454, 454, 454, 565, 454, 121, 232, 221, 221, 332, 121, 222, 443, 454, 565,
232, 332, 343, 444, 454, 343, 454, 676, 676, 565, 786, 565, 232, 444, 454, 454,
565, 332, 454, 454, 454, 454, 565, 121, 222, 232, 121, 232, 222, 121, 343, 454,
565, 343, 232, 333, 454, 454, 454, 343, 676, 676, 565, 676, 676, 232, 343, 454,
454, 565, 343, 343, 454, 454, 454, 665, 232, 121, 232, 121, 232, 232, 121, 232,
454, 454, 454, 333, 676, 676, 676, 454, 332, 676, 676, 665, 665, 787, 343, 332,
454, 454, 454, 554, 232, 454, 454, 454, 565, 454, 121, 232, 221, 221, 332, 121,
222, 443, 454, 565, 232, 332, 343, 444, 454, 343, 454, 676, 676, 565, 786, 565,
232, 444, 454, 454, 565, 332, 454, 454, 454, 454, 565, 121, 222, 232, 121, 232,
222, 121, 343, 454, 565, 343, 232, 333, 454, 454, 454, 343, 676, 676, 565, 676,
676, 232, 343, 454, 454, 565, 343, 343, 454, 454, 454, 665, 232, 121, 232, 121,
232, 232, 121, 232, 454, 454, 454, 333, 676, 676, 676, 454, 332, 676, 676, 665,
665, 787, 343, 332, 454, 454, 454, 554, 232, 454, 454, 454, 565, 454, 121, 232,
221, 221, 332, 121, 222, 443, 454, 565, 232, 332, 343, 444, 454, 343, 454, 676,
676, 565, 786, 565, 232, 444, 454, 454, 565, 332, 454, 454, 454, 454, 565, 121,
222, 232, 121, 232, 222, 121, 343, 454, 565, 343, 232, 333, 454, 454, 454, 343,
676, 676, 565, 676, 676, 232, 343, 454, 454, 565, 343, 343, 454, 454, 454, 665,
232, 121, 232, 121, 232, 232, 121, 232, 454, 454, 454, 333, 676, 676, 676, 454,
333, 665, 555, 454, 454, 565, 333, 232, 454, 444, 565, 665, 221, 443, 454, 444,
676, 454, 111, 121, 121, 121, 121, 121, 232, 443, 454, 565, 232, 343, 454, 454,
565, 443, 343, 565, 564, 454, 565, 454, 221, 443, 454, 454, 676, 232, 343, 454,
444, 565, 565, 121, 121, 121, 121, 121, 121, 121, 343, 454, 565, 343, 232, 454,
454, 454, 565, 332, 554, 565, 454, 555, 565, 222, 343, 454, 454, 676, 343, 232,
454, 454, 454, 676, 232, 121, 121, 121, 121, 121, 121, 332, 454, 555, 454, 232,
554, 565, 565, 343, 333, 665, 555, 454, 454, 565, 333, 232, 454, 444, 565, 665,
221, 443, 454, 444, 676, 454, 111, 121, 121, 121, 121, 121, 232, 443, 454, 565,
232, 343, 454, 454, 565, 443, 343, 565, 564, 454, 565, 454, 221, 443, 454, 454,
676, 232, 343, 454, 444, 565, 565, 121, 121, 121, 121, 121, 121, 121, 343, 454,
565, 343, 232, 454, 454, 454, 565, 332, 554, 565, 454, 555, 565, 222, 343, 454,
454, 676, 343, 232, 454, 454, 454, 676, 232, 121, 121, 121, 121, 121, 121, 332,
454, 555, 454, 232, 554, 565, 565, 343, 333, 665, 555, 454, 454, 565, 333, 232,
454, 444, 565, 665, 221, 443, 454, 444, 676, 454, 111, 121, 121, 121, 121, 121,
232, 443, 454, 565, 232, 343, 454, 454, 565, 443, 343, 565, 564, 454, 565, 454,
221, 443, 454, 454, 676, 232, 343, 454, 444, 565, 565, 121, 121, 121, 121, 121,
121, 121, 343, 454, 565, 343, 232, 454, 454, 454, 565, 332, 554, 565, 454, 555,
565, 222, 343, 454, 454, 676, 343, 232, 454, 454, 454, 676, 232, 121, 121, 121,
121, 121, 121, 332, 454, 555, 454, 232, 554, 565, 565, 343, 333, 665, 555, 454,
454, 565, 333, 232, 454, 444, 565, 665, 221, 443, 454, 444, 676, 454, 111, 121,
121, 121, 121, 121, 232, 443, 454, 565, 232, 343, 454, 454, 565, 443, 343, 565,
564, 454, 565, 454, 221, 443, 454, 454, 676, 232, 343, 454, 444, 565, 565, 121,
121, 121, 121, 121, 121, 121, 343, 454, 565, 343, 232, 454, 454, 454, 565, 332,
554, 565, 454, 555, 565, 222, 343, 454, 454, 676, 343, 232, 454, 454, 454, 676,
232, 121, 121, 121, 121, 121, 121, 332, 454, 555, 454, 232, 554, 565, 565, 343,
333, 555, 444, 454, 444, 565, 343, 232, 454, 444, 565, 565, 221, 343, 454, 454,
565, 343, 232, 343, 443, 454, 444, 343, 232, 443, 454, 665, 332, 343, 454, 454,
676, 343, 343, 454, 454, 454, 454, 454, 221, 443, 454, 454, 676, 222, 333, 454,
454, 454, 555, 232, 343, 443, 454, 454, 454, 232, 343, 454, 565, 343, 343, 454,
444, 565, 565, 332, 454, 454, 454, 454, 565, 222, 343, 454, 454, 676, 443, 232,
454, 454, 454, 565, 232, 343, 443, 443, 454, 454, 332, 332, 454, 554, 554, 333,
454, 454, 565, 454, 333, 555, 444, 454, 444, 565, 343, 232, 454, 444, 565, 565,
221, 343, 454, 454, 565, 343, 232, 343, 443, 454, 444, 343, 232, 443, 454, 665,
332, 343, 454, 454, 676, 343, 343, 454, 454, 454, 454, 454, 221, 443, 454, 454,
676, 222, 333, 454, 454, 454, 555, 232, 343, 443, 454, 454, 454, 232, 343, 454,
565, 343, 343, 454, 444, 565, 565, 332, 454, 454, 454, 454, 565, 222, 343, 454,
454, 676, 443, 232, 454, 454, 454, 565, 232, 343, 443, 443, 454, 454, 332, 332,
454, 554, 554, 333, 454, 454, 565, 454, 333, 555, 444, 454, 444, 565, 343, 232,
454, 444, 565, 565, 221, 343, 454, 454, 565, 343, 232, 343, 443, 454, 444, 343,
232, 443, 454, 665, 332, 343, 454, 454, 676, 343, 343, 454, 454, 454, 454, 454,
221, 443, 454, 454, 676, 222, 333, 454, 454, 454, 555, 232, 343, 443, 454, 454,
454, 232, 343, 454, 565, 343, 343, 454, 444, 565, 565, 332, 454, 454, 454, 454,
565, 222, 343, 454, 454, 676, 443, 232, 454, 454, 454, 565, 232, 343, 443, 443,
454, 454, 332, 332, 454, 554, 554, 333, 454, 454, 565, 454, 333, 555, 444, 454,
444, 565, 343, 232, 454, 444, 565, 565, 221, 343, 454, 454, 565, 343, 232, 343,
443, 454, 444, 343, 232, 443, 454, 665, 332, 343, 454, 454, 676, 343, 343, 454,
454, 454, 454, 454, 221, 443, 454, 454, 676, 222, 333, 454, 454, 454, 555, 232,
343, 443, 454, 454, 454, 232, 343, 454, 565, 343, 343, 454, 444, 565, 565, 332,
454, 454, 454, 454, 565, 222, 343, 454, 454, 676, 443, 232, 454, 454, 454, 565,
232, 343, 443, 443, 454, 454, 332, 332, 454, 554, 554, 333, 454, 454, 565, 454,
232, 555, 454, 454, 454, 565, 343, 222, 443, 454, 554, 565, 121, 332, 454, 454,
454, 343, 443, 565, 676, 676, 676, 565, 121, 343, 454, 565, 343, 454, 454, 454,
665, 343, 343, 454, 454, 454, 554, 565, 121, 343, 454, 444, 565, 232, 222, 454,
454, 454, 454, 332, 565, 676, 676, 676, 676, 232, 332, 454, 565, 343, 343, 454,
454, 565, 454, 232, 454, 454, 454, 454, 676, 222, 232, 454, 454, 555, 343, 221,
443, 454, 454, 454, 332, 454, 676, 676, 676, 676, 454, 221, 454, 565, 454, 333,
454, 454, 565, 454, 232, 555, 454, 454, 454, 565, 343, 222, 443, 454, 554, 565,
121, 332, 454, 454, 454, 343, 443, 565, 676, 676, 676, 565, 121, 343, 454, 565,
343, 454, 454, 454, 665, 343, 343, 454, 454, 454, 554, 565, 121, 343, 454, 444,
565, 232, 222, 454, 454, 454, 454, 332, 565, 676, 676, 676, 676, 232, 332, 454,
565, 343, 343, 454, 454, 565, 454, 232, 454, 454, 454, 454, 676, 222, 232, 454,
454, 555, 343, 221, 443, 454, 454, 454, 332, 454, 676, 676, 676, 676, 454, 221,
454, 565, 454, 333, 454, 454, 565, 454, 232, 555, 454, 454, 454, 565, 343, 222,
443, 454, 554, 565, 121, 332, 454, 454, 454, 343, 443, 565, 676, 676, 676, 565,
121, 343, 454, 565, 343, 454, 454, 454, 665, 343, 343, 454, 454, 454, 554, 565,
121, 343, 454, 444, 565, 232, 222, 454, 454, 454, 454, 332, 565, 676, 676, 676,
676, 232, 332, 454, 565, 343, 343, 454, 454, 565, 454, 232, 454, 454, 454, 454,
676, 222, 232, 454, 454, 555, 343, 221, 443, 454, 454, 454, 332, 454, 676, 676,
676, 676, 454, 221, 454, 565, 454, 333, 454, 454, 565, 454, 232, 555, 454, 454,
454, 565, 343, 222, 443, 454, 554, 565, 121, 332, 454, 454, 454, 343, 443, 565,
676, 676, 676, 565, 121, 343, 454, 565, 343, 454, 454, 454, 665, 343, 343, 454,
454, 454, 554, 565, 121, 343, 454, 444, 565, 232, 222, 454, 454, 454, 454, 332,
565, 676, 676, 676, 676, 232, 332, 454, 565, 343, 343, 454, 454, 565, 454, 232,
454, 454, 454, 454, 676, 222, 232, 454, 454, 555, 343, 221, 443, 454, 454, 454,
332, 454, 676, 676, 676, 676, 454, 221, 454, 565, 454, 333, 454, 454, 565, 454,
232, 555, 454, 454, 444, 454, 343, 221, 343, 454, 565, 565, 121, 343, 454, 454,
454, 343, 232, 343, 565, 454, 454, 554, 222, 443, 565, 565, 332, 444, 454, 454,
565, 333, 232, 454, 454, 454, 454, 454, 221, 232, 444, 454, 676, 232, 232, 454,
454, 454, 454, 232, 343, 554, 454, 444, 565, 232, 343, 454, 565, 443, 343, 454,
454, 555, 454, 221, 443, 454, 454, 443, 565, 232, 222, 343, 454, 565, 343, 222,
443, 454, 454, 454, 332, 332, 454, 565, 444, 554, 443, 232, 454, 555, 454, 232,
454, 454, 454, 454, 232, 555, 454, 454, 444, 454, 343, 221, 343, 454, 565, 565,
121, 343, 454, 454, 454, 343, 232, 343, 565, 454, 454, 554, 222, 443, 565, 565,
332, 444, 454, 454, 565, 333, 232, 454, 454, 454, 454, 454, 221, 232, 444, 454,
676, 232, 232, 454, 454, 454, 454, 232, 343, 554, 454, 444, 565, 232, 343, 454,
565, 443, 343, 454, 454, 555, 454, 221, 443, 454, 454, 443, 565, 232, 222, 343,
454, 565, 343, 222, 443, 454, 454, 454, 332, 332, 454, 565, 444, 554, 443, 232,
454, 555, 454, 232, 454, 454, 454, 454, 232, 555, 454, 454, 444, 454, 343, 221,
343, 454, 565, 565, 121, 343, 454, 454, 454, 343, 232, 343, 565, 454, 454, 554,
222, 443, 565, 565, 332, 444, 454, 454, 565, 333, 232, 454, 454, 454, 454, 454,
221, 232, 444, 454, 676, 232, 232, 454, 454, 454, 454, 232, 343, 554, 454, 444,
565, 232, 343, 454, 565, 443, 343, 454, 454, 555, 454, 221, 443, 454, 454, 443,
565, 232, 222, 343, 454, 565, 343, 222, 443, 454, 454, 454, 332, 332, 454, 565,
444, 554, 443, 232, 454, 555, 454, 232, 454, 454, 454, 454, 232, 555, 454, 454,
444, 454, 343, 221, 343, 454, 565, 565, 121, 343, 454, 454, 454, 343, 232, 343,
565, 454, 454, 554, 222, 443, 565, 565, 332, 444, 454, 454, 565, 333, 232, 454,
454, 454, 454, 454, 221, 232, 444, 454, 676, 232, 232, 454, 454, 454, 454, 232,
343, 554, 454, 444, 565, 232, 343, 454, 565, 443, 343, 454, 454, 555, 454, 221,
443, 454, 454, 443, 565, 232, 222, 343, 454, 565, 343, 222, 443, 454, 454, 454,
332, 332, 454, 565, 444, 554, 443, 232, 454, 555, 454, 232, 454, 454, 454, 454,
232, 555, 444, 454, 343, 454, 343, 332, 332, 454, 565, 554, 232, 444, 454, 454,
554, 343, 222, 343, 454, 444, 454, 565, 332, 454, 454, 565, 232, 343, 454, 454,
454, 333, 232, 444, 454, 443, 343, 454, 332, 232, 444, 554, 676, 232, 343, 454,
454, 454, 454, 222, 332, 454, 454, 454, 665, 343, 443, 454, 554, 443, 343, 454,
454, 454, 454, 221, 343, 454, 454, 343, 454, 332, 332, 343, 444, 665, 343, 332,
454, 454, 454, 565, 232, 232, 443, 454, 444, 565, 454, 343, 454, 454, 454, 222,
343, 454, 454, 443, 232, 555, 444, 454, 343, 454, 343, 332, 332, 454, 565, 554,
232, 444, 454, 454, 554, 343, 222, 343, 454, 444, 454, 565, 332, 454, 454, 565,
232, 343, 454, 454, 454, 333, 232, 444, 454, 443, 343, 454, 332, 232, 444, 554,
676, 232, 343, 454, 454, 454, 454, 222, 332, 454, 454, 454, 665, 343, 443, 454,
554, 443, 343, 454, 454, 454, 454, 221, 343, 454, 454, 343, 454, 332, 332, 343,
444, 665, 343, 332, 454, 454, 454, 565, 232, 232, 443, 454, 444, 565, 454, 343,
454, 454, 454, 222, 343, 454, 454, 443, 232, 555, 444, 454, 343, 454, 343, 332,
332, 454, 565, 554, 232, 444, 454, 454, 554, 343, 222, 343, 454, 444, 454, 565,
332, 454, 454, 565, 232, 343, 454, 454, 454, 333, 232, 444, 454, 443, 343, 454,
332, 232, 444, 554, 676, 232, 343, 454, 454, 454, 454, 222, 332, 454, 454, 454,
665, 343, 443, 454, 554, 443, 343, 454, 454, 454, 454, 221, 343, 454, 454, 343,
454, 332, 332, 343, 444, 665, 343, 332, 454, 454, 454, 565, 232, 232, 443, 454,
444, 565, 454, 343, 454, 454, 454, 222, 343, 454, 454, 443, 232, 555, 444, 454,
343, 454, 343, 332, 332, 454, 565, 554, 232, 444, 454, 454, 554, 343, 222, 343,
454, 444, 454, 565, 332, 454, 454, 565, 232, 343, 454, 454, 454, 333, 232, 444,
454, 443, 343, 454, 332, 232, 444, 554, 676, 232, 343, 454, 454, 454, 454, 222,
332, 454, 454, 454, 665, 343, 443, 454, 554, 443, 343, 454, 454, 454, 454, 221,
343, 454, 454, 343, 454, 332, 332, 343, 444, 665, 343, 332, 454, 454, 454, 565,
232, 232, 443, 454, 444, 565, 454, 343, 454, 454, 454, 222, 343, 454, 454, 443,
333, 454, 443, 343, 232, 443, 443, 343, 454, 343, 454, 454, 332, 454, 454, 454,
565, 343, 232, 454, 454, 343, 343, 454, 332, 454, 343, 554, 222, 343, 454, 443,
454, 343, 232, 343, 443, 232, 232, 454, 232, 343, 443, 443, 554, 232, 443, 454,
454, 454, 554, 221, 343, 454, 443, 343, 454, 332, 343, 443, 454, 343, 232, 454,
454, 454, 454, 232, 343, 454, 343, 232, 454, 332, 343, 444, 343, 555, 343, 343,
454, 454, 454, 565, 232, 333, 454, 454, 343, 454, 343, 343, 443, 343, 454, 232,
333, 444, 454, 454, 333, 454, 443, 343, 232, 443, 443, 343, 454, 343, 454, 454,
332, 454, 454, 454, 565, 343, 232, 454, 454, 343, 343, 454, 332, 454, 343, 554,
222, 343, 454, 443, 454, 343, 232, 343, 443, 232, 232, 454, 232, 343, 443, 443,
554, 232, 443, 454, 454, 454, 554, 221, 343, 454, 443, 343, 454, 332, 343, 443,
454, 343, 232, 454, 454, 454, 454, 232, 343, 454, 343, 232, 454, 332, 343, 444,
343, 555, 343, 343, 454, 454, 454, 565, 232, 333, 454, 454, 343, 454, 343, 343,
443, 343, 454, 232, 333, 444, 454, 454, 333, 454, 443, 343, 232, 443, 443, 343,
454, 343, 454, 454, 332, 454, 454, 454, 565, 343, 232, 454, 454, 343, 343, 454,
332, 454, 343, 554, 222, 343, 454, 443, 454, 343, 232, 343, 443, 232, 232, 454,
232, 343, 443, 443, 554, 232, 443, 454, 454, 454, 554, 221, 343, 454, 443, 343,
454, 332, 343, 443, 454, 343, 232, 454, 454, 454, 454, 232, 343, 454, 343, 232,
454, 332, 343, 444, 343, 555, 343, 343, 454, 454, 454, 565, 232, 333, 454, 454,
343, 454, 343, 343, 443, 343, 454, 232, 333, 444, 454, 454, 333, 454, 443, 343,
232, 443, 443, 343, 454, 343, 454, 454, 332, 454, 454, 454, 565, 343, 232, 454,
454, 343, 343, 454, 332, 454, 343, 554, 222, 343, 454, 443, 454, 343, 232, 343,
443, 232, 232, 454, 232, 343, 443, 443, 554, 232, 443, 454, 454, 454, 554, 221,
343, 454, 443, 343, 454, 332, 343, 443, 454, 343, 232, 454, 454, 454, 454, 232,
343, 454, 343, 232, 454, 332, 343, 444, 343, 555, 343, 343, 454, 454, 454, 565,
232, 333, 454, 454, 343, 454, 343, 343, 443, 343, 454, 232, 333, 444, 454, 454,
333, 565, 343, 232, 222, 454, 332, 232, 454, 332, 343, 443, 221, 343, 454, 444,
454, 343, 222, 443, 454, 232, 332, 454, 232, 343, 232, 443, 222, 232, 443, 333,
454, 343, 332, 443, 332, 221, 343, 444, 221, 343, 343, 333, 454, 221, 343, 454,
444, 454, 454, 221, 343, 454, 343, 232, 454, 332, 343, 332, 343, 343, 222, 343,
343, 343, 444, 232, 443, 343, 222, 232, 454, 222, 343, 443, 232, 454, 333, 232,
444, 444, 444, 454, 232, 332, 454, 343, 232, 443, 343, 232, 232, 332, 454, 332,
343, 343, 443, 343, 333, 565, 343, 232, 222, 454, 332, 232, 454, 332, 343, 443,
221, 343, 454, 444, 454, 343, 222, 443, 454, 232, 332, 454, 232, 343, 232, 443,
222, 232, 443, 333, 454, 343, 332, 443, 332, 221, 343, 444, 221, 343, 343, 333,
454, 221, 343, 454, 444, 454, 454, 221, 343, 454, 343, 232, 454, 332, 343, 332,
343, 343, 222, 343, 343, 343, 444, 232, 443, 343, 222, 232, 454, 222, 343, 443,
232, 454, 333, 232, 444, 444, 444, 454, 232, 332, 454, 343, 232, 443, 343, 232,
232, 332, 454, 332, 343, 343, 443, 343, 333, 565, 343, 232, 222, 454, 332, 232,
454, 332, 343, 443, 221, 343, 454, 444, 454, 343, 222, 443, 454, 232, 332, 454,
232, 343, 232, 443, 222, 232, 443, 333, 454, 343, 332, 443, 332, 221, 343, 444,
221, 343, 343, 333, 454, 221, 343, 454, 444, 454, 454, 221, 343, 454, 343, 232,
454, 332, 343, 332, 343, 343, 222, 343, 343, 343, 444, 232, 443, 343, 222, 232,
454, 222, 343, 443, 232, 454, 333, 232, 444, 444, 444, 454, 232, 332, 454, 343,
232, 443, 343, 232, 232, 332, 454, 332, 343, 343, 443, 343, 333, 565, 343, 232,
222, 454, 332, 232, 454, 332, 343, 443, 221, 343, 454, 444, 454, 343, 222, 443,
454, 232, 332, 454, 232, 343, 232, 443, 222, 232, 443, 333, 454, 343, 332, 443,
332, 221, 343, 444, 221, 343, 343, 333, 454, 221, 343, 454, 444, 454, 454, 221,
343, 454, 343, 232, 454, 332, 343, 332, 343, 343, 222, 343, 343, 343, 444, 232,
443, 343, 222, 232, 454, 222, 343, 443, 232, 454, 333, 232, 444, 444, 444, 454,
232, 332, 454, 343, 232, 443, 343, 232, 232, 332, 454, 332, 343, 343, 443, 343,
232, 343, 232, 221, 332, 332, 222, 222, 343, 221, 222, 232, 121, 232, 332, 332,
332, 222, 121, 232, 332, 221, 232, 232, 232, 221, 232, 332, 121, 121, 232, 221,
232, 232, 332, 232, 121, 232, 332, 232, 121, 332, 232, 222, 232, 121, 222, 332,
332, 332, 232, 121, 232, 332, 232, 222, 332, 232, 232, 232, 343, 222, 121, 232,
232, 222, 232, 232, 332, 221, 232, 332, 332, 121, 222, 232, 222, 332, 222, 221,
332, 332, 332, 332, 221, 221, 332, 232, 221, 332, 232, 222, 222, 333, 332, 232,
332, 222, 232, 232, 232, 343, 232, 221, 332, 332, 222, 222, 343, 221, 222, 232,
121, 232, 332, 332, 332, 222, 121, 232, 332, 221, 232, 232, 232, 221, 232, 332,
121, 121, 232, 221, 232, 232, 332, 232, 121, 232, 332, 232, 121, 332, 232, 222,
232, 121, 222, 332, 332, 332, 232, 121, 232, 332, 232, 222, 332, 232, 232, 232,
343, 222, 121, 232, 232, 222, 232, 232, 332, 221, 232, 332, 332, 121, 222, 232,
222, 332, 222, 221, 332, 332, 332, 332, 221, 221, 332, 232, 221, 332, 232, 222,
222, 333, 332, 232, 332, 222, 232, 232, 232, 343, 232, 221, 332, 332, 222, 222,
343, 221, 222, 232, 121, 232, 332, 332, 332, 222, 121, 232, 332, 221, 232, 232,
232, 221, 232, 332, 121, 121, 232, 221, 232, 232, 332, 232, 121, 232, 332, 232,
121, 332, 232, 222, 232, 121, 222, 332, 332, 332, 232, 121, 232, 332, 232, 222,
332, 232, 232, 232, 343, 222, 121, 232, 232, 222, 232, 232, 332, 221, 232, 332,
332, 121, 222, 232, 222, 332, 222, 221, 332, 332, 332, 332, 221, 221, 332, 232,
221, 332, 232, 222, 222, 333, 332, 232, 332, 222, 232, 232, 232, 343, 232, 221,
332, 332, 222, 222, 343, 221, 222, 232, 121, 232, 332, 332, 332, 222, 121, 232,
332, 221, 232, 232, 232, 221, 232, 332, 121, 121, 232, 221, 232, 232, 332, 232,
121, 232, 332, 232, 121, 332, 232, 222, 232, 121, 222, 332, 332, 332, 232, 121,
232, 332, 232, 222, 332, 232, 232, 232, 343, 222, 121, 232, 232, 222, 232, 232,
332, 221, 232, 332, 332, 121, 222, 232, 222, 332, 222, 221, 332, 332, 332, 332,
221, 221, 332, 232, 221, 332, 232, 222, 222, 333, 332, 232, 332, 222, 232, 232,
121, 121, 121, 121, 121, 121, 221, 221, 222, 121, 121, 121, 121, 121, 121, 121,
121, 121, 121, 121, 121, 121, 121, 221, 222, 121, 121, 121, 121, 121, 121, 121,
121, 121, 121, 121, 121, 121, 121, 121, 121, 222, 222, 221, 121, 121, 121, 121,
121, 121, 121, 121, 121, 121, 121, 121, 121, 121, 222, 222, 121, 121, 121, 121,
121, 121, 121, 121, 121, 121, 121, 121, 121, 121, 121, 222, 222, 222, 121, 121,
121, 121, 121, 121, 121, 121, 121, 121, 121, 121, 121, 221, 222, 222, 222, 121,
121, 121, 121, 121, 121, 121, 121, 121, 121, 121, 221, 221, 222, 121, 121, 121,
121, 121, 121, 121, 121, 121, 121, 121, 121, 121, 121, 221, 222, 121, 121, 121,
121, 121, 121, 121, 121, 121, 121, 121, 121, 121, 121, 121, 121, 222, 222, 221,
121, 121, 121, 121, 121, 121, 121, 121, 121, 121, 121, 121, 121, 121, 222, 222,
121, 121, 121, 121, 121, 121, 121, 121, 121, 121, 121, 121, 121, 121, 121, 222,
222, 222, 121, 121, 121, 121, 121, 121, 121, 121, 121, 121, 121, 121, 121, 221,
222, 222, 222, 121, 121, 121, 121, 121, 121, 121, 121, 121, 121, 121, 221, 221,
222, 121, 121, 121, 121, 121, 121, 121, 121, 121, 121, 121, 121, 121, 121, 221,
222, 121, 121, 121, 121, 121, 121, 121, 121, 121, 121, 121, 121, 121, 121, 121,
121, 222, 222, 221, 121, 121, 121, 121, 121, 121, 121, 121, 121, 121, 121, 121,
121, 121, 222, 222, 121, 121, 121, 121, 121, 121, 121, 121, 121, 121, 121, 121,
121, 121, 121, 222, 222, 222, 121, 121, 121, 121, 121, 121, 121, 121, 121, 121,
121, 121, 121, 221, 222, 222, 222, 121, 121, 121, 121, 121, 121, 121, 121, 121,
121, 121, 221, 221, 222, 121, 121, 121, 121, 121, 121, 121, 121, 121, 121, 121,
121, 121, 121, 221, 222, 121, 121, 121, 121, 121, 121, 121, 121, 121, 121, 121,
121, 121, 121, 121, 121, 222, 222, 221, 121, 121, 121, 121, 121, 121, 121, 121,
121, 121, 121, 121, 121, 121, 222, 222, 121, 121, 121, 121, 121, 121, 121, 121,
121, 121, 121, 121, 121, 121, 121, 222, 222, 222, 121, 121, 121, 121, 121, 121,
121, 121, 121, 121, 121, 121, 121, 221, 222, 222, 222, 121, 121, 121, 121, 121,
121, 221, 221, 222, 232, 232, 232, 221, 221, 221, 221, 121, 221, 221, 221, 221,
221, 221, 221, 221, 221, 232, 222, 232, 222, 221, 221, 121, 221, 221, 221, 221,
221, 121, 121, 221, 221, 221, 222, 232, 221, 221, 221, 221, 121, 121, 221, 221,
221, 221, 221, 221, 221, 221, 221, 121, 232, 232, 222, 221, 121, 121, 221, 221,
221, 221, 221, 121, 221, 221, 221, 221, 221, 222, 232, 221, 221, 221, 121, 221,
221, 221, 221, 221, 221, 221, 221, 221, 121, 221, 232, 232, 222, 221, 221, 221,
221, 221, 221, 121, 121, 221, 221, 222, 232, 232, 232, 221, 221, 221, 221, 121,
221, 221, 221, 221, 221, 221, 221, 221, 221, 232, 222, 232, 222, 221, 221, 121,
221, 221, 221, 221, 221, 121, 121, 221, 221, 221, 222, 232, 221, 221, 221, 221,
121, 121, 221, 221, 221, 221, 221, 221, 221, 221, 221, 121, 232, 232, 222, 221,
121, 121, 221, 221, 221, 221, 221, 121, 221, 221, 221, 221, 221, 222, 232, 221,
221, 221, 121, 221, 221, 221, 221, 221, 221, 221, 221, 221, 121, 221, 232, 232,
222, 221, 221, 221, 221, 221, 221, 121, 121, 221, 221, 222, 232, 232, 232, 221,
221, 221, 221, 121, 221, 221, 221, 221, 221, 221, 221, 221, 221, 232, 222, 232,
222, 221, 221, 121, 221, 221, 221, 221, 221, 121, 121, 221, 221, 221, 222, 232,
221, 221, 221, 221, 121, 121, 221, 221, 221, 221, 221, 221, 221, 221, 221, 121,
232, 232, 222, 221, 121, 121, 221, 221, 221, 221, 221, 121, 221, 221, 221, 221,
221, 222, 232, 221, 221, 221, 121, 221, 221, 221, 221, 221, 221, 221, 221, 221,
121, 221, 232, 232, 222, 221, 221, 221, 221, 221, 221, 121, 121, 221, 221, 222,
232, 232, 232, 221, 221, 221, 221, 121, 221, 221, 221, 221, 221, 221, 221, 221,
221, 232, 222, 232, 222, 221, 221, 121, 221, 221, 221, 221, 221, 121, 121, 221,
221, 221, 222, 232, 221, 221, 221, 221, 121, 121, 221, 221, 221, 221, 221, 221,
221, 221, 221, 121, 232, 232, 222, 221, 121, 121, 221, 221, 221, 221, 221, 121,
221, 221, 221, 221, 221, 222, 232, 221, 221, 221, 121, 221, 221, 221, 221, 221,
221, 221, 221, 221, 121, 221, 232, 232, 222, 221, 221, 221, 221, 221, 221, 121,
232, 565, 565, 565, 565, 676, 665, 565, 676, 565, 676, 332, 554, 565, 565, 565,
676, 676, 676, 676, 676, 565, 343, 565, 676, 676, 676, 232, 565, 565, 665, 565,
676, 343, 454, 565, 565, 565, 676, 676, 565, 676, 665, 676, 443, 443, 565, 565,
565, 676, 676, 676, 676, 565, 676, 332, 565, 676, 676, 776, 343, 454, 565, 565,
675, 676, 554, 343, 565, 565, 565, 565, 676, 565, 676, 676, 665, 565, 332, 565,
565, 565, 665, 676, 676, 676, 565, 676, 343, 454, 665, 565, 565, 665, 676, 565,
676, 665, 676, 454, 232, 565, 565, 565, 565, 676, 665, 565, 676, 565, 676, 332,
554, 565, 565, 565, 676, 676, 676, 676, 676, 565, 343, 565, 676, 676, 676, 232,
565, 565, 665, 565, 676, 343, 454, 565, 565, 565, 676, 676, 565, 676, 665, 676,
443, 443, 565, 565, 565, 676, 676, 676, 676, 565, 676, 332, 565, 676, 676, 776,
343, 454, 565, 565, 675, 676, 554, 343, 565, 565, 565, 565, 676, 565, 676, 676,
665, 565, 332, 565, 565, 565, 665, 676, 676, 676, 565, 676, 343, 454, 665, 565,
565, 665, 676, 565, 676, 665, 676, 454, 232, 565, 565, 565, 565, 676, 665, 565,
676, 565, 676, 332, 554, 565, 565, 565, 676, 676, 676, 676, 676, 565, 343, 565,
676, 676, 676, 232, 565, 565, 665, 565, 676, 343, 454, 565, 565, 565, 676, 676,
565, 676, 665, 676, 443, 443, 565, 565, 565, 676, 676, 676, 676, 565, 676, 332,
565, 676, 676, 776, 343, 454, 565, 565, 675, 676, 554, 343, 565, 565, 565, 565,
676, 565, 676, 676, 665, 565, 332, 565, 565, 565, 665, 676, 676, 676, 565, 676,
343, 454, 665, 565, 565, 665, 676, 565, 676, 665, 676, 454, 232, 565, 565, 565,
565, 676, 665, 565, 676, 565, 676, 332, 554, 565, 565, 565, 676, 676, 676, 676,
676, 565, 343, 565, 676, 676, 676, 232, 565, 565, 665, 565, 676, 343, 454, 565,
565, 565, 676, 676, 565, 676, 665, 676, 443, 443, 565, 565, 565, 676, 676, 676,
676, 565, 676, 332, 565, 676, 676, 776, 343, 454, 565, 565, 675, 676, 554, 343,
565, 565, 565, 565, 676, 565, 676, 676, 665, 565, 332, 565, 565, 565, 665, 676,
676, 676, 565, 676, 343, 454, 665, 565, 565, 665, 676, 565, 676, 665, 676, 454,
232, 565, 454, 665, 676, 555, 665, 787, 676, 454, 676, 343, 565, 676, 554, 554,
676, 454, 565, 554, 676, 565, 343, 554, 676, 676, 786, 332, 454, 665, 565, 554,
665, 343, 554, 565, 565, 676, 565, 565, 787, 676, 565, 676, 454, 454, 676, 565,
454, 665, 565, 565, 565, 565, 676, 343, 454, 676, 676, 787, 343, 343, 565, 565,
565, 565, 454, 343, 665, 554, 676, 565, 565, 676, 787, 565, 565, 565, 343, 676,
675, 454, 565, 565, 454, 565, 564, 676, 343, 564, 665, 565, 676, 554, 565, 787,
776, 565, 665, 454, 232, 565, 454, 665, 676, 555, 665, 787, 676, 454, 676, 343,
565, 676, 554, 554, 676, 454, 565, 554, 676, 565, 343, 554, 676, 676, 786, 332,
454, 665, 565, 554, 665, 343, 554, 565, 565, 676, 565, 565, 787, 676, 565, 676,
454, 454, 676, 565, 454, 665, 565, 565, 565, 565, 676, 343, 454, 676, 676, 787,
343, 343, 565, 565, 565, 565, 454, 343, 665, 554, 676, 565, 565, 676, 787, 565,
565, 565, 343, 676, 675, 454, 565, 565, 454, 565, 564, 676, 343, 564, 665, 565,
676, 554, 565, 787, 776, 565, 665, 454, 232, 565, 454, 665, 676, 555, 665, 787,
676, 454, 676, 343, 565, 676, 554, 554, 676, 454, 565, 554, 676, 565, 343, 554,
676, 676, 786, 332, 454, 665, 565, 554, 665, 343, 554, 565, 565, 676, 565, 565,
787, 676, 565, 676, 454, 454, 676, 565, 454, 665, 565, 565, 565, 565, 676, 343,
454, 676, 676, 787, 343, 343, 565, 565, 565, 565, 454, 343, 665, 554, 676, 565,
565, 676, 787, 565, 565, 565, 343, 676, 675, 454, 565, 565, 454, 565, 564, 676,
343, 564, 665, 565, 676, 554, 565, 787, 776, 565, 665, 454, 232, 565, 454, 665,
676, 555, 665, 787, 676, 454, 676, 343, 565, 676, 554, 554, 676, 454, 565, 554,
676, 565, 343, 554, 676, 676, 786, 332, 454, 665, 565, 554, 665, 343, 554, 565,
565, 676, 565, 565, 787, 676, 565, 676, 454, 454, 676, 565, 454, 665, 565, 565,
565, 565, 676, 343, 454, 676, 676, 787, 343, 343, 565, 565, 565, 565, 454, 343,
665, 554, 676, 565, 565, 676, 787, 565, 565, 565, 343, 676, 675, 454, 565, 565,
454, 565, 564, 676, 343, 564, 665, 565, 676, 554, 565, 787, 776, 565, 665, 454,
232, 454, 454, 454, 565, 454, 454, 665, 565, 444, 565, 343, 454, 565, 565, 454,
454, 454, 454, 454, 343, 232, 232, 443, 454, 676, 676, 332, 444, 454, 454, 454,
665, 343, 443, 454, 454, 554, 565, 454, 565, 665, 454, 555, 454, 343, 454, 565,
454, 454, 454, 454, 454, 343, 232, 232, 443, 454, 676, 787, 343, 343, 454, 454,
454, 565, 565, 333, 454, 454, 454, 565, 454, 554, 676, 454, 454, 565, 332, 454,
565, 554, 454, 454, 454, 454, 454, 332, 222, 454, 454, 454, 454, 554, 454, 565,
665, 454, 554, 454, 232, 454, 454, 454, 565, 454, 454, 665, 565, 444, 565, 343,
454, 565, 565, 454, 454, 454, 454, 454, 343, 232, 232, 443, 454, 676, 676, 332,
444, 454, 454, 454, 665, 343, 443, 454, 454, 554, 565, 454, 565, 665, 454, 555,
454, 343, 454, 565, 454, 454, 454, 454, 454, 343, 232, 232, 443, 454, 676, 787,
343, 343, 454, 454, 454, 565, 565, 333, 454, 454, 454, 565, 454, 554, 676, 454,
454, 565, 332, 454, 565, 554, 454, 454, 454, 454, 454, 332, 222, 454, 454, 454,
454, 554, 454, 565, 665, 454, 554, 454, 232, 454, 454, 454, 565, 454, 454, 665,
565, 444, 565, 343, 454, 565, 565, 454, 454, 454, 454, 454, 343, 232, 232, 443,
454, 676, 676, 332, 444, 454, 454, 454, 665, 343, 443, 454, 454, 554, 565, 454,
565, 665, 454, 555, 454, 343, 454, 565, 454, 454, 454, 454, 454, 343, 232, 232,
443, 454, 676, 787, 343, 343, 454, 454, 454, 565, 565, 333, 454, 454, 454, 565,
454, 554, 676, 454, 454, 565, 332, 454, 565, 554, 454, 454, 454, 454, 454, 332,
222, 454, 454, 454, 454, 554, 454, 565, 665, 454, 554, 454, 232, 454, 454, 454,
565, 454, 454, 665, 565, 444, 565, 343, 454, 565, 565, 454, 454, 454, 454, 454,
343, 232, 232, 443, 454, 676, 676, 332, 444, 454, 454, 454, 665, 343, 443, 454,
454, 554, 565, 454, 565, 665, 454, 555, 454, 343, 454, 565, 454, 454, 454, 454,
454, 343, 232, 232, 443, 454, 676, 787, 343, 343, 454, 454, 454, 565, 565, 333,
454, 454, 454, 565, 454, 554, 676, 454, 454, 565, 332, 454, 565, 554, 454, 454,
454, 454, 454, 332, 222, 454, 454, 454, 454, 554, 454, 565, 665, 454, 554, 454,
232, 343, 454, 454, 454, 454, 454, 454, 454, 444, 565, 343, 443, 454, 454, 454,
454, 454, 343, 343, 222, 121, 121, 333, 454, 565, 565, 232, 443, 454, 454, 454,
565, 343, 343, 454, 454, 454, 554, 454, 454, 454, 454, 554, 454, 343, 454, 454,
454, 454, 454, 343, 343, 332, 121, 222, 232, 444, 454, 676, 343, 343, 454, 454,
454, 565, 554, 232, 444, 454, 454, 554, 454, 454, 454, 454, 454, 565, 332, 454,
454, 454, 454, 454, 454, 332, 343, 121, 222, 343, 454, 454, 454, 454, 454, 454,
454, 454, 454, 454, 232, 343, 454, 454, 454, 454, 454, 454, 454, 444, 565, 343,
443, 454, 454, 454, 454, 454, 343, 343, 222, 121, 121, 333, 454, 565, 565, 232,
443, 454, 454, 454, 565, 343, 343, 454, 454, 454, 554, 454, 454, 454, 454, 554,
454, 343, 454, 454, 454, 454, 454, 343, 343, 332, 121, 222, 232, 444, 454, 676,
343, 343, 454, 454, 454, 565, 554, 232, 444, 454, 454, 554, 454, 454, 454, 454,
454, 565, 332, 454, 454, 454, 454, 454, 454, 332, 343, 121, 222, 343, 454, 454,
454, 454, 454, 454, 454, 454, 454, 454, 232, 343, 454, 454, 454, 454, 454, 454,
454, 444, 565, 343, 443, 454, 454, 454, 454, 454, 343, 343, 222, 121, 121, 333,
454, 565, 565, 232, 443, 454, 454, 454, 565, 343, 343, 454, 454, 454, 554, 454,
454, 454, 454, 554, 454, 343, 454, 454, 454, 454, 454, 343, 343, 332, 121, 222,
232, 444, 454, 676, 343, 343, 454, 454, 454, 565, 554, 232, 444, 454, 454, 554,
454, 454, 454, 454, 454, 565, 332, 454, 454, 454, 454, 454, 454, 332, 343, 121,
222, 343, 454, 454, 454, 454, 454, 454, 454, 454, 454, 454, 232, 343, 454, 454,
454, 454, 454, 454, 454, 444, 565, 343, 443, 454, 454, 454, 454, 454, 343, 343,
222, 121, 121, 333, 454, 565, 565, 232, 443, 454, 454, 454, 565, 343, 343, 454,
454, 454, 554, 454, 454, 454, 454, 554, 454, 343, 454, 454, 454, 454, 454, 343,
343, 332, 121, 222, 232, 444, 454, 676, 343, 343, 454, 454, 454, 565, 554, 232,
444, 454, 454, 554, 454, 454, 454, 454, 454, 565, 332, 454, 454, 454, 454, 454,
454, 332, 343, 121, 222, 343, 454, 454, 454, 454, 454, 454, 454, 454, 454, 454,
221, 232, 454, 454, 454, 454, 454, 454, 454, 454, 554, 332, 343, 444, 454, 454,
454, 454, 343, 232, 222, 232, 221, 343, 454, 454, 555, 222, 343, 454, 454, 454,
555, 343, 222, 444, 454, 454, 454, 454, 454, 454, 454, 454, 343, 343, 443, 454,
454, 454, 454, 454, 232, 221, 232, 222, 332, 454, 444, 554, 332, 232, 454, 454,
454, 454, 454, 221, 343, 454, 454, 454, 454, 454, 454, 454, 454, 454, 332, 443,
454, 454, 454, 454, 454, 343, 222, 232, 232, 232, 443, 454, 454, 454, 454, 454,
454, 454, 454, 443, 221, 232, 454, 454, 454, 454, 454, 454, 454, 454, 554, 332,
343, 444, 454, 454, 454, 454, 343, 232, 222, 232, 221, 343, 454, 454, 555, 222,
343, 454, 454, 454, 555, 343, 222, 444, 454, 454, 454, 454, 454, 454, 454, 454,
343, 343, 443, 454, 454, 454, 454, 454, 232, 221, 232, 222, 332, 454, 444, 554,
332, 232, 454, 454, 454, 454, 454, 221, 343, 454, 454, 454, 454, 454, 454, 454,
454, 454, 332, 443, 454, 454, 454, 454, 454, 343, 222, 232, 232, 232, 443, 454,
454, 454, 454, 454, 454, 454, 454, 443, 221, 232, 454, 454, 454, 454, 454, 454,
454, 454, 554, 332, 343, 444, 454, 454, 454, 454, 343, 232, 222, 232, 221, 343,
454, 454, 555, 222, 343, 454, 454, 454, 555, 343, 222, 444, 454, 454, 454, 454,
454, 454, 454, 454, 343, 343, 443, 454, 454, 454, 454, 454, 232, 221, 232, 222,
332, 454, 444, 554, 332, 232, 454, 454, 454, 454, 454, 221, 343, 454, 454, 454,
454, 454, 454, 454, 454, 454, 332, 443, 454, 454, 454, 454, 454, 343, 222, 232,
232, 232, 443, 454, 454, 454, 454, 454, 454, 454, 454, 443, 221, 232, 454, 454,
454, 454, 454, 454, 454, 454, 554, 332, 343, 444, 454, 454, 454, 454, 343, 232,
222, 232, 221, 343, 454, 454, 555, 222, 343, 454, 454, 454, 555, 343, 222, 444,
454, 454, 454, 454, 454, 454, 454, 454, 343, 343, 443, 454, 454, 454, 454, 454,
232, 221, 232, 222, 332, 454, 444, 554, 332, 232, 454, 454, 454, 454, 454, 221,
343, 454, 454, 454, 454, 454, 454, 454, 454, 454, 332, 443, 454, 454, 454, 454,
454, 343, 222, 232, 232, 232, 443, 454, 454, 454, 454, 454, 454, 454, 454, 443,
121, 221, 343, 454, 454, 454, 454, 454, 454, 454, 565, 232, 232, 343, 454, 454,
343, 343, 332, 222, 333, 232, 221, 443, 454, 454, 565, 222, 232, 454, 454, 454,
454, 333, 121, 332, 454, 454, 454, 454, 454, 454, 454, 565, 343, 232, 332, 454,
454, 343, 343, 333, 222, 232, 332, 121, 343, 454, 454, 554, 343, 221, 443, 454,
454, 454, 454, 121, 222, 343, 454, 454, 454, 454, 454, 454, 454, 454, 232, 232,
443, 454, 443, 343, 333, 232, 232, 343, 232, 121, 232, 454, 454, 454, 454, 454,
454, 454, 565, 443, 121, 221, 343, 454, 454, 454, 454, 454, 454, 454, 565, 232,
232, 343, 454, 454, 343, 343, 332, 222, 333, 232, 221, 443, 454, 454, 565, 222,
232, 454, 454, 454, 454, 333, 121, 332, 454, 454, 454, 454, 454, 454, 454, 565,
343, 232, 332, 454, 454, 343, 343, 333, 222, 232, 332, 121, 343, 454, 454, 554,
343, 221, 443, 454, 454, 454, 454, 121, 222, 343, 454, 454, 454, 454, 454, 454,
454, 454, 232, 232, 443, 454, 443, 343, 333, 232, 232, 343, 232, 121, 232, 454,
454, 454, 454, 454, 454, 454, 565, 443, 121, 221, 343, 454, 454, 454, 454, 454,
454, 454, 565, 232, 232, 343, 454, 454, 343, 343, 332, 222, 333, 232, 221, 443,
454, 454, 565, 222, 232, 454, 454, 454, 454, 333, 121, 332, 454, 454, 454, 454,
454, 454, 454, 565, 343, 232, 332, 454, 454, 343, 343, 333, 222, 232, 332, 121,
343, 454, 454, 554, 343, 221, 443, 454, 454, 454, 454, 121, 222, 343, 454, 454,
454, 454, 454, 454, 454, 454, 232, 232, 443, 454, 443, 343, 333, 232, 232, 343,
232, 121, 232, 454, 454, 454, 454, 454, 454, 454, 565, 443, 121, 221, 343, 454,
454, 454, 454, 454, 454, 454, 565, 232, 232, 343, 454, 454, 343, 343, 332, 222,
333, 232, 221, 443, 454, 454, 565, 222, 232, 454, 454, 454, 454, 333, 121, 332,
454, 454, 454, 454, 454, 454, 454, 565, 343, 232, 332, 454, 454, 343, 343, 333,
222, 232, 332, 121, 343, 454, 454, 554, 343, 221, 443, 454, 454, 454, 454, 121,
222, 343, 454, 454, 454, 454, 454, 454, 454, 454, 232, 232, 443, 454, 443, 343,
333, 232, 232, 343, 232, 121, 232, 454, 454, 454, 454, 454, 454, 454, 565, 443,
221, 222, 232, 454, 454, 454, 454, 454, 454, 454, 676, 232, 222, 333, 343, 343,
232, 221, 121, 221, 332, 121, 232, 454, 454, 454, 565, 222, 222, 443, 454, 444,
343, 222, 121, 221, 443, 454, 454, 454, 454, 454, 444, 565, 443, 121, 232, 343,
343, 232, 222, 221, 121, 332, 222, 221, 343, 454, 454, 565, 343, 121, 343, 454,
454, 343, 332, 121, 121, 332, 454, 454, 454, 454, 454, 454, 554, 565, 121, 232,
343, 343, 332, 222, 221, 121, 232, 232, 221, 121, 121, 343, 454, 454, 454, 454,
454, 444, 565, 454, 221, 222, 232, 454, 454, 454, 454, 454, 454, 454, 676, 232,
222, 333, 343, 343, 232, 221, 121, 221, 332, 121, 232, 454, 454, 454, 565, 222,
222, 443, 454, 444, 343, 222, 121, 221, 443, 454, 454, 454, 454, 454, 444, 565,
443, 121, 232, 343, 343, 232, 222, 221, 121, 332, 222, 221, 343, 454, 454, 565,
343, 121, 343, 454, 454, 343, 332, 121, 121, 332, 454, 454, 454, 454, 454, 454,
554, 565, 121, 232, 343, 343, 332, 222, 221, 121, 232, 232, 221, 121, 121, 343,
454, 454, 454, 454, 454, 444, 565, 454, 221, 222, 232, 454, 454, 454, 454, 454,
454, 454, 676, 232, 222, 333, 343, 343, 232, 221, 121, 221, 332, 121, 232, 454,
454, 454, 565, 222, 222, 443, 454, 444, 343, 222, 121, 221, 443, 454, 454, 454,
454, 454, 444, 565, 443, 121, 232, 343, 343, 232, 222, 221, 121, 332, 222, 221,
343, 454, 454, 565, 343, 121, 343, 454, 454, 343, 332, 121, 121, 332, 454, 454,
454, 454, 454, 454, 554, 565, 121, 232, 343, 343, 332, 222, 221, 121, 232, 232,
221, 121, 121, 343, 454, 454, 454, 454, 454, 444, 565, 454, 221, 222, 232, 454,
454, 454, 454, 454, 454, 454, 676, 232, 222, 333, 343, 343, 232, 221, 121, 221,
332, 121, 232, 454, 454, 454, 565, 222, 222, 443, 454, 444, 343, 222, 121, 221,
443, 454, 454, 454, 454, 454, 444, 565, 443, 121, 232, 343, 343, 232, 222, 221,
121, 332, 222, 221, 343, 454, 454, 565, 343, 121, 343, 454, 454, 343, 332, 121,
121, 332, 454, 454, 454, 454, 454, 454, 554, 565, 121, 232, 343, 343, 332, 222,
221, 121, 232, 232, 221, 121, 121, 343, 454, 454, 454, 454, 454, 444, 565, 454,
121, 232, 232, 232, 443, 454, 443, 343, 454, 454, 676, 232, 121, 232, 222, 221,
121, 121, 121, 121, 121, 121, 333, 454, 454, 454, 665, 222, 222, 232, 443, 343,
232, 232, 221, 232, 232, 343, 454, 444, 343, 444, 454, 676, 443, 121, 222, 222,
222, 121, 121, 121, 121, 121, 121, 232, 454, 454, 454, 665, 343, 221, 232, 343,
443, 232, 232, 121, 232, 232, 343, 454, 454, 343, 443, 454, 565, 565, 121, 221,
232, 222, 221, 111, 121, 121, 121, 121, 121, 121, 222, 222, 343, 454, 444, 343,
444, 454, 665, 454, 121, 232, 232, 232, 443, 454, 443, 343, 454, 454, 676, 232,
121, 232, 222, 221, 121, 121, 121, 121, 121, 121, 333, 454, 454, 454, 665, 222,
222, 232, 443, 343, 232, 232, 221, 232, 232, 343, 454, 444, 343, 444, 454, 676,
443, 121, 222, 222, 222, 121, 121, 121, 121, 121, 121, 232, 454, 454, 454, 665,
343, 221, 232, 343, 443, 232, 232, 121, 232, 232, 343, 454, 454, 343, 443, 454,
565, 565, 121, 221, 232, 222, 221, 111, 121, 121, 121, 121, 121, 121, 222, 222,
343, 454, 444, 343, 444, 454, 665, 454, 121, 232, 232, 232, 443, 454, 443, 343,
454, 454, 676, 232, 121, 232, 222, 221, 121, 121, 121, 121, 121, 121, 333, 454,
454, 454, 665, 222, 222, 232, 443, 343, 232, 232, 221, 232, 232, 343, 454, 444,
343, 444, 454, 676, 443, 121, 222, 222, 222, 121, 121, 121, 121, 121, 121, 232,
454, 454, 454, 665, 343, 221, 232, 343, 443, 232, 232, 121, 232, 232, 343, 454,
454, 343, 443, 454, 565, 565, 121, 221, 232, 222, 221, 111, 121, 121, 121, 121,
121, 121, 222, 222, 343, 454, 444, 343, 444, 454, 665, 454, 121, 232, 232, 232,
443, 454, 443, 343, 454, 454, 676, 232, 121, 232, 222, 221, 121, 121, 121, 121,
121, 121, 333, 454, 454, 454, 665, 222, 222, 232, 443, 343, 232, 232, 221, 232,
232, 343, 454, 444, 343, 444, 454, 676, 443, 121, 222, 222, 222, 121, 121, 121,
121, 121, 121, 232, 454, 454, 454, 665, 343, 221, 232, 343, 443, 232, 232, 121,
232, 232, 343, 454, 454, 343, 443, 454, 565, 565, 121, 221, 232, 222, 221, 111,
121, 121, 121, 121, 121, 121, 222, 222, 343, 454, 444, 343, 444, 454, 665, 454,
121, 343, 343, 121, 333, 454, 332, 232, 343, 554, 665, 232, 343, 343, 443, 343,
454, 232, 232, 443, 343, 343, 332, 454, 444, 454, 565, 232, 232, 222, 332, 232,
333, 343, 232, 443, 222, 222, 454, 343, 232, 343, 454, 665, 343, 232, 343, 343,
343, 454, 343, 232, 343, 443, 343, 232, 454, 444, 444, 565, 343, 232, 232, 232,
332, 232, 443, 121, 343, 333, 221, 343, 444, 232, 332, 454, 565, 555, 232, 343,
343, 343, 443, 454, 232, 343, 443, 343, 232, 222, 343, 221, 222, 454, 343, 232,
343, 454, 665, 443, 121, 343, 343, 121, 333, 454, 332, 232, 343, 554, 665, 232,
343, 343, 443, 343, 454, 232, 232, 443, 343, 343, 332, 454, 444, 454, 565, 232,
232, 222, 332, 232, 333, 343, 232, 443, 222, 222, 454, 343, 232, 343, 454, 665,
343, 232, 343, 343, 343, 454, 343, 232, 343, 443, 343, 232, 454, 444, 444, 565,
343, 232, 232, 232, 332, 232, 443, 121, 343, 333, 221, 343, 444, 232, 332, 454,
565, 555, 232, 343, 343, 343, 443, 454, 232, 343, 443, 343, 232, 222, 343, 221,
222, 454, 343, 232, 343, 454, 665, 443, 121, 343, 343, 121, 333, 454, 332, 232,
343, 554, 665, 232, 343, 343, 443, 343, 454, 232, 232, 443, 343, 343, 332, 454,
444, 454, 565, 232, 232, 222, 332, 232, 333, 343, 232, 443, 222, 222, 454, 343,
232, 343, 454, 665, 343, 232, 343, 343, 343, 454, 343, 232, 343, 443, 343, 232,
454, 444, 444, 565, 343, 232, 232, 232, 332, 232, 443, 121, 343, 333, 221, 343,
444, 232, 332, 454, 565, 555, 232, 343, 343, 343, 443, 454, 232, 343, 443, 343,
232, 222, 343, 221, 222, 454, 343, 232, 343, 454, 665, 443, 121, 343, 343, 121,
333, 454, 332, 232, 343, 554, 665, 232, 343, 343, 443, 343, 454, 232, 232, 443,
343, 343, 332, 454, 444, 454, 565, 232, 232, 222, 332, 232, 333, 343, 232, 443,
222, 222, 454, 343, 232, 343, 454, 665, 343, 232, 343, 343, 343, 454, 343, 232,
343, 443, 343, 232, 454, 444, 444, 565, 343, 232, 232, 232, 332, 232, 443, 121,
343, 333, 221, 343, 444, 232, 332, 454, 565, 555, 232, 343, 343, 343, 443, 454,
232, 343, 443, 343, 232, 222, 343, 221, 222, 454, 343, 232, 343, 454, 665, 443,
121, 333, 343, 232, 222, 343, 232, 232, 343, 454, 565, 332, 564, 665, 676, 565,
787, 454, 443, 676, 676, 565, 332, 443, 333, 443, 454, 232, 343, 332, 222, 232,
454, 333, 232, 444, 332, 221, 343, 232, 221, 343, 454, 565, 343, 444, 565, 676,
665, 676, 676, 332, 676, 676, 676, 332, 443, 343, 343, 454, 333, 343, 343, 222,
232, 343, 454, 222, 343, 343, 222, 232, 343, 221, 232, 454, 454, 554, 333, 565,
676, 676, 675, 787, 333, 565, 676, 676, 443, 222, 343, 332, 221, 343, 232, 221,
343, 454, 565, 443, 121, 333, 343, 232, 222, 343, 232, 232, 343, 454, 565, 332,
564, 665, 676, 565, 787, 454, 443, 676, 676, 565, 332, 443, 333, 443, 454, 232,
343, 332, 222, 232, 454, 333, 232, 444, 332, 221, 343, 232, 221, 343, 454, 565,
343, 444, 565, 676, 665, 676, 676, 332, 676, 676, 676, 332, 443, 343, 343, 454,
333, 343, 343, 222, 232, 343, 454, 222, 343, 343, 222, 232, 343, 221, 232, 454,
454, 554, 333, 565, 676, 676, 675, 787, 333, 565, 676, 676, 443, 222, 343, 332,
221, 343, 232, 221, 343, 454, 565, 443, 121, 333, 343, 232, 222, 343, 232, 232,
343, 454, 565, 332, 564, 665, 676, 565, 787, 454, 443, 676, 676, 565, 332, 443,
333, 443, 454, 232, 343, 332, 222, 232, 454, 333, 232, 444, 332, 221, 343, 232,
221, 343, 454, 565, 343, 444, 565, 676, 665, 676, 676, 332, 676, 676, 676, 332,
443, 343, 343, 454, 333, 343, 343, 222, 232, 343, 454, 222, 343, 343, 222, 232,
343, 221, 232, 454, 454, 554, 333, 565, 676, 676, 675, 787, 333, 565, 676, 676,
443, 222, 343, 332, 221, 343, 232, 221, 343, 454, 565, 443, 121, 333, 343, 232,
222, 343, 232, 232, 343, 454, 565, 332, 564, 665, 676, 565, 787, 454, 443, 676,
676, 565, 332, 443, 333, 443, 454, 232, 343, 332, 222, 232, 454, 333, 232, 444,
332, 221, 343, 232, 221, 343, 454, 565, 343, 444, 565, 676, 665, 676, 676, 332,
676, 676, 676, 332, 443, 343, 343, 454, 333, 343, 343, 222, 232, 343, 454, 222,
343, 343, 222, 232, 343, 221, 232, 454, 454, 554, 333, 565, 676, 676, 675, 787,
333, 565, 676, 676, 443, 222, 343, 332, 221, 343, 232, 221, 343, 454, 565, 443,
121, 221, 232, 332, 221, 222, 332, 343, 443, 443, 454, 232, 443, 454, 565, 444,
565, 454, 343, 565, 565, 565, 232, 332, 232, 443, 554, 332, 454, 443, 332, 343,
554, 343, 221, 232, 343, 222, 221, 232, 343, 343, 443, 454, 343, 343, 454, 565,
454, 454, 565, 232, 555, 554, 665, 332, 343, 232, 343, 554, 343, 343, 454, 343,
232, 454, 454, 222, 232, 343, 232, 121, 232, 332, 343, 443, 443, 443, 332, 444,
554, 454, 444, 565, 333, 454, 565, 565, 343, 121, 232, 343, 222, 221, 232, 343,
343, 443, 454, 343, 121, 221, 232, 332, 221, 222, 332, 343, 443, 443, 454, 232,
443, 454, 565, 444, 565, 454, 343, 565, 565, 565, 232, 332, 232, 443, 554, 332,
454, 443, 332, 343, 554, 343, 221, 232, 343, 222, 221, 232, 343, 343, 443, 454,
343, 343, 454, 565, 454, 454, 565, 232, 555, 554, 665, 332, 343, 232, 343, 554,
343, 343, 454, 343, 232, 454, 454, 222, 232, 343, 232, 121, 232, 332, 343, 443,
443, 443, 332, 444, 554, 454, 444, 565, 333, 454, 565, 565, 343, 121, 232, 343,
222, 221, 232, 343, 343, 443, 454, 343, 121, 221, 232, 332, 221, 222, 332, 343,
443, 443, 454, 232, 443, 454, 565, 444, 565, 454, 343, 565, 565, 565, 232, 332,
232, 443, 554, 332, 454, 443, 332, 343, 554, 343, 221, 232, 343, 222, 221, 232,
343, 343, 443, 454, 343, 343, 454, 565, 454, 454, 565, 232, 555, 554, 665, 332,
343, 232, 343, 554, 343, 343, 454, 343, 232, 454, 454, 222, 232, 343, 232, 121,
232, 332, 343, 443, 443, 443, 332, 444, 554, 454, 444, 565, 333, 454, 565, 565,
343, 121, 232, 343, 222, 221, 232, 343, 343, 443, 454, 343, 121, 221, 232, 332,
221, 222, 332, 343, 443, 443, 454, 232, 443, 454, 565, 444, 565, 454, 343, 565,
565, 565, 232, 332, 232, 443, 554, 332, 454, 443, 332, 343, 554, 343, 221, 232,
343, 222, 221, 232, 343, 343, 443, 454, 343, 343, 454, 565, 454, 454, 565, 232,
555, 554, 665, 332, 343, 232, 343, 554, 343, 343, 454, 343, 232, 454, 454, 222,
232, 343, 232, 121, 232, 332, 343, 443, 443, 443, 332, 444, 554, 454, 444, 565,
333, 454, 565, 565, 343, 121, 232, 343, 222, 221, 232, 343, 343, 443, 454, 343,
121, 121, 232, 121, 121, 221, 232, 232, 232, 232, 232, 232, 444, 454, 454, 454,
454, 343, 343, 454, 454, 454, 221, 222, 332, 443, 454, 232, 454, 454, 443, 443,
565, 343, 121, 232, 222, 121, 121, 232, 232, 232, 232, 232, 222, 343, 454, 454,
454, 454, 454, 332, 454, 454, 565, 232, 222, 232, 343, 454, 333, 343, 454, 454,
443, 454, 554, 221, 232, 232, 121, 121, 222, 232, 232, 232, 232, 232, 332, 454,
454, 454, 454, 454, 332, 443, 454, 554, 343, 121, 222, 222, 121, 121, 232, 232,
232, 232, 232, 222, 121, 121, 232, 121, 121, 221, 232, 232, 232, 232, 232, 232,
444, 454, 454, 454, 454, 343, 343, 454, 454, 454, 221, 222, 332, 443, 454, 232,
454, 454, 443, 443, 565, 343, 121, 232, 222, 121, 121, 232, 232, 232, 232, 232,
222, 343, 454, 454, 454, 454, 454, 332, 454, 454, 565, 232, 222, 232, 343, 454,
333, 343, 454, 454, 443, 454, 554, 221, 232, 232, 121, 121, 222, 232, 232, 232,
232, 232, 332, 454, 454, 454, 454, 454, 332, 443, 454, 554, 343, 121, 222, 222,
121, 121, 232, 232, 232, 232, 232, 222, 121, 121, 232, 121, 121, 221, 232, 232,
232, 232, 232, 232, 444, 454, 454, 454, 454, 343, 343, 454, 454, 454, 221, 222,
332, 443, 454, 232, 454, 454, 443, 443, 565, 343, 121, 232, 222, 121, 121, 232,
232, 232, 232, 232, 222, 343, 454, 454, 454, 454, 454, 332, 454, 454, 565, 232,
222, 232, 343, 454, 333, 343, 454, 454, 443, 454, 554, 221, 232, 232, 121, 121,
222, 232, 232, 232, 232, 232, 332, 454, 454, 454, 454, 454, 332, 443, 454, 554,
343, 121, 222, 222, 121, 121, 232, 232, 232, 232, 232, 222, 121, 121, 232, 121,
121, 221, 232, 232, 232, 232, 232, 232, 444, 454, 454, 454, 454, 343, 343, 454,
454, 454, 221, 222, 332, 443, 454, 232, 454, 454, 443, 443, 565, 343, 121, 232,
222, 121, 121, 232, 232, 232, 232, 232, 222, 343, 454, 454, 454, 454, 454, 332,
454, 454, 565, 232, 222, 232, 343, 454, 333, 343, 454, 454, 443, 454, 554, 221,
232, 232, 121, 121, 222, 232, 232, 232, 232, 232, 332, 454, 454, 454, 454, 454,
332, 443, 454, 554, 343, 121, 222, 222, 121, 121, 232, 232, 232, 232, 232, 222,
121, 221, 232, 232, 232, 222, 232, 232, 232, 232, 232, 232, 443, 454, 454, 454,
454, 343, 343, 454, 454, 454, 121, 232, 332, 332, 232, 232, 454, 454, 454, 454,
565, 343, 121, 232, 232, 232, 232, 221, 232, 232, 232, 232, 222, 343, 454, 454,
454, 454, 454, 332, 454, 454, 565, 222, 221, 332, 232, 232, 232, 343, 454, 454,
454, 454, 554, 121, 232, 232, 232, 232, 221, 232, 232, 232, 232, 232, 232, 454,
454, 454, 454, 565, 332, 443, 454, 554, 343, 121, 232, 232, 232, 232, 221, 232,
232, 232, 232, 222, 121, 221, 232, 232, 232, 222, 232, 232, 232, 232, 232, 232,
443, 454, 454, 454, 454, 343, 343, 454, 454, 454, 121, 232, 332, 332, 232, 232,
454, 454, 454, 454, 565, 343, 121, 232, 232, 232, 232, 221, 232, 232, 232, 232,
222, 343, 454, 454, 454, 454, 454, 332, 454, 454, 565, 222, 221, 332, 232, 232,
232, 343, 454, 454, 454, 454, 554, 121, 232, 232, 232, 232, 221, 232, 232, 232,
232, 232, 232, 454, 454, 454, 454, 565, 332, 443, 454, 554, 343, 121, 232, 232,
232, 232, 221, 232, 232, 232, 232, 222, 121, 221, 232, 232, 232, 222, 232, 232,
232, 232, 232, 232, 443, 454, 454, 454, 454, 343, 343, 454, 454, 454, 121, 232,
332, 332, 232, 232, 454, 454, 454, 454, 565, 343, 121, 232, 232, 232, 232, 221,
232, 232, 232, 232, 222, 343, 454, 454, 454, 454, 454, 332, 454, 454, 565, 222,
221, 332, 232, 232, 232, 343, 454, 454, 454, 454, 554, 121, 232, 232, 232, 232,
221, 232, 232, 232, 232, 232, 232, 454, 454, 454, 454, 565, 332, 443, 454, 554,
343, 121, 232, 232, 232, 232, 221, 232, 232, 232, 232, 222, 121, 221, 232, 232,
232, 222, 232, 232, 232, 232, 232, 232, 443, 454, 454, 454, 454, 343, 343, 454,
454, 454, 121, 232, 332, 332, 232, 232, 454, 454, 454, 454, 565, 343, 121, 232,
232, 232, 232, 221, 232, 232, 232, 232, 222, 343, 454, 454, 454, 454, 454, 332,
454, 454, 565, 222, 221, 332, 232, 232, 232, 343, 454, 454, 454, 454, 554, 121,
232, 232, 232, 232, 221, 232, 232, 232, 232, 232, 232, 454, 454, 454, 454, 565,
332, 443, 454, 554, 343, 121, 232, 232, 232, 232, 221, 232, 232, 232, 232, 222,
121, 343, 676, 676, 786, 343, 454, 665, 676, 676, 786, 232, 343, 454, 454, 454,
676, 454, 343, 454, 565, 565, 121, 121, 121, 121, 121, 232, 454, 454, 454, 454,
565, 333, 222, 565, 676, 776, 565, 343, 665, 665, 676, 786, 444, 232, 454, 454,
444, 554, 665, 332, 454, 454, 676, 222, 121, 121, 121, 121, 221, 343, 454, 454,
454, 565, 454, 121, 454, 676, 676, 676, 332, 565, 565, 676, 676, 665, 222, 454,
454, 454, 454, 676, 343, 443, 454, 676, 343, 221, 565, 676, 776, 565, 343, 665,
665, 676, 786, 454, 121, 343, 676, 676, 786, 343, 454, 665, 676, 676, 786, 232,
343, 454, 454, 454, 676, 454, 343, 454, 565, 565, 121, 121, 121, 121, 121, 232,
454, 454, 454, 454, 565, 333, 222, 565, 676, 776, 565, 343, 665, 665, 676, 786,
444, 232, 454, 454, 444, 554, 665, 332, 454, 454, 676, 222, 121, 121, 121, 121,
221, 343, 454, 454, 454, 565, 454, 121, 454, 676, 676, 676, 332, 565, 565, 676,
676, 665, 222, 454, 454, 454, 454, 676, 343, 443, 454, 676, 343, 221, 565, 676,
776, 565, 343, 665, 665, 676, 786, 454, 121, 343, 676, 676, 786, 343, 454, 665,
676, 676, 786, 232, 343, 454, 454, 454, 676, 454, 343, 454, 565, 565, 121, 121,
121, 121, 121, 232, 454, 454, 454, 454, 565, 333, 222, 565, 676, 776, 565, 343,
665, 665, 676, 786, 444, 232, 454, 454, 444, 554, 665, 332, 454, 454, 676, 222,
121, 121, 121, 121, 221, 343, 454, 454, 454, 565, 454, 121, 454, 676, 676, 676,
332, 565, 565, 676, 676, 665, 222, 454, 454, 454, 454, 676, 343, 443, 454, 676,
343, 221, 565, 676, 776, 565, 343, 665, 665, 676, 786, 454, 121, 343, 676, 676,
786, 343, 454, 665, 676, 676, 786, 232, 343, 454, 454, 454, 676, 454, 343, 454,
565, 565, 121, 121, 121, 121, 121, 232, 454, 454, 454, 454, 565, 333, 222, 565,
676, 776, 565, 343, 665, 665, 676, 786, 444, 232, 454, 454, 444, 554, 665, 332,
454, 454, 676, 222, 121, 121, 121, 121, 221, 343, 454, 454, 454, 565, 454, 121,
454, 676, 676, 676, 332, 565, 565, 676, 676, 665, 222, 454, 454, 454, 454, 676,
343, 443, 454, 676, 343, 221, 565, 676, 776, 565, 343, 665, 665, 676, 786, 454,
121, 343, 554, 565, 565, 343, 343, 454, 565, 565, 565, 232, 343, 454, 454, 454,
676, 454, 343, 454, 565, 565, 121, 221, 121, 121, 121, 232, 454, 454, 454, 454,
565, 333, 232, 454, 565, 565, 454, 332, 454, 454, 565, 565, 343, 232, 454, 454,
454, 565, 675, 232, 454, 454, 676, 222, 121, 221, 121, 121, 221, 343, 454, 454,
454, 565, 454, 221, 443, 565, 565, 565, 232, 454, 454, 565, 565, 554, 222, 444,
454, 454, 454, 676, 333, 343, 454, 676, 343, 232, 454, 565, 565, 454, 332, 454,
454, 565, 565, 443, 121, 343, 554, 565, 565, 343, 343, 454, 565, 565, 565, 232,
343, 454, 454, 454, 676, 454, 343, 454, 565, 565, 121, 221, 121, 121, 121, 232,
454, 454, 454, 454, 565, 333, 232, 454, 565, 565, 454, 332, 454, 454, 565, 565,
343, 232, 454, 454, 454, 565, 675, 232, 454, 454, 676, 222, 121, 221, 121, 121,
221, 343, 454, 454, 454, 565, 454, 221, 443, 565, 565, 565, 232, 454, 454, 565,
565, 554, 222, 444, 454, 454, 454, 676, 333, 343, 454, 676, 343, 232, 454, 565,
565, 454, 332, 454, 454, 565, 565, 443, 121, 343, 554, 565, 565, 343, 343, 454,
565, 565, 565, 232, 343, 454, 454, 454, 676, 454, 343, 454, 565, 565, 121, 221,
121, 121, 121, 232, 454, 454, 454, 454, 565, 333, 232, 454, 565, 565, 454, 332,
454, 454, 565, 565, 343, 232, 454, 454, 454, 565, 675, 232, 454, 454, 676, 222,
121, 221, 121, 121, 221, 343, 454, 454, 454, 565, 454, 221, 443, 565, 565, 565,
232, 454, 454, 565, 565, 554, 222, 444, 454, 454, 454, 676, 333, 343, 454, 676,
343, 232, 454, 565, 565, 454, 332, 454, 454, 565, 565, 443, 121, 343, 554, 565,
565, 343, 343, 454, 565, 565, 565, 232, 343, 454, 454, 454, 676, 454, 343, 454,
565, 565, 121, 221, 121, 121, 121, 232, 454, 454, 454, 454, 565, 333, 232, 454,
565, 565, 454, 332, 454, 454, 565, 565, 343, 232, 454, 454, 454, 565, 675, 232,
454, 454, 676, 222, 121, 221, 121, 121, 221, 343, 454, 454, 454, 565, 454, 221,
443, 565, 565, 565, 232, 454, 454, 565, 565, 554, 222, 444, 454, 454, 454, 676,
333, 343, 454, 676, 343, 232, 454, 565, 565, 454, 332, 454, 454, 565, 565, 443,
121, 343, 454, 454, 454, 343, 333, 454, 454, 454, 554, 232, 222, 443, 454, 454,
565, 343, 232, 444, 555, 454, 121, 343, 232, 232, 121, 232, 444, 454, 454, 454,
665, 343, 232, 454, 454, 454, 454, 232, 443, 454, 454, 454, 343, 121, 343, 454,
454, 565, 454, 221, 343, 454, 565, 222, 232, 343, 222, 221, 121, 343, 454, 454,
454, 565, 565, 221, 443, 454, 454, 454, 232, 343, 454, 454, 454, 454, 121, 232,
454, 454, 454, 565, 232, 332, 454, 565, 343, 232, 454, 454, 454, 454, 232, 443,
454, 454, 454, 343, 121, 343, 454, 454, 454, 343, 333, 454, 454, 454, 554, 232,
222, 443, 454, 454, 565, 343, 232, 444, 555, 454, 121, 343, 232, 232, 121, 232,
444, 454, 454, 454, 665, 343, 232, 454, 454, 454, 454, 232, 443, 454, 454, 454,
343, 121, 343, 454, 454, 565, 454, 221, 343, 454, 565, 222, 232, 343, 222, 221,
121, 343, 454, 454, 454, 565, 565, 221, 443, 454, 454, 454, 232, 343, 454, 454,
454, 454, 121, 232, 454, 454, 454, 565, 232, 332, 454, 565, 343, 232, 454, 454,
454, 454, 232, 443, 454, 454, 454, 343, 121, 343, 454, 454, 454, 343, 333, 454,
454, 454, 554, 232, 222, 443, 454, 454, 565, 343, 232, 444, 555, 454, 121, 343,
232, 232, 121, 232, 444, 454, 454, 454, 665, 343, 232, 454, 454, 454, 454, 232,
443, 454, 454, 454, 343, 121, 343, 454, 454, 565, 454, 221, 343, 454, 565, 222,
232, 343, 222, 221, 121, 343, 454, 454, 454, 565, 565, 221, 443, 454, 454, 454,
232, 343, 454, 454, 454, 454, 121, 232, 454, 454, 454, 565, 232, 332, 454, 565,
343, 232, 454, 454, 454, 454, 232, 443, 454, 454, 454, 343, 121, 343, 454, 454,
454, 343, 333, 454, 454, 454, 554, 232, 222, 443, 454, 454, 565, 343, 232, 444,
555, 454, 121, 343, 232, 232, 121, 232, 444, 454, 454, 454, 665, 343, 232, 454,
454, 454, 454, 232, 443, 454, 454, 454, 343, 121, 343, 454, 454, 565, 454, 221,
343, 454, 565, 222, 232, 343, 222, 221, 121, 343, 454, 454, 454, 565, 565, 221,
443, 454, 454, 454, 232, 343, 454, 454, 454, 454, 121, 232, 454, 454, 454, 565,
232, 332, 454, 565, 343, 232, 454, 454, 454, 454, 232, 443, 454, 454, 454, 343,
232, 444, 454, 454, 454, 343, 232, 343, 454, 444, 454, 232, 121, 333, 443, 443,
343, 232, 121, 343, 454, 454, 222, 343, 343, 332, 222, 121, 343, 454, 454, 454,
554, 343, 343, 454, 454, 454, 454, 232, 332, 443, 454, 454, 343, 121, 232, 343,
444, 443, 343, 121, 232, 454, 554, 222, 343, 343, 343, 232, 121, 232, 454, 454,
454, 454, 454, 332, 454, 454, 454, 454, 232, 232, 343, 454, 454, 454, 121, 221,
343, 443, 343, 343, 221, 222, 443, 454, 343, 343, 454, 454, 454, 454, 232, 232,
443, 454, 454, 343, 232, 444, 454, 454, 454, 343, 232, 343, 454, 444, 454, 232,
121, 333, 443, 443, 343, 232, 121, 343, 454, 454, 222, 343, 343, 332, 222, 121,
343, 454, 454, 454, 554, 343, 343, 454, 454, 454, 454, 232, 332, 443, 454, 454,
343, 121, 232, 343, 444, 443, 343, 121, 232, 454, 554, 222, 343, 343, 343, 232,
121, 232, 454, 454, 454, 454, 454, 332, 454, 454, 454, 454, 232, 232, 343, 454,
454, 454, 121, 221, 343, 443, 343, 343, 221, 222, 443, 454, 343, 343, 454, 454,
454, 454, 232, 232, 443, 454, 454, 343, 232, 444, 454, 454, 454, 343, 232, 343,
454, 444, 454, 232, 121, 333, 443, 443, 343, 232, 121, 343, 454, 454, 222, 343,
343, 332, 222, 121, 343, 454, 454, 454, 554, 343, 343, 454, 454, 454, 454, 232,
332, 443, 454, 454, 343, 121, 232, 343, 444, 443, 343, 121, 232, 454, 554, 222,
343, 343, 343, 232, 121, 232, 454, 454, 454, 454, 454, 332, 454, 454, 454, 454,
232, 232, 343, 454, 454, 454, 121, 221, 343, 443, 343, 343, 221, 222, 443, 454,
343, 343, 454, 454, 454, 454, 232, 232, 443, 454, 454, 343, 232, 444, 454, 454,
454, 343, 232, 343, 454, 444, 454, 232, 121, 333, 443, 443, 343, 232, 121, 343,
454, 454, 222, 343, 343, 332, 222, 121, 343, 454, 454, 454, 554, 343, 343, 454,
454, 454, 454, 232, 332, 443, 454, 454, 343, 121, 232, 343, 444, 443, 343, 121,
232, 454, 554, 222, 343, 343, 343, 232, 121, 232, 454, 454, 454, 454, 454, 332,
454, 454, 454, 454, 232, 232, 343, 454, 454, 454, 121, 221, 343, 443, 343, 343,
221, 222, 443, 454, 343, 343, 454, 454, 454, 454, 232, 232, 443, 454, 454, 343,
232, 454, 454, 454, 565, 343, 232, 221, 343, 343, 343, 221, 121, 222, 232, 232,
333, 232, 121, 343, 454, 454, 121, 232, 232, 343, 232, 121, 343, 454, 454, 454,
565, 343, 343, 454, 454, 454, 454, 232, 222, 232, 343, 343, 232, 121, 121, 222,
232, 332, 332, 121, 232, 454, 454, 222, 232, 232, 343, 332, 121, 232, 454, 454,
454, 554, 454, 332, 454, 454, 454, 565, 332, 232, 232, 343, 343, 332, 121, 121,
121, 332, 333, 343, 221, 221, 443, 454, 343, 343, 454, 454, 454, 554, 232, 221,
232, 343, 343, 232, 232, 454, 454, 454, 565, 343, 232, 221, 343, 343, 343, 221,
121, 222, 232, 232, 333, 232, 121, 343, 454, 454, 121, 232, 232, 343, 232, 121,
343, 454, 454, 454, 565, 343, 343, 454, 454, 454, 454, 232, 222, 232, 343, 343,
232, 121, 121, 222, 232, 332, 332, 121, 232, 454, 454, 222, 232, 232, 343, 332,
121, 232, 454, 454, 454, 554, 454, 332, 454, 454, 454, 565, 332, 232, 232, 343,
343, 332, 121, 121, 121, 332, 333, 343, 221, 221, 443, 454, 343, 343, 454, 454,
454, 554, 232, 221, 232, 343, 343, 232, 232, 454, 454, 454, 565, 343, 232, 221,
343, 343, 343, 221, 121, 222, 232, 232, 333, 232, 121, 343, 454, 454, 121, 232,
232, 343, 232, 121, 343, 454, 454, 454, 565, 343, 343, 454, 454, 454, 454, 232,
222, 232, 343, 343, 232, 121, 121, 222, 232, 332, 332, 121, 232, 454, 454, 222,
232, 232, 343, 332, 121, 232, 454, 454, 454, 554, 454, 332, 454, 454, 454, 565,
332, 232, 232, 343, 343, 332, 121, 121, 121, 332, 333, 343, 221, 221, 443, 454,
343, 343, 454, 454, 454, 554, 232, 221, 232, 343, 343, 232, 232, 454, 454, 454,
565, 343, 232, 221, 343, 343, 343, 221, 121, 222, 232, 232, 333, 232, 121, 343,
454, 454, 121, 232, 232, 343, 232, 121, 343, 454, 454, 454, 565, 343, 343, 454,
454, 454, 454, 232, 222, 232, 343, 343, 232, 121, 121, 222, 232, 332, 332, 121,
232, 454, 454, 222, 232, 232, 343, 332, 121, 232, 454, 454, 454, 554, 454, 332,
454, 454, 454, 565, 332, 232, 232, 343, 343, 332, 121, 121, 121, 332, 333, 343,
221, 221, 443, 454, 343, 343, 454, 454, 454, 554, 232, 221, 232, 343, 343, 232,
232, 444, 454, 454, 565, 343, 121, 121, 121, 221, 121, 121, 222, 222, 222, 121,
232, 232, 222, 232, 454, 554, 121, 121, 221, 232, 232, 121, 232, 343, 444, 454,
554, 343, 343, 454, 454, 565, 554, 121, 121, 121, 221, 221, 121, 121, 221, 222,
222, 222, 332, 221, 232, 343, 565, 232, 121, 121, 232, 332, 221, 221, 343, 443,
454, 454, 454, 332, 454, 454, 554, 565, 232, 121, 121, 121, 221, 121, 121, 121,
121, 222, 232, 332, 221, 232, 333, 555, 443, 343, 454, 454, 565, 554, 121, 121,
121, 221, 221, 121, 232, 444, 454, 454, 565, 343, 121, 121, 121, 221, 121, 121,
222, 222, 222, 121, 232, 232, 222, 232, 454, 554, 121, 121, 221, 232, 232, 121,
232, 343, 444, 454, 554, 343, 343, 454, 454, 565, 554, 121, 121, 121, 221, 221,
121, 121, 221, 222, 222, 222, 332, 221, 232, 343, 565, 232, 121, 121, 232, 332,
221, 221, 343, 443, 454, 454, 454, 332, 454, 454, 554, 565, 232, 121, 121, 121,
221, 121, 121, 121, 121, 222, 232, 332, 221, 232, 333, 555, 443, 343, 454, 454,
565, 554, 121, 121, 121, 221, 221, 121, 232, 444, 454, 454, 565, 343, 121, 121,
121, 221, 121, 121, 222, 222, 222, 121, 232, 232, 222, 232, 454, 554, 121, 121,
221, 232, 232, 121, 232, 343, 444, 454, 554, 343, 343, 454, 454, 565, 554, 121,
121, 121, 221, 221, 121, 121, 221, 222, 222, 222, 332, 221, 232, 343, 565, 232,
121, 121, 232, 332, 221, 221, 343, 443, 454, 454, 454, 332, 454, 454, 554, 565,
232, 121, 121, 121, 221, 121, 121, 121, 121, 222, 232, 332, 221, 232, 333, 555,
443, 343, 454, 454, 565, 554, 121, 121, 121, 221, 221, 121, 232, 444, 454, 454,
565, 343, 121, 121, 121, 221, 121, 121, 222, 222, 222, 121, 232, 232, 222, 232,
454, 554, 121, 121, 221, 232, 232, 121, 232, 343, 444, 454, 554, 343, 343, 454,
454, 565, 554, 121, 121, 121, 221, 221, 121, 121, 221, 222, 222, 222, 332, 221,
232, 343, 565, 232, 121, 121, 232, 332, 221, 221, 343, 443, 454, 454, 454, 332,
454, 454, 554, 565, 232, 121, 121, 121, 221, 121, 121, 121, 121, 222, 232, 332,
221, 232, 333, 555, 443, 343, 454, 454, 565, 554, 121, 121, 121, 221, 221, 121,
232, 444, 454, 454, 676, 343, 444, 565, 676, 565, 665, 232, 232, 343, 232, 121,
221, 221, 343, 232, 343, 565, 121, 121, 121, 121, 121, 121, 232, 332, 343, 454,
454, 343, 343, 454, 454, 565, 565, 333, 565, 665, 665, 665, 343, 121, 332, 343,
221, 121, 221, 232, 332, 232, 565, 232, 121, 121, 121, 121, 121, 221, 332, 332,
454, 454, 454, 332, 454, 454, 554, 676, 232, 554, 565, 676, 565, 565, 121, 232,
332, 232, 221, 221, 222, 343, 232, 454, 443, 343, 454, 454, 565, 565, 332, 565,
665, 666, 665, 444, 232, 444, 454, 454, 676, 343, 444, 565, 676, 565, 665, 232,
232, 343, 232, 121, 221, 221, 343, 232, 343, 565, 121, 121, 121, 121, 121, 121,
232, 332, 343, 454, 454, 343, 343, 454, 454, 565, 565, 333, 565, 665, 665, 665,
343, 121, 332, 343, 221, 121, 221, 232, 332, 232, 565, 232, 121, 121, 121, 121,
121, 221, 332, 332, 454, 454, 454, 332, 454, 454, 554, 676, 232, 554, 565, 676,
565, 565, 121, 232, 332, 232, 221, 221, 222, 343, 232, 454, 443, 343, 454, 454,
565, 565, 332, 565, 665, 666, 665, 444, 232, 444, 454, 454, 676, 343, 444, 565,
676, 565, 665, 232, 232, 343, 232, 121, 221, 221, 343, 232, 343, 565, 121, 121,
121, 121, 121, 121, 232, 332, 343, 454, 454, 343, 343, 454, 454, 565, 565, 333,
565, 665, 665, 665, 343, 121, 332, 343, 221, 121, 221, 232, 332, 232, 565, 232,
121, 121, 121, 121, 121, 221, 332, 332, 454, 454, 454, 332, 454, 454, 554, 676,
232, 554, 565, 676, 565, 565, 121, 232, 332, 232, 221, 221, 222, 343, 232, 454,
443, 343, 454, 454, 565, 565, 332, 565, 665, 666, 665, 444, 232, 444, 454, 454,
676, 343, 444, 565, 676, 565, 665, 232, 232, 343, 232, 121, 221, 221, 343, 232,
343, 565, 121, 121, 121, 121, 121, 121, 232, 332, 343, 454, 454, 343, 343, 454,
454, 565, 565, 333, 565, 665, 665, 665, 343, 121, 332, 343, 221, 121, 221, 232,
332, 232, 565, 232, 121, 121, 121, 121, 121, 221, 332, 332, 454, 454, 454, 332,
454, 454, 554, 676, 232, 554, 565, 676, 565, 565, 121, 232, 332, 232, 221, 221,
222, 343, 232, 454, 443, 343, 454, 454, 565, 565, 332, 565, 665, 666, 665, 444,
232, 444, 454, 454, 676, 343, 443, 565, 787, 565, 676, 333, 332, 343, 232, 232,
221, 121, 343, 343, 443, 454, 332, 554, 555, 565, 565, 222, 221, 232, 343, 343,
343, 232, 343, 454, 444, 565, 565, 343, 565, 786, 675, 676, 454, 232, 443, 333,
332, 232, 121, 332, 443, 343, 554, 232, 454, 554, 565, 565, 333, 121, 222, 332,
343, 343, 333, 332, 454, 454, 454, 676, 332, 454, 676, 676, 565, 675, 121, 343,
343, 343, 232, 121, 222, 443, 343, 454, 343, 343, 454, 454, 565, 565, 333, 565,
776, 675, 676, 454, 232, 444, 454, 454, 676, 343, 443, 565, 787, 565, 676, 333,
332, 343, 232, 232, 221, 121, 343, 343, 443, 454, 332, 554, 555, 565, 565, 222,
221, 232, 343, 343, 343, 232, 343, 454, 444, 565, 565, 343, 565, 786, 675, 676,
454, 232, 443, 333, 332, 232, 121, 332, 443, 343, 554, 232, 454, 554, 565, 565,
333, 121, 222, 332, 343, 343, 333, 332, 454, 454, 454, 676, 332, 454, 676, 676,
565, 675, 121, 343, 343, 343, 232, 121, 222, 443, 343, 454, 343, 343, 454, 454,
565, 565, 333, 565, 776, 675, 676, 454, 232, 444, 454, 454, 676, 343, 443, 565,
787, 565, 676, 333, 332, 343, 232, 232, 221, 121, 343, 343, 443, 454, 332, 554,
555, 565, 565, 222, 221, 232, 343, 343, 343, 232, 343, 454, 444, 565, 565, 343,
565, 786, 675, 676, 454, 232, 443, 333, 332, 232, 121, 332, 443, 343, 554, 232,
454, 554, 565, 565, 333, 121, 222, 332, 343, 343, 333, 332, 454, 454, 454, 676,
332, 454, 676, 676, 565, 675, 121, 343, 343, 343, 232, 121, 222, 443, 343, 454,
343, 343, 454, 454, 565, 565, 333, 565, 776, 675, 676, 454, 232, 444, 454, 454,
676, 343, 443, 565, 787, 565, 676, 333, 332, 343, 232, 232, 221, 121, 343, 343,
443, 454, 332, 554, 555, 565, 565, 222, 221, 232, 343, 343, 343, 232, 343, 454,
444, 565, 565, 343, 565, 786, 675, 676, 454, 232, 443, 333, 332, 232, 121, 332,
443, 343, 554, 232, 454, 554, 565, 565, 333, 121, 222, 332, 343, 343, 333, 332,
454, 454, 454, 676, 332, 454, 676, 676, 565, 675, 121, 343, 343, 343, 232, 121,
222, 443, 343, 454, 343, 343, 454, 454, 565, 565, 333, 565, 776, 675, 676, 454,
232, 444, 454, 454, 565, 343, 343, 454, 554, 454, 565, 332, 332, 232, 343, 343,
332, 222, 343, 454, 454, 454, 332, 454, 565, 676, 565, 232, 221, 121, 221, 221,
221, 221, 343, 454, 454, 454, 454, 332, 454, 554, 454, 554, 443, 232, 332, 343,
343, 332, 232, 232, 454, 444, 565, 332, 454, 554, 676, 676, 343, 111, 121, 221,
221, 221, 121, 333, 454, 454, 454, 565, 332, 444, 454, 454, 454, 554, 221, 232,
343, 343, 332, 232, 232, 444, 444, 554, 343, 343, 454, 454, 454, 454, 332, 454,
554, 454, 454, 444, 232, 444, 454, 454, 565, 343, 343, 454, 554, 454, 565, 332,
332, 232, 343, 343, 332, 222, 343, 454, 454, 454, 332, 454, 565, 676, 565, 232,
221, 121, 221, 221, 221, 221, 343, 454, 454, 454, 454, 332, 454, 554, 454, 554,
443, 232, 332, 343, 343, 332, 232, 232, 454, 444, 565, 332, 454, 554, 676, 676,
343, 111, 121, 221, 221, 221, 121, 333, 454, 454, 454, 565, 332, 444, 454, 454,
454, 554, 221, 232, 343, 343, 332, 232, 232, 444, 444, 554, 343, 343, 454, 454,
454, 454, 332, 454, 554, 454, 454, 444, 232, 444, 454, 454, 565, 343, 343, 454,
554, 454, 565, 332, 332, 232, 343, 343, 332, 222, 343, 454, 454, 454, 332, 454,
565, 676, 565, 232, 221, 121, 221, 221, 221, 221, 343, 454, 454, 454, 454, 332,
454, 554, 454, 554, 443, 232, 332, 343, 343, 332, 232, 232, 454, 444, 565, 332,
454, 554, 676, 676, 343, 111, 121, 221, 221, 221, 121, 333, 454, 454, 454, 565,
332, 444, 454, 454, 454, 554, 221, 232, 343, 343, 332, 232, 232, 444, 444, 554,
343, 343, 454, 454, 454, 454, 332, 454, 554, 454, 454, 444, 232, 444, 454, 454,
565, 343, 343, 454, 554, 454, 565, 332, 332, 232, 343, 343, 332, 222, 343, 454,
454, 454, 332, 454, 565, 676, 565, 232, 221, 121, 221, 221, 221, 221, 343, 454,
454, 454, 454, 332, 454, 554, 454, 554, 443, 232, 332, 343, 343, 332, 232, 232,
454, 444, 565, 332, 454, 554, 676, 676, 343, 111, 121, 221, 221, 221, 121, 333,
454, 454, 454, 565, 332, 444, 454, 454, 454, 554, 221, 232, 343, 343, 332, 232,
232, 444, 444, 554, 343, 343, 454, 454, 454, 454, 332, 454, 554, 454, 454, 444,
232, 454, 454, 454, 454, 343, 343, 454, 444, 444, 565, 232, 232, 332, 332, 343,
333, 222, 343, 454, 454, 454, 232, 232, 443, 454, 454, 332, 454, 555, 555, 454,
554, 333, 343, 454, 454, 454, 444, 333, 454, 444, 444, 454, 454, 222, 332, 333,
232, 343, 232, 332, 454, 454, 555, 332, 222, 343, 454, 554, 343, 343, 454, 554,
454, 454, 443, 332, 454, 454, 454, 454, 332, 454, 454, 454, 454, 554, 222, 332,
343, 232, 343, 232, 232, 444, 454, 454, 343, 343, 454, 454, 454, 444, 333, 454,
454, 444, 454, 454, 232, 454, 454, 454, 454, 343, 343, 454, 444, 444, 565, 232,
232, 332, 332, 343, 333, 222, 343, 454, 454, 454, 232, 232, 443, 454, 454, 332,
454, 555, 555, 454, 554, 333, 343, 454, 454, 454, 444, 333, 454, 444, 444, 454,
454, 222, 332, 333, 232, 343, 232, 332, 454, 454, 555, 332, 222, 343, 454, 554,
343, 343, 454, 554, 454, 454, 443, 332, 454, 454, 454, 454, 332, 454, 454, 454,
454, 554, 222, 332, 343, 232, 343, 232, 232, 444, 454, 454, 343, 343, 454, 454,
454, 444, 333, 454, 454, 444, 454, 454, 232, 454, 454, 454, 454, 343, 343, 454,
444, 444, 565, 232, 232, 332, 332, 343, 333, 222, 343, 454, 454, 454, 232, 232,
443, 454, 454, 332, 454, 555, 555, 454, 554, 333, 343, 454, 454, 454, 444, 333,
454, 444, 444, 454, 454, 222, 332, 333, 232, 343, 232, 332, 454, 454, 555, 332,
222, 343, 454, 554, 343, 343, 454, 554, 454, 454, 443, 332, 454, 454, 454, 454,
332, 454, 454, 454, 454, 554, 222, 332, 343, 232, 343, 232, 232, 444, 454, 454,
343, 343, 454, 454, 454, 444, 333, 454, 454, 444, 454, 454, 232, 454, 454, 454,
454, 343, 343, 454, 444, 444, 565, 232, 232, 332, 332, 343, 333, 222, 343, 454,
454, 454, 232, 232, 443, 454, 454, 332, 454, 555, 555, 454, 554, 333, 343, 454,
454, 454, 444, 333, 454, 444, 444, 454, 454, 222, 332, 333, 232, 343, 232, 332,
454, 454, 555, 332, 222, 343, 454, 554, 343, 343, 454, 554, 454, 454, 443, 332,
454, 454, 454, 454, 332, 454, 454, 454, 454, 554, 222, 332, 343, 232, 343, 232,
232, 444, 454, 454, 343, 343, 454, 454, 454, 444, 333, 454, 454, 444, 454, 454,
222, 343, 454, 454, 565, 343, 333, 454, 454, 454, 676, 232, 121, 232, 121, 232,
232, 121, 332, 454, 454, 454, 221, 232, 443, 444, 565, 343, 565, 676, 665, 665,
787, 343, 332, 454, 454, 454, 454, 232, 454, 454, 454, 565, 454, 221, 232, 221,
222, 332, 121, 232, 443, 454, 565, 232, 232, 343, 454, 454, 343, 454, 676, 676,
565, 786, 565, 232, 454, 454, 454, 565, 232, 343, 454, 454, 454, 565, 222, 232,
232, 121, 332, 222, 121, 343, 454, 565, 343, 332, 454, 454, 454, 454, 232, 454,
454, 454, 565, 454, 222, 343, 454, 454, 565, 343, 333, 454, 454, 454, 676, 232,
121, 232, 121, 232, 232, 121, 332, 454, 454, 454, 221, 232, 443, 444, 565, 343,
565, 676, 665, 665, 787, 343, 332, 454, 454, 454, 454, 232, 454, 454, 454, 565,
454, 221, 232, 221, 222, 332, 121, 232, 443, 454, 565, 232, 232, 343, 454, 454,
343, 454, 676, 676, 565, 786, 565, 232, 454, 454, 454, 565, 232, 343, 454, 454,
454, 565, 222, 232, 232, 121, 332, 222, 121, 343, 454, 565, 343, 332, 454, 454,
454, 454, 232, 454, 454, 454, 565, 454, 222, 343, 454, 454, 565, 343, 333, 454,
454, 454, 676, 232, 121, 232, 121, 232, 232, 121, 332, 454, 454, 454, 221, 232,
443, 444, 565, 343, 565, 676, 665, 665, 787, 343, 332, 454, 454, 454, 454, 232,
454, 454, 454, 565, 454, 221, 232, 221, 222, 332, 121, 232, 443, 454, 565, 232,
232, 343, 454, 454, 343, 454, 676, 676, 565, 786, 565, 232, 454, 454, 454, 565,
232, 343, 454, 454, 454, 565, 222, 232, 232, 121, 332, 222, 121, 343, 454, 565,
343, 332, 454, 454, 454, 454, 232, 454, 454, 454, 565, 454, 222, 343, 454, 454,
565, 343, 333, 454, 454, 454, 676, 232, 121, 232, 121, 232, 232, 121, 332, 454,
454, 454, 221, 232, 443, 444, 565, 343, 565, 676, 665, 665, 787, 343, 332, 454,
454, 454, 454, 232, 454, 454, 454, 565, 454, 221, 232, 221, 222, 332, 121, 232,
443, 454, 565, 232, 232, 343, 454, 454, 343, 454, 676, 676, 565, 786, 565, 232,
454, 454, 454, 565, 232, 343, 454, 454, 454, 565, 222, 232, 232, 121, 332, 222,
121, 343, 454, 565, 343, 332, 454, 454, 454, 454, 232, 454, 454, 454, 565, 454,
121, 343, 454, 454, 676, 343, 232, 454, 454, 454, 776, 232, 121, 121, 121, 121,
121, 121, 332, 454, 565, 454, 221, 343, 454, 454, 665, 343, 454, 565, 454, 454,
565, 332, 232, 454, 444, 565, 565, 221, 444, 454, 444, 676, 444, 121, 121, 121,
121, 121, 121, 232, 443, 454, 565, 222, 332, 454, 454, 565, 443, 454, 565, 555,
454, 565, 454, 221, 443, 454, 454, 676, 222, 343, 454, 444, 565, 665, 222, 221,
121, 121, 121, 121, 221, 343, 454, 565, 343, 232, 454, 444, 565, 565, 221, 444,
454, 444, 665, 454, 121, 343, 454, 454, 676, 343, 232, 454, 454, 454, 776, 232,
121, 121, 121, 121, 121, 121, 332, 454, 565, 454, 221, 343, 454, 454, 665, 343,
454, 565, 454, 454, 565, 332, 232, 454, 444, 565, 565, 221, 444, 454, 444, 676,
444, 121, 121, 121, 121, 121, 121, 232, 443, 454, 565, 222, 332, 454, 454, 565,
443, 454, 565, 555, 454, 565, 454, 221, 443, 454, 454, 676, 222, 343, 454, 444,
565, 665, 222, 221, 121, 121, 121, 121, 221, 343, 454, 565, 343, 232, 454, 444,
565, 565, 221, 444, 454, 444, 665, 454, 121, 343, 454, 454, 676, 343, 232, 454,
454, 454, 776, 232, 121, 121, 121, 121, 121, 121, 332, 454, 565, 454, 221, 343,
454, 454, 665, 343, 454, 565, 454, 454, 565, 332, 232, 454, 444, 565, 565, 221,
444, 454, 444, 676, 444, 121, 121, 121, 121, 121, 121, 232, 443, 454, 565, 222,
332, 454, 454, 565, 443, 454, 565, 555, 454, 565, 454, 221, 443, 454, 454, 676,
222, 343, 454, 444, 565, 665, 222, 221, 121, 121, 121, 121, 221, 343, 454, 565,
343, 232, 454, 444, 565, 565, 221, 444, 454, 444, 665, 454, 121, 343, 454, 454,
676, 343, 232, 454, 454, 454, 776, 232, 121, 121, 121, 121, 121, 121, 332, 454,
565, 454, 221, 343, 454, 454, 665, 343, 454, 565, 454, 454, 565, 332, 232, 454,
444, 565, 565, 221, 444, 454, 444, 676, 444, 121, 121, 121, 121, 121, 121, 232,
443, 454, 565, 222, 332, 454, 454, 565, 443, 454, 565, 555, 454, 565, 454, 221,
443, 454, 454, 676, 222, 343, 454, 444, 565, 665, 222, 221, 121, 121, 121, 121,
221, 343, 454, 565, 343, 232, 454, 444, 565, 565, 221, 444, 454, 444, 665, 454,
121, 343, 454, 454, 676, 343, 222, 444, 454, 454, 676, 232, 333, 343, 343, 443,
443, 232, 332, 454, 565, 454, 232, 444, 454, 454, 676, 343, 444, 454, 454, 444,
565, 343, 232, 454, 454, 565, 565, 121, 343, 454, 444, 665, 443, 232, 343, 343,
443, 443, 343, 232, 444, 454, 565, 232, 343, 454, 454, 676, 443, 443, 454, 454,
454, 454, 454, 221, 443, 454, 454, 676, 222, 332, 454, 454, 554, 565, 232, 343,
343, 443, 443, 443, 232, 343, 454, 565, 343, 232, 454, 454, 565, 565, 222, 343,
454, 454, 565, 443, 121, 343, 454, 454, 676, 343, 222, 444, 454, 454, 676, 232,
333, 343, 343, 443, 443, 232, 332, 454, 565, 454, 232, 444, 454, 454, 676, 343,
444, 454, 454, 444, 565, 343, 232, 454, 454, 565, 565, 121, 343, 454, 444, 665,
443, 232, 343, 343, 443, 443, 343, 232, 444, 454, 565, 232, 343, 454, 454, 676,
443, 443, 454, 454, 454, 454, 454, 221, 443, 454, 454, 676, 222, 332, 454, 454,
554, 565, 232, 343, 343, 443, 443, 443, 232, 343, 454, 565, 343, 232, 454, 454,
565, 565, 222, 343, 454, 454, 565, 443, 121, 343, 454, 454, 676, 343, 222, 444,
454, 454, 676, 232, 333, 343, 343, 443, 443, 232, 332, 454, 565, 454, 232, 444,
454, 454, 676, 343, 444, 454, 454, 444, 565, 343, 232, 454, 454, 565, 565, 121,
343, 454, 444, 665, 443, 232, 343, 343, 443, 443, 343, 232, 444, 454, 565, 232,
343, 454, 454, 676, 443, 443, 454, 454, 454, 454, 454, 221, 443, 454, 454, 676,
222, 332, 454, 454, 554, 565, 232, 343, 343, 443, 443, 443, 232, 343, 454, 565,
343, 232, 454, 454, 565, 565, 222, 343, 454, 454, 565, 443, 121, 343, 454, 454,
676, 343, 222, 444, 454, 454, 676, 232, 333, 343, 343, 443, 443, 232, 332, 454,
565, 454, 232, 444, 454, 454, 676, 343, 444, 454, 454, 444, 565, 343, 232, 454,
454, 565, 565, 121, 343, 454, 444, 665, 443, 232, 343, 343, 443, 443, 343, 232,
444, 454, 565, 232, 343, 454, 454, 676, 443, 443, 454, 454, 454, 454, 454, 221,
443, 454, 454, 676, 222, 332, 454, 454, 554, 565, 232, 343, 343, 443, 443, 443,
232, 343, 454, 565, 343, 232, 454, 454, 565, 565, 222, 343, 454, 454, 565, 443,
121, 332, 454, 444, 565, 343, 121, 343, 454, 454, 554, 332, 554, 676, 676, 676,
676, 454, 222, 454, 565, 454, 332, 454, 454, 565, 665, 232, 343, 454, 454, 454,
565, 343, 222, 444, 454, 454, 454, 121, 332, 454, 454, 554, 443, 443, 565, 676,
676, 676, 565, 121, 343, 454, 565, 332, 444, 454, 454, 676, 343, 343, 454, 454,
454, 554, 565, 121, 343, 454, 454, 565, 222, 222, 454, 454, 454, 454, 343, 565,
676, 676, 676, 676, 232, 332, 454, 565, 343, 222, 444, 454, 454, 554, 222, 343,
454, 454, 454, 343, 121, 332, 454, 444, 565, 343, 121, 343, 454, 454, 554, 332,
554, 676, 676, 676, 676, 454, 222, 454, 565, 454, 332, 454, 454, 565, 665, 232,
343, 454, 454, 454, 565, 343, 222, 444, 454, 454, 454, 121, 332, 454, 454, 554,
443, 443, 565, 676, 676, 676, 565, 121, 343, 454, 565, 332, 444, 454, 454, 676,
343, 343, 454, 454, 454, 554, 565, 121, 343, 454, 454, 565, 222, 222, 454, 454,
454, 454, 343, 565, 676, 676, 676, 676, 232, 332, 454, 565, 343, 222, 444, 454,
454, 554, 222, 343, 454, 454, 454, 343, 121, 332, 454, 444, 565, 343, 121, 343,
454, 454, 554, 332, 554, 676, 676, 676, 676, 454, 222, 454, 565, 454, 332, 454,
454, 565, 665, 232, 343, 454, 454, 454, 565, 343, 222, 444, 454, 454, 454, 121,
332, 454, 454, 554, 443, 443, 565, 676, 676, 676, 565, 121, 343, 454, 565, 332,
444, 454, 454, 676, 343, 343, 454, 454, 454, 554, 565, 121, 343, 454, 454, 565,
222, 222, 454, 454, 454, 454, 343, 565, 676, 676, 676, 676, 232, 332, 454, 565,
343, 222, 444, 454, 454, 554, 222, 343, 454, 454, 454, 343, 121, 332, 454, 444,
565, 343, 121, 343, 454, 454, 554, 332, 554, 676, 676, 676, 676, 454, 222, 454,
565, 454, 332, 454, 454, 565, 665, 232, 343, 454, 454, 454, 565, 343, 222, 444,
454, 454, 454, 121, 332, 454, 454, 554, 443, 443, 565, 676, 676, 676, 565, 121,
343, 454, 565, 332, 444, 454, 454, 676, 343, 343, 454, 454, 454, 554, 565, 121,
343, 454, 454, 565, 222, 222, 454, 454, 454, 454, 343, 565, 676, 676, 676, 676,
232, 332, 454, 565, 343, 222, 444, 454, 454, 554, 222, 343, 454, 454, 454, 343,
221, 232, 343, 454, 565, 343, 221, 443, 454, 454, 554, 332, 332, 454, 565, 444,
554, 343, 232, 454, 555, 454, 332, 454, 454, 565, 565, 222, 343, 454, 454, 444,
554, 343, 221, 343, 454, 454, 554, 121, 343, 454, 454, 555, 443, 232, 443, 565,
454, 454, 554, 222, 443, 554, 554, 332, 443, 454, 454, 565, 343, 232, 454, 454,
454, 454, 454, 221, 232, 454, 454, 565, 222, 232, 454, 454, 454, 454, 232, 343,
554, 554, 444, 565, 232, 343, 454, 565, 343, 221, 343, 454, 454, 565, 221, 343,
454, 454, 454, 343, 221, 232, 343, 454, 565, 343, 221, 443, 454, 454, 554, 332,
332, 454, 565, 444, 554, 343, 232, 454, 555, 454, 332, 454, 454, 565, 565, 222,
343, 454, 454, 444, 554, 343, 221, 343, 454, 454, 554, 121, 343, 454, 454, 555,
443, 232, 443, 565, 454, 454, 554, 222, 443, 554, 554, 332, 443, 454, 454, 565,
343, 232, 454, 454, 454, 454, 454, 221, 232, 454, 454, 565, 222, 232, 454, 454,
454, 454, 232, 343, 554, 554, 444, 565, 232, 343, 454, 565, 343, 221, 343, 454,
454, 565, 221, 343, 454, 454, 454, 343, 221, 232, 343, 454, 565, 343, 221, 443,
454, 454, 554, 332, 332, 454, 565, 444, 554, 343, 232, 454, 555, 454, 332, 454,
454, 565, 565, 222, 343, 454, 454, 444, 554, 343, 221, 343, 454, 454, 554, 121,
343, 454, 454, 555, 443, 232, 443, 565, 454, 454, 554, 222, 443, 554, 554, 332,
443, 454, 454, 565, 343, 232, 454, 454, 454, 454, 454, 221, 232, 454, 454, 565,
222, 232, 454, 454, 454, 454, 232, 343, 554, 554, 444, 565, 232, 343, 454, 565,
343, 221, 343, 454, 454, 565, 221, 343, 454, 454, 454, 343, 221, 232, 343, 454,
565, 343, 221, 443, 454, 454, 554, 332, 332, 454, 565, 444, 554, 343, 232, 454,
555, 454, 332, 454, 454, 565, 565, 222, 343, 454, 454, 444, 554, 343, 221, 343,
454, 454, 554, 121, 343, 454, 454, 555, 443, 232, 443, 565, 454, 454, 554, 222,
443, 554, 554, 332, 443, 454, 454, 565, 343, 232, 454, 454, 454, 454, 454, 221,
232, 454, 454, 565, 222, 232, 454, 454, 454, 454, 232, 343, 554, 554, 444, 565,
232, 343, 454, 565, 343, 221, 343, 454, 454, 565, 221, 343, 454, 454, 454, 343,
232, 232, 343, 454, 665, 343, 332, 454, 454, 454, 554, 232, 232, 443, 454, 444,
565, 454, 343, 454, 454, 454, 232, 454, 454, 454, 554, 222, 333, 454, 454, 343,
454, 343, 332, 332, 444, 565, 554, 232, 444, 454, 454, 554, 343, 222, 343, 454,
444, 454, 565, 332, 454, 444, 454, 232, 443, 454, 454, 554, 343, 232, 444, 454,
443, 343, 454, 232, 232, 343, 454, 665, 232, 343, 454, 454, 454, 554, 232, 332,
454, 454, 454, 665, 333, 443, 454, 454, 343, 332, 332, 444, 555, 565, 232, 444,
454, 454, 454, 443, 232, 232, 343, 454, 665, 343, 332, 454, 454, 454, 554, 232,
232, 443, 454, 444, 565, 454, 343, 454, 454, 454, 232, 454, 454, 454, 554, 222,
333, 454, 454, 343, 454, 343, 332, 332, 444, 565, 554, 232, 444, 454, 454, 554,
343, 222, 343, 454, 444, 454, 565, 332, 454, 444, 454, 232, 443, 454, 454, 554,
343, 232, 444, 454, 443, 343, 454, 232, 232, 343, 454, 665, 232, 343, 454, 454,
454, 554, 232, 332, 454, 454, 454, 665, 333, 443, 454, 454, 343, 332, 332, 444,
555, 565, 232, 444, 454, 454, 454, 443, 232, 232, 343, 454, 665, 343, 332, 454,
454, 454, 554, 232, 232, 443, 454, 444, 565, 454, 343, 454, 454, 454, 232, 454,
454, 454, 554, 222, 333, 454, 454, 343, 454, 343, 332, 332, 444, 565, 554, 232,
444, 454, 454, 554, 343, 222, 343, 454, 444, 454, 565, 332, 454, 444, 454, 232,
443, 454, 454, 554, 343, 232, 444, 454, 443, 343, 454, 232, 232, 343, 454, 665,
232, 343, 454, 454, 454, 554, 232, 332, 454, 454, 454, 665, 333, 443, 454, 454,
343, 332, 332, 444, 555, 565, 232, 444, 454, 454, 454, 443, 232, 232, 343, 454,
665, 343, 332, 454, 454, 454, 554, 232, 232, 443, 454, 444, 565, 454, 343, 454,
454, 454, 232, 454, 454, 454, 554, 222, 333, 454, 454, 343, 454, 343, 332, 332,
444, 565, 554, 232, 444, 454, 454, 554, 343, 222, 343, 454, 444, 454, 565, 332,
454, 444, 454, 232, 443, 454, 454, 554, 343, 232, 444, 454, 443, 343, 454, 232,
232, 343, 454, 665, 232, 343, 454, 454, 454, 554, 232, 332, 454, 454, 454, 665,
333, 443, 454, 454, 343, 332, 332, 444, 555, 565, 232, 444, 454, 454, 454, 443,
232, 343, 443, 343, 454, 343, 343, 454, 454, 454, 565, 232, 333, 454, 454, 343,
454, 343, 343, 443, 343, 454, 221, 443, 454, 454, 454, 232, 232, 454, 343, 232,
443, 343, 343, 443, 343, 454, 454, 332, 454, 454, 454, 565, 343, 232, 454, 454,
343, 343, 454, 332, 454, 343, 454, 222, 343, 454, 454, 555, 343, 232, 343, 444,
232, 232, 454, 332, 343, 343, 343, 454, 232, 443, 454, 454, 565, 565, 121, 343,
454, 443, 343, 454, 332, 343, 343, 454, 343, 343, 443, 343, 454, 454, 333, 454,
454, 454, 565, 443, 232, 343, 443, 343, 454, 343, 343, 454, 454, 454, 565, 232,
333, 454, 454, 343, 454, 343, 343, 443, 343, 454, 221, 443, 454, 454, 454, 232,
232, 454, 343, 232, 443, 343, 343, 443, 343, 454, 454, 332, 454, 454, 454, 565,
343, 232, 454, 454, 343, 343, 454, 332, 454, 343, 454, 222, 343, 454, 454, 555,
343, 232, 343, 444, 232, 232, 454, 332, 343, 343, 343, 454, 232, 443, 454, 454,
565, 565, 121, 343, 454, 443, 343, 454, 332, 343, 343, 454, 343, 343, 443, 343,
454, 454, 333, 454, 454, 454, 565, 443, 232, 343, 443, 343, 454, 343, 343, 454,
454, 454, 565, 232, 333, 454, 454, 343, 454, 343, 343, 443, 343, 454, 221, 443,
454, 454, 454, 232, 232, 454, 343, 232, 443, 343, 343, 443, 343, 454, 454, 332,
454, 454, 454, 565, 343, 232, 454, 454, 343, 343, 454, 332, 454, 343, 454, 222,
343, 454, 454, 555, 343, 232, 343, 444, 232, 232, 454, 332, 343, 343, 343, 454,
232, 443, 454, 454, 565, 565, 121, 343, 454, 443, 343, 454, 332, 343, 343, 454,
343, 343, 443, 343, 454, 454, 333, 454, 454, 454, 565, 443, 232, 343, 443, 343,
454, 343, 343, 454, 454, 454, 565, 232, 333, 454, 454, 343, 454, 343, 343, 443,
343, 454, 221, 443, 454, 454, 454, 232, 232, 454, 343, 232, 443, 343, 343, 443,
343, 454, 454, 332, 454, 454, 454, 565, 343, 232, 454, 454, 343, 343, 454, 332,
454, 343, 454, 222, 343, 454, 454, 555, 343, 232, 343, 444, 232, 232, 454, 332,
343, 343, 343, 454, 232, 443, 454, 454, 565, 565, 121, 343, 454, 443, 343, 454,
332, 343, 343, 454, 343, 343, 443, 343, 454, 454, 333, 454, 454, 454, 565, 443,
121, 343, 343, 222, 454, 332, 232, 454, 454, 444, 454, 232, 332, 454, 343, 232,
443, 343, 232, 232, 232, 443, 221, 343, 443, 343, 454, 232, 343, 343, 232, 221,
454, 332, 232, 443, 232, 343, 443, 222, 444, 454, 454, 454, 343, 222, 444, 454,
232, 333, 454, 232, 332, 232, 443, 222, 232, 454, 343, 454, 343, 332, 443, 332,
221, 343, 444, 221, 343, 332, 232, 454, 222, 343, 454, 454, 454, 454, 221, 343,
454, 343, 232, 454, 332, 332, 232, 343, 333, 232, 443, 232, 343, 454, 221, 343,
454, 444, 454, 343, 121, 343, 343, 222, 454, 332, 232, 454, 454, 444, 454, 232,
332, 454, 343, 232, 443, 343, 232, 232, 232, 443, 221, 343, 443, 343, 454, 232,
343, 343, 232, 221, 454, 332, 232, 443, 232, 343, 443, 222, 444, 454, 454, 454,
343, 222, 444, 454, 232, 333, 454, 232, 332, 232, 443, 222, 232, 454, 343, 454,
343, 332, 443, 332, 221, 343, 444, 221, 343, 332, 232, 454, 222, 343, 454, 454,
454, 454, 221, 343, 454, 343, 232, 454, 332, 332, 232, 343, 333, 232, 443, 232,
343, 454, 221, 343, 454, 444, 454, 343, 121, 343, 343, 222, 454, 332, 232, 454,
454, 444, 454, 232, 332, 454, 343, 232, 443, 343, 232, 232, 232, 443, 221, 343,
443, 343, 454, 232, 343, 343, 232, 221, 454, 332, 232, 443, 232, 343, 443, 222,
444, 454, 454, 454, 343, 222, 444, 454, 232, 333, 454, 232, 332, 232, 443, 222,
232, 454, 343, 454, 343, 332, 443, 332, 221, 343, 444, 221, 343, 332, 232, 454,
222, 343, 454, 454, 454, 454, 221, 343, 454, 343, 232, 454, 332, 332, 232, 343,
333, 232, 443, 232, 343, 454, 221, 343, 454, 444, 454, 343, 121, 343, 343, 222,
454, 332, 232, 454, 454, 444, 454, 232, 332, 454, 343, 232, 443, 343, 232, 232,
232, 443, 221, 343, 443, 343, 454, 232, 343, 343, 232, 221, 454, 332, 232, 443,
232, 343, 443, 222, 444, 454, 454, 454, 343, 222, 444, 454, 232, 333, 454, 232,
332, 232, 443, 222, 232, 454, 343, 454, 343, 332, 443, 332, 221, 343, 444, 221,
343, 332, 232, 454, 222, 343, 454, 454, 454, 454, 221, 343, 454, 343, 232, 454,
332, 332, 232, 343, 333, 232, 443, 232, 343, 454, 221, 343, 454, 444, 454, 343,
121, 232, 232, 121, 232, 232, 222, 343, 333, 332, 332, 221, 221, 332, 232, 221,
332, 232, 222, 121, 232, 232, 121, 232, 332, 221, 232, 232, 332, 232, 221, 332,
332, 222, 121, 232, 121, 232, 232, 121, 343, 343, 343, 332, 222, 121, 332, 332,
221, 232, 232, 232, 121, 232, 332, 121, 121, 343, 232, 232, 232, 332, 232, 121,
232, 332, 232, 121, 232, 222, 121, 232, 121, 222, 343, 343, 343, 232, 121, 232,
332, 222, 222, 332, 232, 221, 221, 332, 222, 121, 332, 222, 232, 332, 121, 232,
332, 332, 332, 232, 121, 232, 232, 121, 232, 232, 222, 343, 333, 332, 332, 221,
221, 332, 232, 221, 332, 232, 222, 121, 232, 232, 121, 232, 332, 221, 232, 232,
332, 232, 221, 332, 332, 222, 121, 232, 121, 232, 232, 121, 343, 343, 343, 332,
222, 121, 332, 332, 221, 232, 232, 232, 121, 232, 332, 121, 121, 343, 232, 232,
232, 332, 232, 121, 232, 332, 232, 121, 232, 222, 121, 232, 121, 222, 343, 343,
343, 232, 121, 232, 332, 222, 222, 332, 232, 221, 221, 332, 222, 121, 332, 222,
232, 332, 121, 232, 332, 332, 332, 232, 121, 232, 232, 121, 232, 232, 222, 343,
333, 332, 332, 221, 221, 332, 232, 221, 332, 232, 222, 121, 232, 232, 121, 232,
332, 221, 232, 232, 332, 232, 221, 332, 332, 222, 121, 232, 121, 232, 232, 121,
343, 343, 343, 332, 222, 121, 332, 332, 221, 232, 232, 232, 121, 232, 332, 121,
121, 343, 232, 232, 232, 332, 232, 121, 232, 332, 232, 121, 232, 222, 121, 232,
121, 222, 343, 343, 343, 232, 121, 232, 332, 222, 222, 332, 232, 221, 221, 332,
222, 121, 332, 222, 232, 332, 121, 232, 332, 332, 332, 232, 121, 232, 232, 121,
232, 232, 222, 343, 333, 332, 332, 221, 221, 332, 232, 221, 332, 232, 222, 121,
232, 232, 121, 232, 332, 221, 232, 232, 332, 232, 221, 332, 332, 222, 121, 232,
121, 232, 232, 121, 343, 343, 343, 332, 222, 121, 332, 332, 221, 232, 232, 232,
121, 232, 332, 121, 121, 343, 232, 232, 232, 332, 232, 121, 232, 332, 232, 121,
232, 222, 121, 232, 121, 222, 343, 343, 343, 232, 121, 232, 332, 222, 222, 332,
232, 221, 221, 332, 222, 121, 332, 222, 232, 332, 121, 232, 332, 332, 332, 232,
121, 221, 221, 221, 221, 232, 232, 232, 222, 222, 221, 121, 221, 222, 222, 221,
121, 221, 221, 221, 221, 221, 221, 232, 222, 221, 221, 221, 222, 221, 222, 222,
222, 121, 221, 221, 221, 221, 221, 222, 232, 232, 222, 221, 121, 221, 222, 222,
221, 121, 221, 221, 221, 221, 222, 221, 121, 222, 232, 221, 222, 222, 221, 221,
222, 222, 221, 121, 221, 221, 221, 221, 222, 222, 232, 232, 222, 121, 221, 221,
222, 222, 221, 121, 221, 221, 221, 222, 221, 121, 232, 222, 232, 222, 221, 221,
222, 222, 222, 221, 121, 221, 221, 221, 221, 232, 232, 232, 222, 222, 221, 121,
221, 222, 222, 221, 121, 221, 221, 221, 221, 221, 221, 232, 222, 221, 221, 221,
222, 221, 222, 222, 222, 121, 221, 221, 221, 221, 221, 222, 232, 232, 222, 221,
121, 221, 222, 222, 221, 121, 221, 221, 221, 221, 222, 221, 121, 222, 232, 221,
222, 222, 221, 221, 222, 222, 221, 121, 221, 221, 221, 221, 222, 222, 232, 232,
222, 121, 221, 221, 222, 222, 221, 121, 221, 221, 221, 222, 221, 121, 232, 222,
232, 222, 221, 221, 222, 222, 222, 221, 121, 221, 221, 221, 221, 232, 232, 232,
222, 222, 221, 121, 221, 222, 222, 221, 121, 221, 221, 221, 221, 221, 221, 232,
222, 221, 221, 221, 222, 221, 222, 222, 222, 121, 221, 221, 221, 221, 221, 222,
232, 232, 222, 221, 121, 221, 222, 222, 221, 121, 221, 221, 221, 221, 222, 221,
121, 222, 232, 221, 222, 222, 221, 221, 222, 222, 221, 121, 221, 221, 221, 221,
222, 222, 232, 232, 222, 121, 221, 221, 222, 222, 221, 121, 221, 221, 221, 222,
221, 121, 232, 222, 232, 222, 221, 221, 222, 222, 222, 221, 121, 221, 221, 221,
221, 232, 232, 232, 222, 222, 221, 121, 221, 222, 222, 221, 121, 221, 221, 221,
221, 221, 221, 232, 222, 221, 221, 221, 222, 221, 222, 222, 222, 121, 221, 221,
221, 221, 221, 222, 232, 232, 222, 221, 121, 221, 222, 222, 221, 121, 221, 221,
221, 221, 222, 221, 121, 222, 232, 221, 222, 222, 221, 221, 222, 222, 221, 121,
221, 221, 221, 221, 222, 222, 232, 232, 222, 121, 221, 221, 222, 222, 221, 121,
221, 221, 221, 222, 221, 121, 232, 222, 232, 222, 221, 221, 222, 222, 222, 221,
232, 565, 565, 565, 665, 676, 676, 776, 676, 676, 454, 343, 565, 676, 676, 675,
232, 565, 565, 676, 665, 676, 343, 565, 565, 565, 565, 676, 676, 565, 676, 665,
676, 343, 454, 565, 565, 565, 676, 676, 676, 676, 665, 676, 232, 565, 676, 676,
776, 333, 454, 565, 565, 675, 676, 454, 443, 565, 565, 565, 665, 676, 565, 676,
676, 676, 565, 343, 565, 565, 565, 676, 676, 676, 787, 665, 676, 343, 454, 665,
676, 786, 454, 343, 565, 565, 676, 665, 665, 332, 565, 676, 565, 665, 676, 676,
776, 665, 676, 454, 232, 565, 565, 565, 665, 676, 676, 776, 676, 676, 454, 343,
565, 676, 676, 675, 232, 565, 565, 676, 665, 676, 343, 565, 565, 565, 565, 676,
676, 565, 676, 665, 676, 343, 454, 565, 565, 565, 676, 676, 676, 676, 665, 676,
232, 565, 676, 676, 776, 333, 454, 565, 565, 675, 676, 454, 443, 565, 565, 565,
665, 676, 565, 676, 676, 676, 565, 343, 565, 565, 565, 676, 676, 676, 787, 665,
676, 343, 454, 665, 676, 786, 454, 343, 565, 565, 676, 665, 665, 332, 565, 676,
565, 665, 676, 676, 776, 665, 676, 454, 232, 565, 565, 565, 665, 676, 676, 776,
676, 676, 454, 343, 565, 676, 676, 675, 232, 565, 565, 676, 665, 676, 343, 565,
565, 565, 565, 676, 676, 565, 676, 665, 676, 343, 454, 565, 565, 565, 676, 676,
676, 676, 665, 676, 232, 565, 676, 676, 776, 333, 454, 565, 565, 675, 676, 454,
443, 565, 565, 565, 665, 676, 565, 676, 676, 676, 565, 343, 565, 565, 565, 676,
676, 676, 787, 665, 676, 343, 454, 665, 676, 786, 454, 343, 565, 565, 676, 665,
665, 332, 565, 676, 565, 665, 676, 676, 776, 665, 676, 454, 232, 565, 565, 565,
665, 676, 676, 776, 676, 676, 454, 343, 565, 676, 676, 675, 232, 565, 565, 676,
665, 676, 343, 565, 565, 565, 565, 676, 676, 565, 676, 665, 676, 343, 454, 565,
565, 565, 676, 676, 676, 676, 665, 676, 232, 565, 676, 676, 776, 333, 454, 565,
565, 675, 676, 454, 443, 565, 565, 565, 665, 676, 565, 676, 676, 676, 565, 343,
565, 565, 565, 676, 676, 676, 787, 665, 676, 343, 454, 665, 676, 786, 454, 343,
565, 565, 676, 665, 665, 332, 565, 676, 565, 665, 676, 676, 776, 665, 676, 454,
232, 565, 676, 454, 554, 676, 454, 565, 554, 676, 454, 343, 565, 676, 676, 676,
232, 454, 665, 565, 554, 676, 343, 565, 565, 565, 675, 454, 565, 787, 676, 554,
676, 443, 454, 676, 565, 454, 676, 565, 565, 565, 565, 565, 232, 454, 676, 676,
787, 343, 443, 565, 565, 565, 565, 454, 454, 565, 554, 676, 565, 554, 776, 786,
565, 565, 565, 343, 676, 665, 454, 565, 565, 565, 565, 565, 676, 343, 443, 565,
676, 787, 554, 343, 565, 565, 565, 555, 565, 332, 665, 676, 454, 565, 665, 454,
565, 554, 676, 444, 232, 565, 676, 454, 554, 676, 454, 565, 554, 676, 454, 343,
565, 676, 676, 676, 232, 454, 665, 565, 554, 676, 343, 565, 565, 565, 675, 454,
565, 787, 676, 554, 676, 443, 454, 676, 565, 454, 676, 565, 565, 565, 565, 565,
232, 454, 676, 676, 787, 343, 443, 565, 565, 565, 565, 454, 454, 565, 554, 676,
565, 554, 776, 786, 565, 565, 565, 343, 676, 665, 454, 565, 565, 565, 565, 565,
676, 343, 443, 565, 676, 787, 554, 343, 565, 565, 565, 555, 565, 332, 665, 676,
454, 565, 665, 454, 565, 554, 676, 444, 232, 565, 676, 454, 554, 676, 454, 565,
554, 676, 454, 343, 565, 676, 676, 676, 232, 454, 665, 565, 554, 676, 343, 565,
565, 565, 675, 454, 565, 787, 676, 554, 676, 443, 454, 676, 565, 454, 676, 565,
565, 565, 565, 565, 232, 454, 676, 676, 787, 343, 443, 565, 565, 565, 565, 454,
454, 565, 554, 676, 565, 554, 776, 786, 565, 565, 565, 343, 676, 665, 454, 565,
565, 565, 565, 565, 676, 343, 443, 565, 676, 787, 554, 343, 565, 565, 565, 555,
565, 332, 665, 676, 454, 565, 665, 454, 565, 554, 676, 444, 232, 565, 676, 454,
554, 676, 454, 565, 554, 676, 454, 343, 565, 676, 676, 676, 232, 454, 665, 565,
554, 676, 343, 565, 565, 565, 675, 454, 565, 787, 676, 554, 676, 443, 454, 676,
565, 454, 676, 565, 565, 565, 565, 565, 232, 454, 676, 676, 787, 343, 443, 565,
565, 565, 565, 454, 454, 565, 554, 676, 565, 554, 776, 786, 565, 565, 565, 343,
676, 665, 454, 565, 565, 565, 565, 565, 676, 343, 443, 565, 676, 787, 554, 343,
565, 565, 565, 555, 565, 332, 665, 676, 454, 565, 665, 454, 565, 554, 676, 444,
232, 454, 565, 565, 454, 454, 454, 454, 454, 343, 222, 232, 454, 554, 776, 676,
232, 454, 454, 454, 454, 676, 443, 443, 454, 454, 454, 554, 454, 565, 565, 454,
565, 443, 343, 454, 565, 454, 454, 454, 454, 454, 343, 232, 221, 343, 454, 676,
786, 343, 343, 454, 454, 454, 565, 554, 443, 454, 454, 454, 555, 454, 554, 676,
454, 454, 554, 333, 454, 565, 454, 454, 454, 454, 454, 443, 232, 221, 332, 454,
565, 787, 454, 333, 454, 454, 454, 454, 665, 343, 454, 565, 565, 454, 454, 454,
454, 454, 332, 221, 232, 454, 565, 565, 454, 454, 454, 454, 454, 343, 222, 232,
454, 554, 776, 676, 232, 454, 454, 454, 454, 676, 443, 443, 454, 454, 454, 554,
454, 565, 565, 454, 565, 443, 343, 454, 565, 454, 454, 454, 454, 454, 343, 232,
221, 343, 454, 676, 786, 343, 343, 454, 454, 454, 565, 554, 443, 454, 454, 454,
555, 454, 554, 676, 454, 454, 554, 333, 454, 565, 454, 454, 454, 454, 454, 443,
232, 221, 332, 454, 565, 787, 454, 333, 454, 454, 454, 454, 665, 343, 454, 565,
565, 454, 454, 454, 454, 454, 332, 221, 232, 454, 565, 565, 454, 454, 454, 454,
454, 343, 222, 232, 454, 554, 776, 676, 232, 454, 454, 454, 454, 676, 443, 443,
454, 454, 454, 554, 454, 565, 565, 454, 565, 443, 343, 454, 565, 454, 454, 454,
454, 454, 343, 232, 221, 343, 454, 676, 786, 343, 343, 454, 454, 454, 565, 554,
443, 454, 454, 454, 555, 454, 554, 676, 454, 454, 554, 333, 454, 565, 454, 454,
454, 454, 454, 443, 232, 221, 332, 454, 565, 787, 454, 333, 454, 454, 454, 454,
665, 343, 454, 565, 565, 454, 454, 454, 454, 454, 332, 221, 232, 454, 565, 565,
454, 454, 454, 454, 454, 343, 222, 232, 454, 554, 776, 676, 232, 454, 454, 454,
454, 676, 443, 443, 454, 454, 454, 554, 454, 565, 565, 454, 565, 443, 343, 454,
565, 454, 454, 454, 454, 454, 343, 232, 221, 343, 454, 676, 786, 343, 343, 454,
454, 454, 565, 554, 443, 454, 454, 454, 555, 454, 554, 676, 454, 454, 554, 333,
454, 565, 454, 454, 454, 454, 454, 443, 232, 221, 332, 454, 565, 787, 454, 333,
454, 454, 454, 454, 665, 343, 454, 565, 565, 454, 454, 454, 454, 454, 332, 221,
232, 444, 454, 454, 454, 454, 454, 333, 343, 221, 121, 121, 343, 454, 565, 565,
232, 444, 454, 454, 454, 676, 343, 343, 454, 454, 454, 454, 454, 454, 454, 454,
565, 443, 343, 454, 454, 454, 454, 454, 343, 343, 232, 121, 121, 232, 454, 454,
676, 232, 343, 454, 454, 444, 565, 554, 333, 444, 454, 454, 454, 454, 454, 454,
454, 454, 554, 332, 454, 454, 454, 454, 454, 454, 333, 343, 121, 121, 222, 343,
454, 565, 454, 232, 454, 454, 454, 454, 565, 343, 454, 454, 454, 454, 454, 454,
333, 343, 121, 121, 232, 444, 454, 454, 454, 454, 454, 333, 343, 221, 121, 121,
343, 454, 565, 565, 232, 444, 454, 454, 454, 676, 343, 343, 454, 454, 454, 454,
454, 454, 454, 454, 565, 443, 343, 454, 454, 454, 454, 454, 343, 343, 232, 121,
121, 232, 454, 454, 676, 232, 343, 454, 454, 444, 565, 554, 333, 444, 454, 454,
454, 454, 454, 454, 454, 454, 554, 332, 454, 454, 454, 454, 454, 454, 333, 343,
121, 121, 222, 343, 454, 565, 454, 232, 454, 454, 454, 454, 565, 343, 454, 454,
454, 454, 454, 454, 333, 343, 121, 121, 232, 444, 454, 454, 454, 454, 454, 333,
343, 221, 121, 121, 343, 454, 565, 565, 232, 444, 454, 454, 454, 676, 343, 343,
454, 454, 454, 454, 454, 454, 454, 454, 565, 443, 343, 454, 454, 454, 454, 454,
343, 343, 232, 121, 121, 232, 454, 454, 676, 232, 343, 454, 454, 444, 565, 554,
333, 444, 454, 454, 454, 454, 454, 454, 454, 454, 554, 332, 454, 454, 454, 454,
454, 454, 333, 343, 121, 121, 222, 343, 454, 565, 454, 232, 454, 454, 454, 454,
565, 343, 454, 454, 454, 454, 454, 454, 333, 343, 121, 121, 232, 444, 454, 454,
454, 454, 454, 333, 343, 221, 121, 121, 343, 454, 565, 565, 232, 444, 454, 454,
454, 676, 343, 343, 454, 454, 454, 454, 454, 454, 454, 454, 565, 443, 343, 454,
454, 454, 454, 454, 343, 343, 232, 121, 121, 232, 454, 454, 676, 232, 343, 454,
454, 444, 565, 554, 333, 444, 454, 454, 454, 454, 454, 454, 454, 454, 554, 332,
454, 454, 454, 454, 454, 454, 333, 343, 121, 121, 222, 343, 454, 565, 454, 232,
454, 454, 454, 454, 565, 343, 454, 454, 454, 454, 454, 454, 333, 343, 121, 121,
232, 443, 444, 454, 454, 454, 454, 343, 222, 222, 232, 221, 343, 454, 454, 454,
221, 343, 454, 454, 454, 565, 332, 222, 444, 454, 454, 454, 454, 454, 454, 454,
454, 343, 343, 443, 454, 454, 454, 454, 444, 232, 221, 232, 121, 343, 454, 454,
565, 232, 333, 454, 454, 454, 554, 454, 221, 343, 454, 454, 454, 454, 454, 454,
454, 454, 454, 332, 443, 454, 454, 454, 454, 454, 333, 221, 232, 221, 232, 454,
454, 454, 443, 222, 454, 454, 454, 454, 565, 343, 454, 444, 454, 454, 454, 454,
343, 222, 232, 222, 232, 443, 444, 454, 454, 454, 454, 343, 222, 222, 232, 221,
343, 454, 454, 454, 221, 343, 454, 454, 454, 565, 332, 222, 444, 454, 454, 454,
454, 454, 454, 454, 454, 343, 343, 443, 454, 454, 454, 454, 444, 232, 221, 232,
121, 343, 454, 454, 565, 232, 333, 454, 454, 454, 554, 454, 221, 343, 454, 454,
454, 454, 454, 454, 454, 454, 454, 332, 443, 454, 454, 454, 454, 454, 333, 221,
232, 221, 232, 454, 454, 454, 443, 222, 454, 454, 454, 454, 565, 343, 454, 444,
454, 454, 454, 454, 343, 222, 232, 222, 232, 443, 444, 454, 454, 454, 454, 343,
222, 222, 232, 221, 343, 454, 454, 454, 221, 343, 454, 454, 454, 565, 332, 222,
444, 454, 454, 454, 454, 454, 454, 454, 454, 343, 343, 443, 454, 454, 454, 454,
444, 232, 221, 232, 121, 343, 454, 454, 565, 232, 333, 454, 454, 454, 554, 454,
221, 343, 454, 454, 454, 454, 454, 454, 454, 454, 454, 332, 443, 454, 454, 454,
454, 454, 333, 221, 232, 221, 232, 454, 454, 454, 443, 222, 454, 454, 454, 454,
565, 343, 454, 444, 454, 454, 454, 454, 343, 222, 232, 222, 232, 443, 444, 454,
454, 454, 454, 343, 222, 222, 232, 221, 343, 454, 454, 454, 221, 343, 454, 454,
454, 565, 332, 222, 444, 454, 454, 454, 454, 454, 454, 454, 454, 343, 343, 443,
454, 454, 454, 454, 444, 232, 221, 232, 121, 343, 454, 454, 565, 232, 333, 454,
454, 454, 554, 454, 221, 343, 454, 454, 454, 454, 454, 454, 454, 454, 454, 332,
443, 454, 454, 454, 454, 454, 333, 221, 232, 221, 232, 454, 454, 454, 443, 222,
454, 454, 454, 454, 565, 343, 454, 444, 454, 454, 454, 454, 343, 222, 232, 222,
221, 232, 343, 454, 444, 343, 333, 232, 222, 343, 222, 222, 444, 454, 454, 565,
221, 332, 454, 454, 454, 565, 232, 121, 232, 454, 454, 454, 454, 454, 454, 454,
565, 343, 232, 332, 454, 454, 343, 343, 333, 222, 332, 232, 121, 343, 454, 444,
565, 332, 222, 443, 454, 454, 554, 454, 121, 222, 443, 454, 454, 454, 454, 454,
454, 554, 454, 232, 232, 443, 454, 443, 343, 333, 232, 232, 343, 121, 332, 454,
454, 454, 454, 121, 343, 454, 454, 454, 565, 232, 232, 343, 454, 444, 343, 333,
232, 222, 343, 222, 221, 232, 343, 454, 444, 343, 333, 232, 222, 343, 222, 222,
444, 454, 454, 565, 221, 332, 454, 454, 454, 565, 232, 121, 232, 454, 454, 454,
454, 454, 454, 454, 565, 343, 232, 332, 454, 454, 343, 343, 333, 222, 332, 232,
121, 343, 454, 444, 565, 332, 222, 443, 454, 454, 554, 454, 121, 222, 443, 454,
454, 454, 454, 454, 454, 554, 454, 232, 232, 443, 454, 443, 343, 333, 232, 232,
343, 121, 332, 454, 454, 454, 454, 121, 343, 454, 454, 454, 565, 232, 232, 343,
454, 444, 343, 333, 232, 222, 343, 222, 221, 232, 343, 454, 444, 343, 333, 232,
222, 343, 222, 222, 444, 454, 454, 565, 221, 332, 454, 454, 454, 565, 232, 121,
232, 454, 454, 454, 454, 454, 454, 454, 565, 343, 232, 332, 454, 454, 343, 343,
333, 222, 332, 232, 121, 343, 454, 444, 565, 332, 222, 443, 454, 454, 554, 454,
121, 222, 443, 454, 454, 454, 454, 454, 454, 554, 454, 232, 232, 443, 454, 443,
343, 333, 232, 232, 343, 121, 332, 454, 454, 454, 454, 121, 343, 454, 454, 454,
565, 232, 232, 343, 454, 444, 343, 333, 232, 222, 343, 222, 221, 232, 343, 454,
444, 343, 333, 232, 222, 343, 222, 222, 444, 454, 454, 565, 221, 332, 454, 454,
454, 565, 232, 121, 232, 454, 454, 454, 454, 454, 454, 454, 565, 343, 232, 332,
454, 454, 343, 343, 333, 222, 332, 232, 121, 343, 454, 444, 565, 332, 222, 443,
454, 454, 554, 454, 121, 222, 443, 454, 454, 454, 454, 454, 454, 554, 454, 232,
232, 443, 454, 443, 343, 333, 232, 232, 343, 121, 332, 454, 454, 454, 454, 121,
343, 454, 454, 454, 565, 232, 232, 343, 454, 444, 343, 333, 232, 222, 343, 222,
121, 232, 343, 343, 343, 232, 221, 121, 221, 332, 121, 232, 454, 454, 454, 565,
121, 232, 443, 454, 454, 343, 222, 121, 121, 343, 454, 454, 454, 454, 454, 444,
665, 343, 121, 332, 343, 343, 232, 221, 221, 121, 332, 222, 222, 443, 454, 454,
565, 232, 121, 343, 454, 454, 444, 232, 121, 121, 332, 454, 454, 454, 454, 454,
444, 565, 565, 121, 232, 343, 343, 232, 232, 221, 121, 232, 232, 121, 343, 454,
454, 565, 454, 121, 332, 454, 454, 444, 343, 221, 232, 343, 343, 343, 222, 221,
121, 232, 232, 121, 121, 232, 343, 343, 343, 232, 221, 121, 221, 332, 121, 232,
454, 454, 454, 565, 121, 232, 443, 454, 454, 343, 222, 121, 121, 343, 454, 454,
454, 454, 454, 444, 665, 343, 121, 332, 343, 343, 232, 221, 221, 121, 332, 222,
222, 443, 454, 454, 565, 232, 121, 343, 454, 454, 444, 232, 121, 121, 332, 454,
454, 454, 454, 454, 444, 565, 565, 121, 232, 343, 343, 232, 232, 221, 121, 232,
232, 121, 343, 454, 454, 565, 454, 121, 332, 454, 454, 444, 343, 221, 232, 343,
343, 343, 222, 221, 121, 232, 232, 121, 121, 232, 343, 343, 343, 232, 221, 121,
221, 332, 121, 232, 454, 454, 454, 565, 121, 232, 443, 454, 454, 343, 222, 121,
121, 343, 454, 454, 454, 454, 454, 444, 665, 343, 121, 332, 343, 343, 232, 221,
221, 121, 332, 222, 222, 443, 454, 454, 565, 232, 121, 343, 454, 454, 444, 232,
121, 121, 332, 454, 454, 454, 454, 454, 444, 565, 565, 121, 232, 343, 343, 232,
232, 221, 121, 232, 232, 121, 343, 454, 454, 565, 454, 121, 332, 454, 454, 444,
343, 221, 232, 343, 343, 343, 222, 221, 121, 232, 232, 121, 121, 232, 343, 343,
343, 232, 221, 121, 221, 332, 121, 232, 454, 454, 454, 565, 121, 232, 443, 454,
454, 343, 222, 121, 121, 343, 454, 454, 454, 454, 454, 444, 665, 343, 121, 332,
343, 343, 232, 221, 221, 121, 332, 222, 222, 443, 454, 454, 565, 232, 121, 343,
454, 454, 444, 232, 121, 121, 332, 454, 454, 454, 454, 454, 444, 565, 565, 121,
232, 343, 343, 232, 232, 221, 121, 232, 232, 121, 343, 454, 454, 565, 454, 121,
332, 454, 454, 444, 343, 221, 232, 343, 343, 343, 222, 221, 121, 232, 232, 121,
121, 121, 222, 222, 221, 111, 121, 121, 121, 121, 121, 343, 454, 454, 454, 565,
221, 232, 343, 454, 343, 232, 222, 121, 222, 232, 343, 454, 443, 343, 454, 454,
676, 343, 121, 222, 222, 222, 121, 121, 121, 121, 121, 121, 232, 454, 454, 454,
676, 332, 221, 232, 443, 454, 332, 232, 121, 222, 221, 343, 454, 454, 343, 443,
454, 565, 554, 121, 221, 222, 222, 121, 111, 121, 121, 121, 121, 221, 443, 454,
454, 565, 454, 121, 232, 343, 454, 343, 343, 121, 121, 222, 222, 221, 111, 121,
121, 121, 121, 121, 121, 121, 222, 222, 221, 111, 121, 121, 121, 121, 121, 343,
454, 454, 454, 565, 221, 232, 343, 454, 343, 232, 222, 121, 222, 232, 343, 454,
443, 343, 454, 454, 676, 343, 121, 222, 222, 222, 121, 121, 121, 121, 121, 121,
232, 454, 454, 454, 676, 332, 221, 232, 443, 454, 332, 232, 121, 222, 221, 343,
454, 454, 343, 443, 454, 565, 554, 121, 221, 222, 222, 121, 111, 121, 121, 121,
121, 221, 443, 454, 454, 565, 454, 121, 232, 343, 454, 343, 343, 121, 121, 222,
222, 221, 111, 121, 121, 121, 121, 121, 121, 121, 222, 222, 221, 111, 121, 121,
121, 121, 121, 343, 454, 454, 454, 565, 221, 232, 343, 454, 343, 232, 222, 121,
222, 232, 343, 454, 443, 343, 454, 454, 676, 343, 121, 222, 222, 222, 121, 121,
121, 121, 121, 121, 232, 454, 454, 454, 676, 332, 221, 232, 443, 454, 332, 232,
121, 222, 221, 343, 454, 454, 343, 443, 454, 565, 554, 121, 221, 222, 222, 121,
111, 121, 121, 121, 121, 221, 443, 454, 454, 565, 454, 121, 232, 343, 454, 343,
343, 121, 121, 222, 222, 221, 111, 121, 121, 121, 121, 121, 121, 121, 222, 222,
221, 111, 121, 121, 121, 121, 121, 343, 454, 454, 454, 565, 221, 232, 343, 454,
343, 232, 222, 121, 222, 232, 343, 454, 443, 343, 454, 454, 676, 343, 121, 222,
222, 222, 121, 121, 121, 121, 121, 121, 232, 454, 454, 454, 676, 332, 221, 232,
443, 454, 332, 232, 121, 222, 221, 343, 454, 454, 343, 443, 454, 565, 554, 121,
221, 222, 222, 121, 111, 121, 121, 121, 121, 221, 443, 454, 454, 565, 454, 121,
232, 343, 454, 343, 343, 121, 121, 222, 222, 221, 111, 121, 121, 121, 121, 121,
222, 343, 343, 443, 443, 454, 232, 332, 443, 443, 333, 343, 454, 443, 454, 565,
222, 232, 232, 343, 232, 343, 232, 232, 343, 121, 232, 454, 343, 232, 343, 454,
676, 343, 332, 343, 443, 343, 454, 343, 232, 443, 443, 343, 232, 454, 444, 454,
565, 332, 232, 232, 332, 343, 232, 343, 221, 343, 232, 121, 443, 343, 232, 333,
454, 565, 454, 232, 343, 343, 443, 444, 444, 222, 343, 443, 343, 232, 343, 454,
443, 565, 454, 222, 232, 232, 343, 232, 454, 232, 343, 343, 443, 443, 454, 232,
333, 443, 443, 332, 222, 343, 343, 443, 443, 454, 232, 332, 443, 443, 333, 343,
454, 443, 454, 565, 222, 232, 232, 343, 232, 343, 232, 232, 343, 121, 232, 454,
343, 232, 343, 454, 676, 343, 332, 343, 443, 343, 454, 343, 232, 443, 443, 343,
232, 454, 444, 454, 565, 332, 232, 232, 332, 343, 232, 343, 221, 343, 232, 121,
443, 343, 232, 333, 454, 565, 454, 232, 343, 343, 443, 444, 444, 222, 343, 443,
343, 232, 343, 454, 443, 565, 454, 222, 232, 232, 343, 232, 454, 232, 343, 343,
443, 443, 454, 232, 333, 443, 443, 332, 222, 343, 343, 443, 443, 454, 232, 332,
443, 443, 333, 343, 454, 443, 454, 565, 222, 232, 232, 343, 232, 343, 232, 232,
343, 121, 232, 454, 343, 232, 343, 454, 676, 343, 332, 343, 443, 343, 454, 343,
232, 443, 443, 343, 232, 454, 444, 454, 565, 332, 232, 232, 332, 343, 232, 343,
221, 343, 232, 121, 443, 343, 232, 333, 454, 565, 454, 232, 343, 343, 443, 444,
444, 222, 343, 443, 343, 232, 343, 454, 443, 565, 454, 222, 232, 232, 343, 232,
454, 232, 343, 343, 443, 443, 454, 232, 333, 443, 443, 332, 222, 343, 343, 443,
443, 454, 232, 332, 443, 443, 333, 343, 454, 443, 454, 565, 222, 232, 232, 343,
232, 343, 232, 232, 343, 121, 232, 454, 343, 232, 343, 454, 676, 343, 332, 343,
443, 343, 454, 343, 232, 443, 443, 343, 232, 454, 444, 454, 565, 332, 232, 232,
332, 343, 232, 343, 221, 343, 232, 121, 443, 343, 232, 333, 454, 565, 454, 232,
343, 343, 443, 444, 444, 222, 343, 443, 343, 232, 343, 454, 443, 565, 454, 222,
232, 232, 343, 232, 454, 232, 343, 343, 443, 443, 454, 232, 333, 443, 443, 332,
232, 565, 665, 676, 565, 787, 443, 454, 676, 676, 564, 333, 443, 332, 444, 454,
232, 343, 343, 232, 232, 454, 232, 232, 343, 232, 221, 343, 232, 222, 343, 454,
565, 343, 454, 565, 676, 565, 776, 565, 343, 676, 676, 676, 332, 444, 343, 343,
454, 232, 343, 443, 232, 332, 443, 343, 221, 343, 343, 221, 332, 332, 222, 332,
454, 554, 454, 343, 565, 676, 676, 676, 786, 332, 565, 676, 676, 343, 343, 343,
343, 454, 343, 232, 343, 232, 232, 343, 454, 332, 565, 675, 676, 565, 787, 343,
454, 676, 676, 454, 232, 565, 665, 676, 565, 787, 443, 454, 676, 676, 564, 333,
443, 332, 444, 454, 232, 343, 343, 232, 232, 454, 232, 232, 343, 232, 221, 343,
232, 222, 343, 454, 565, 343, 454, 565, 676, 565, 776, 565, 343, 676, 676, 676,
332, 444, 343, 343, 454, 232, 343, 443, 232, 332, 443, 343, 221, 343, 343, 221,
332, 332, 222, 332, 454, 554, 454, 343, 565, 676, 676, 676, 786, 332, 565, 676,
676, 343, 343, 343, 343, 454, 343, 232, 343, 232, 232, 343, 454, 332, 565, 675,
676, 565, 787, 343, 454, 676, 676, 454, 232, 565, 665, 676, 565, 787, 443, 454,
676, 676, 564, 333, 443, 332, 444, 454, 232, 343, 343, 232, 232, 454, 232, 232,
343, 232, 221, 343, 232, 222, 343, 454, 565, 343, 454, 565, 676, 565, 776, 565,
343, 676, 676, 676, 332, 444, 343, 343, 454, 232, 343, 443, 232, 332, 443, 343,
221, 343, 343, 221, 332, 332, 222, 332, 454, 554, 454, 343, 565, 676, 676, 676,
786, 332, 565, 676, 676, 343, 343, 343, 343, 454, 343, 232, 343, 232, 232, 343,
454, 332, 565, 675, 676, 565, 787, 343, 454, 676, 676, 454, 232, 565, 665, 676,
565, 787, 443, 454, 676, 676, 564, 333, 443, 332, 444, 454, 232, 343, 343, 232,
232, 454, 232, 232, 343, 232, 221, 343, 232, 222, 343, 454, 565, 343, 454, 565,
676, 565, 776, 565, 343, 676, 676, 676, 332, 444, 343, 343, 454, 232, 343, 443,
232, 332, 443, 343, 221, 343, 343, 221, 332, 332, 222, 332, 454, 554, 454, 343,
565, 676, 676, 676, 786, 332, 565, 676, 676, 343, 343, 343, 343, 454, 343, 232,
343, 232, 232, 343, 454, 332, 565, 675, 676, 565, 787, 343, 454, 676, 676, 454,
232, 443, 454, 565, 444, 565, 343, 343, 565, 565, 554, 232, 232, 232, 444, 454,
332, 454, 454, 332, 343, 565, 332, 121, 232, 343, 221, 221, 232, 343, 343, 443,
454, 332, 343, 454, 565, 454, 454, 554, 332, 565, 554, 665, 232, 333, 232, 343,
554, 333, 343, 454, 443, 333, 454, 454, 121, 232, 343, 232, 121, 232, 343, 343,
443, 443, 343, 332, 454, 565, 454, 454, 565, 332, 454, 554, 565, 343, 333, 232,
332, 454, 443, 343, 454, 343, 333, 454, 554, 332, 444, 454, 554, 444, 565, 343,
443, 565, 565, 454, 232, 443, 454, 565, 444, 565, 343, 343, 565, 565, 554, 232,
232, 232, 444, 454, 332, 454, 454, 332, 343, 565, 332, 121, 232, 343, 221, 221,
232, 343, 343, 443, 454, 332, 343, 454, 565, 454, 454, 554, 332, 565, 554, 665,
232, 333, 232, 343, 554, 333, 343, 454, 443, 333, 454, 454, 121, 232, 343, 232,
121, 232, 343, 343, 443, 443, 343, 332, 454, 565, 454, 454, 565, 332, 454, 554,
565, 343, 333, 232, 332, 454, 443, 343, 454, 343, 333, 454, 554, 332, 444, 454,
554, 444, 565, 343, 443, 565, 565, 454, 232, 443, 454, 565, 444, 565, 343, 343,
565, 565, 554, 232, 232, 232, 444, 454, 332, 454, 454, 332, 343, 565, 332, 121,
232, 343, 221, 221, 232, 343, 343, 443, 454, 332, 343, 454, 565, 454, 454, 554,
332, 565, 554, 665, 232, 333, 232, 343, 554, 333, 343, 454, 443, 333, 454, 454,
121, 232, 343, 232, 121, 232, 343, 343, 443, 443, 343, 332, 454, 565, 454, 454,
565, 332, 454, 554, 565, 343, 333, 232, 332, 454, 443, 343, 454, 343, 333, 454,
554, 332, 444, 454, 554, 444, 565, 343, 443, 565, 565, 454, 232, 443, 454, 565,
444, 565, 343, 343, 565, 565, 554, 232, 232, 232, 444, 454, 332, 454, 454, 332,
343, 565, 332, 121, 232, 343, 221, 221, 232, 343, 343, 443, 454, 332, 343, 454,
565, 454, 454, 554, 332, 565, 554, 665, 232, 333, 232, 343, 554, 333, 343, 454,
443, 333, 454, 454, 121, 232, 343, 232, 121, 232, 343, 343, 443, 443, 343, 332,
454, 565, 454, 454, 565, 332, 454, 554, 565, 343, 333, 232, 332, 454, 443, 343,
454, 343, 333, 454, 554, 332, 444, 454, 554, 444, 565, 343, 443, 565, 565, 454,
232, 454, 454, 454, 454, 454, 343, 343, 454, 454, 454, 221, 222, 333, 443, 454,
232, 454, 454, 443, 443, 565, 333, 121, 232, 221, 121, 121, 232, 232, 232, 232,
232, 222, 343, 454, 454, 454, 454, 454, 332, 454, 454, 565, 222, 222, 232, 443,
454, 332, 343, 454, 454, 343, 454, 454, 121, 221, 232, 121, 121, 232, 232, 232,
232, 232, 222, 333, 454, 454, 454, 454, 454, 332, 443, 444, 565, 333, 222, 222,
343, 454, 343, 343, 454, 454, 454, 454, 565, 332, 454, 454, 454, 454, 454, 333,
343, 454, 454, 454, 232, 454, 454, 454, 454, 454, 343, 343, 454, 454, 454, 221,
222, 333, 443, 454, 232, 454, 454, 443, 443, 565, 333, 121, 232, 221, 121, 121,
232, 232, 232, 232, 232, 222, 343, 454, 454, 454, 454, 454, 332, 454, 454, 565,
222, 222, 232, 443, 454, 332, 343, 454, 454, 343, 454, 454, 121, 221, 232, 121,
121, 232, 232, 232, 232, 232, 222, 333, 454, 454, 454, 454, 454, 332, 443, 444,
565, 333, 222, 222, 343, 454, 343, 343, 454, 454, 454, 454, 565, 332, 454, 454,
454, 454, 454, 333, 343, 454, 454, 454, 232, 454, 454, 454, 454, 454, 343, 343,
454, 454, 454, 221, 222, 333, 443, 454, 232, 454, 454, 443, 443, 565, 333, 121,
232, 221, 121, 121, 232, 232, 232, 232, 232, 222, 343, 454, 454, 454, 454, 454,
332, 454, 454, 565, 222, 222, 232, 443, 454, 332, 343, 454, 454, 343, 454, 454,
121, 221, 232, 121, 121, 232, 232, 232, 232, 232, 222, 333, 454, 454, 454, 454,
454, 332, 443, 444, 565, 333, 222, 222, 343, 454, 343, 343, 454, 454, 454, 454,
565, 332, 454, 454, 454, 454, 454, 333, 343, 454, 454, 454, 232, 454, 454, 454,
454, 454, 343, 343, 454, 454, 454, 221, 222, 333, 443, 454, 232, 454, 454, 443,
443, 565, 333, 121, 232, 221, 121, 121, 232, 232, 232, 232, 232, 222, 343, 454,
454, 454, 454, 454, 332, 454, 454, 565, 222, 222, 232, 443, 454, 332, 343, 454,
454, 343, 454, 454, 121, 221, 232, 121, 121, 232, 232, 232, 232, 232, 222, 333,
454, 454, 454, 454, 454, 332, 443, 444, 565, 333, 222, 222, 343, 454, 343, 343,
454, 454, 454, 454, 565, 332, 454, 454, 454, 454, 454, 333, 343, 454, 454, 454,
232, 444, 454, 454, 454, 554, 343, 343, 454, 454, 454, 121, 232, 332, 232, 232,
232, 454, 454, 454, 454, 565, 333, 121, 232, 232, 332, 232, 222, 232, 232, 232,
232, 222, 343, 454, 454, 454, 454, 454, 332, 454, 454, 564, 221, 222, 332, 232,
232, 232, 443, 454, 454, 454, 454, 454, 121, 232, 232, 332, 232, 221, 232, 232,
232, 232, 232, 332, 454, 454, 454, 454, 565, 332, 444, 454, 565, 332, 121, 232,
232, 232, 232, 343, 454, 454, 454, 454, 565, 232, 454, 454, 454, 454, 555, 343,
343, 454, 454, 443, 232, 444, 454, 454, 454, 554, 343, 343, 454, 454, 454, 121,
232, 332, 232, 232, 232, 454, 454, 454, 454, 565, 333, 121, 232, 232, 332, 232,
222, 232, 232, 232, 232, 222, 343, 454, 454, 454, 454, 454, 332, 454, 454, 564,
221, 222, 332, 232, 232, 232, 443, 454, 454, 454, 454, 454, 121, 232, 232, 332,
232, 221, 232, 232, 232, 232, 232, 332, 454, 454, 454, 454, 565, 332, 444, 454,
565, 332, 121, 232, 232, 232, 232, 343, 454, 454, 454, 454, 565, 232, 454, 454,
454, 454, 555, 343, 343, 454, 454, 443, 232, 444, 454, 454, 454, 554, 343, 343,
454, 454, 454, 121, 232, 332, 232, 232, 232, 454, 454, 454, 454, 565, 333, 121,
232, 232, 332, 232, 222, 232, 232, 232, 232, 222, 343, 454, 454, 454, 454, 454,
332, 454, 454, 564, 221, 222, 332, 232, 232, 232, 443, 454, 454, 454, 454, 454,
121, 232, 232, 332, 232, 221, 232, 232, 232, 232, 232, 332, 454, 454, 454, 454,
565, 332, 444, 454, 565, 332, 121, 232, 232, 232, 232, 343, 454, 454, 454, 454,
565, 232, 454, 454, 454, 454, 555, 343, 343, 454, 454, 443, 232, 444, 454, 454,
454, 554, 343, 343, 454, 454, 454, 121, 232, 332, 232, 232, 232, 454, 454, 454,
454, 565, 333, 121, 232, 232, 332, 232, 222, 232, 232, 232, 232, 222, 343, 454,
454, 454, 454, 454, 332, 454, 454, 564, 221, 222, 332, 232, 232, 232, 443, 454,
454, 454, 454, 454, 121, 232, 232, 332, 232, 221, 232, 232, 232, 232, 232, 332,
454, 454, 454, 454, 565, 332, 444, 454, 565, 332, 121, 232, 232, 232, 232, 343,
454, 454, 454, 454, 565, 232, 454, 454, 454, 454, 555, 343, 343, 454, 454, 443,
222, 443, 454, 454, 454, 676, 443, 343, 454, 565, 554, 121, 121, 121, 121, 121,
232, 454, 454, 454, 454, 565, 232, 232, 665, 676, 786, 454, 443, 665, 665, 676,
787, 343, 332, 454, 454, 454, 565, 565, 332, 454, 454, 676, 221, 121, 121, 121,
121, 221, 443, 454, 454, 454, 565, 454, 121, 565, 676, 676, 676, 332, 565, 565,
676, 776, 565, 222, 454, 454, 454, 454, 676, 332, 444, 454, 676, 343, 121, 121,
121, 121, 121, 343, 454, 454, 454, 454, 565, 222, 444, 454, 454, 454, 676, 343,
343, 454, 565, 454, 222, 443, 454, 454, 454, 676, 443, 343, 454, 565, 554, 121,
121, 121, 121, 121, 232, 454, 454, 454, 454, 565, 232, 232, 665, 676, 786, 454,
443, 665, 665, 676, 787, 343, 332, 454, 454, 454, 565, 565, 332, 454, 454, 676,
221, 121, 121, 121, 121, 221, 443, 454, 454, 454, 565, 454, 121, 565, 676, 676,
676, 332, 565, 565, 676, 776, 565, 222, 454, 454, 454, 454, 676, 332, 444, 454,
676, 343, 121, 121, 121, 121, 121, 343, 454, 454, 454, 454, 565, 222, 444, 454,
454, 454, 676, 343, 343, 454, 565, 454, 222, 443, 454, 454, 454, 676, 443, 343,
454, 565, 554, 121, 121, 121, 121, 121, 232, 454, 454, 454, 454, 565, 232, 232,
665, 676, 786, 454, 443, 665, 665, 676, 787, 343, 332, 454, 454, 454, 565, 565,
332, 454, 454, 676, 221, 121, 121, 121, 121, 221, 443, 454, 454, 454, 565, 454,
121, 565, 676, 676, 676, 332, 565, 565, 676, 776, 565, 222, 454, 454, 454, 454,
676, 332, 444, 454, 676, 343, 121, 121, 121, 121, 121, 343, 454, 454, 454, 454,
565, 222, 444, 454, 454, 454, 676, 343, 343, 454, 565, 454, 222, 443, 454, 454,
454, 676, 443, 343, 454, 565, 554, 121, 121, 121, 121, 121, 232, 454, 454, 454,
454, 565, 232, 232, 665, 676, 786, 454, 443, 665, 665, 676, 787, 343, 332, 454,
454, 454, 565, 565, 332, 454, 454, 676, 221, 121, 121, 121, 121, 221, 443, 454,
454, 454, 565, 454, 121, 565, 676, 676, 676, 332, 565, 565, 676, 776, 565, 222,
454, 454, 454, 454, 676, 332, 444, 454, 676, 343, 121, 121, 121, 121, 121, 343,
454, 454, 454, 454, 565, 222, 444, 454, 454, 454, 676, 343, 343, 454, 565, 454,
121, 343, 454, 454, 454, 676, 443, 343, 454, 665, 454, 121, 221, 121, 121, 121,
232, 454, 454, 454, 454, 565, 232, 232, 454, 565, 565, 443, 343, 454, 454, 565,
665, 343, 332, 454, 454, 454, 565, 565, 232, 454, 554, 665, 121, 121, 121, 121,
121, 221, 443, 454, 454, 454, 565, 454, 221, 454, 565, 565, 565, 232, 454, 454,
565, 565, 454, 222, 454, 454, 454, 454, 676, 332, 443, 454, 676, 332, 121, 221,
121, 121, 121, 343, 454, 454, 454, 454, 565, 222, 343, 454, 454, 454, 676, 343,
343, 454, 676, 454, 121, 343, 454, 454, 454, 676, 443, 343, 454, 665, 454, 121,
221, 121, 121, 121, 232, 454, 454, 454, 454, 565, 232, 232, 454, 565, 565, 443,
343, 454, 454, 565, 665, 343, 332, 454, 454, 454, 565, 565, 232, 454, 554, 665,
121, 121, 121, 121, 121, 221, 443, 454, 454, 454, 565, 454, 221, 454, 565, 565,
565, 232, 454, 454, 565, 565, 454, 222, 454, 454, 454, 454, 676, 332, 443, 454,
676, 332, 121, 221, 121, 121, 121, 343, 454, 454, 454, 454, 565, 222, 343, 454,
454, 454, 676, 343, 343, 454, 676, 454, 121, 343, 454, 454, 454, 676, 443, 343,
454, 665, 454, 121, 221, 121, 121, 121, 232, 454, 454, 454, 454, 565, 232, 232,
454, 565, 565, 443, 343, 454, 454, 565, 665, 343, 332, 454, 454, 454, 565, 565,
232, 454, 554, 665, 121, 121, 121, 121, 121, 221, 443, 454, 454, 454, 565, 454,
221, 454, 565, 565, 565, 232, 454, 454, 565, 565, 454, 222, 454, 454, 454, 454,
676, 332, 443, 454, 676, 332, 121, 221, 121, 121, 121, 343, 454, 454, 454, 454,
565, 222, 343, 454, 454, 454, 676, 343, 343, 454, 676, 454, 121, 343, 454, 454,
454, 676, 443, 343, 454, 665, 454, 121, 221, 121, 121, 121, 232, 454, 454, 454,
454, 565, 232, 232, 454, 565, 565, 443, 343, 454, 454, 565, 665, 343, 332, 454,
454, 454, 565, 565, 232, 454, 554, 665, 121, 121, 121, 121, 121, 221, 443, 454,
454, 454, 565, 454, 221, 454, 565, 565, 565, 232, 454, 454, 565, 565, 454, 222,
454, 454, 454, 454, 676, 332, 443, 454, 676, 332, 121, 221, 121, 121, 121, 343,
454, 454, 454, 454, 565, 222, 343, 454, 454, 454, 676, 343, 343, 454, 676, 454,
121, 232, 444, 454, 454, 565, 333, 232, 444, 565, 454, 121, 343, 232, 232, 121,
232, 454, 454, 454, 454, 676, 333, 232, 454, 454, 454, 443, 232, 443, 454, 454,
565, 343, 121, 343, 454, 454, 565, 454, 221, 343, 454, 565, 121, 332, 333, 222,
221, 221, 443, 454, 454, 444, 565, 454, 222, 444, 454, 454, 454, 232, 343, 454,
454, 454, 454, 121, 332, 454, 454, 554, 554, 222, 343, 454, 565, 232, 222, 343,
222, 222, 121, 343, 454, 454, 454, 454, 665, 221, 232, 444, 454, 454, 565, 232,
232, 454, 565, 443, 121, 232, 444, 454, 454, 565, 333, 232, 444, 565, 454, 121,
343, 232, 232, 121, 232, 454, 454, 454, 454, 676, 333, 232, 454, 454, 454, 443,
232, 443, 454, 454, 565, 343, 121, 343, 454, 454, 565, 454, 221, 343, 454, 565,
121, 332, 333, 222, 221, 221, 443, 454, 454, 444, 565, 454, 222, 444, 454, 454,
454, 232, 343, 454, 454, 454, 454, 121, 332, 454, 454, 554, 554, 222, 343, 454,
565, 232, 222, 343, 222, 222, 121, 343, 454, 454, 454, 454, 665, 221, 232, 444,
454, 454, 565, 232, 232, 454, 565, 443, 121, 232, 444, 454, 454, 565, 333, 232,
444, 565, 454, 121, 343, 232, 232, 121, 232, 454, 454, 454, 454, 676, 333, 232,
454, 454, 454, 443, 232, 443, 454, 454, 565, 343, 121, 343, 454, 454, 565, 454,
221, 343, 454, 565, 121, 332, 333, 222, 221, 221, 443, 454, 454, 444, 565, 454,
222, 444, 454, 454, 454, 232, 343, 454, 454, 454, 454, 121, 332, 454, 454, 554,
554, 222, 343, 454, 565, 232, 222, 343, 222, 222, 121, 343, 454, 454, 454, 454,
665, 221, 232, 444, 454, 454, 565, 232, 232, 454, 565, 443, 121, 232, 444, 454,
454, 565, 333, 232, 444, 565, 454, 121, 343, 232, 232, 121, 232, 454, 454, 454,
454, 676, 333, 232, 454, 454, 454, 443, 232, 443, 454, 454, 565, 343, 121, 343,
454, 454, 565, 454, 221, 343, 454, 565, 121, 332, 333, 222, 221, 221, 443, 454,
454, 444, 565, 454, 222, 444, 454, 454, 454, 232, 343, 454, 454, 454, 454, 121,
332, 454, 454, 554, 554, 222, 343, 454, 565, 232, 222, 343, 222, 222, 121, 343,
454, 454, 454, 454, 665, 221, 232, 444, 454, 454, 565, 232, 232, 454, 565, 443,
121, 121, 332, 343, 343, 343, 222, 121, 343, 454, 443, 232, 343, 343, 232, 221,
121, 343, 454, 454, 454, 554, 333, 343, 454, 454, 454, 443, 232, 332, 443, 454,
554, 343, 121, 232, 343, 343, 343, 332, 121, 332, 454, 454, 222, 343, 343, 343,
232, 121, 332, 454, 454, 454, 454, 444, 333, 454, 454, 454, 454, 232, 232, 343,
454, 454, 454, 121, 222, 343, 343, 343, 343, 121, 232, 444, 554, 232, 332, 343,
343, 232, 121, 232, 454, 454, 454, 454, 554, 221, 121, 332, 343, 343, 343, 221,
221, 343, 454, 343, 121, 121, 332, 343, 343, 343, 222, 121, 343, 454, 443, 232,
343, 343, 232, 221, 121, 343, 454, 454, 454, 554, 333, 343, 454, 454, 454, 443,
232, 332, 443, 454, 554, 343, 121, 232, 343, 343, 343, 332, 121, 332, 454, 454,
222, 343, 343, 343, 232, 121, 332, 454, 454, 454, 454, 444, 333, 454, 454, 454,
454, 232, 232, 343, 454, 454, 454, 121, 222, 343, 343, 343, 343, 121, 232, 444,
554, 232, 332, 343, 343, 232, 121, 232, 454, 454, 454, 454, 554, 221, 121, 332,
343, 343, 343, 221, 221, 343, 454, 343, 121, 121, 332, 343, 343, 343, 222, 121,
343, 454, 443, 232, 343, 343, 232, 221, 121, 343, 454, 454, 454, 554, 333, 343,
454, 454, 454, 443, 232, 332, 443, 454, 554, 343, 121, 232, 343, 343, 343, 332,
121, 332, 454, 454, 222, 343, 343, 343, 232, 121, 332, 454, 454, 454, 454, 444,
333, 454, 454, 454, 454, 232, 232, 343, 454, 454, 454, 121, 222, 343, 343, 343,
343, 121, 232, 444, 554, 232, 332, 343, 343, 232, 121, 232, 454, 454, 454, 454,
554, 221, 121, 332, 343, 343, 343, 221, 221, 343, 454, 343, 121, 121, 332, 343,
343, 343, 222, 121, 343, 454, 443, 232, 343, 343, 232, 221, 121, 343, 454, 454,
454, 554, 333, 343, 454, 454, 454, 443, 232, 332, 443, 454, 554, 343, 121, 232,
343, 343, 343, 332, 121, 332, 454, 454, 222, 343, 343, 343, 232, 121, 332, 454,
454, 454, 454, 444, 333, 454, 454, 454, 454, 232, 232, 343, 454, 454, 454, 121,
222, 343, 343, 343, 343, 121, 232, 444, 554, 232, 332, 343, 343, 232, 121, 232,
454, 454, 454, 454, 554, 221, 121, 332, 343, 343, 343, 221, 221, 343, 454, 343,
121, 121, 121, 222, 232, 343, 222, 121, 343, 454, 443, 121, 232, 332, 343, 222,
121, 343, 454, 454, 454, 565, 333, 343, 454, 454, 454, 454, 232, 221, 332, 343,
343, 232, 121, 121, 221, 232, 332, 232, 121, 332, 454, 454, 221, 232, 232, 343,
232, 121, 332, 454, 454, 454, 565, 454, 343, 454, 454, 454, 565, 232, 222, 232,
343, 343, 343, 121, 121, 221, 232, 232, 332, 121, 222, 444, 454, 232, 221, 232,
343, 343, 121, 222, 444, 454, 454, 454, 565, 121, 121, 121, 232, 232, 343, 221,
221, 343, 454, 443, 121, 121, 121, 222, 232, 343, 222, 121, 343, 454, 443, 121,
232, 332, 343, 222, 121, 343, 454, 454, 454, 565, 333, 343, 454, 454, 454, 454,
232, 221, 332, 343, 343, 232, 121, 121, 221, 232, 332, 232, 121, 332, 454, 454,
221, 232, 232, 343, 232, 121, 332, 454, 454, 454, 565, 454, 343, 454, 454, 454,
565, 232, 222, 232, 343, 343, 343, 121, 121, 221, 232, 232, 332, 121, 222, 444,
454, 232, 221, 232, 343, 343, 121, 222, 444, 454, 454, 454, 565, 121, 121, 121,
232, 232, 343, 221, 221, 343, 454, 443, 121, 121, 121, 222, 232, 343, 222, 121,
343, 454, 443, 121, 232, 332, 343, 222, 121, 343, 454, 454, 454, 565, 333, 343,
454, 454, 454, 454, 232, 221, 332, 343, 343, 232, 121, 121, 221, 232, 332, 232,
121, 332, 454, 454, 221, 232, 232, 343, 232, 121, 332, 454, 454, 454, 565, 454,
343, 454, 454, 454, 565, 232, 222, 232, 343, 343, 343, 121, 121, 221, 232, 232,
332, 121, 222, 444, 454, 232, 221, 232, 343, 343, 121, 222, 444, 454, 454, 454,
565, 121, 121, 121, 232, 232, 343, 221, 221, 343, 454, 443, 121, 121, 121, 222,
232, 343, 222, 121, 343, 454, 443, 121, 232, 332, 343, 222, 121, 343, 454, 454,
454, 565, 333, 343, 454, 454, 454, 454, 232, 221, 332, 343, 343, 232, 121, 121,
221, 232, 332, 232, 121, 332, 454, 454, 221, 232, 232, 343, 232, 121, 332, 454,
454, 454, 565, 454, 343, 454, 454, 454, 565, 232, 222, 232, 343, 343, 343, 121,
121, 221, 232, 232, 332, 121, 222, 444, 454, 232, 221, 232, 343, 343, 121, 222,
444, 454, 454, 454, 565, 121, 121, 121, 232, 232, 343, 221, 221, 343, 454, 443,
121, 121, 121, 121, 121, 232, 222, 222, 232, 454, 454, 121, 121, 222, 232, 232,
121, 232, 343, 444, 454, 554, 333, 343, 454, 454, 565, 454, 121, 121, 222, 232,
222, 121, 121, 121, 121, 121, 232, 232, 221, 232, 443, 565, 222, 121, 221, 232,
232, 221, 222, 343, 443, 454, 454, 443, 343, 454, 454, 555, 565, 221, 121, 121,
222, 222, 222, 121, 121, 121, 121, 221, 332, 221, 232, 343, 565, 333, 121, 121,
232, 232, 232, 121, 343, 343, 454, 454, 554, 221, 121, 121, 121, 121, 332, 221,
222, 332, 565, 454, 121, 121, 121, 121, 121, 232, 222, 222, 232, 454, 454, 121,
121, 222, 232, 232, 121, 232, 343, 444, 454, 554, 333, 343, 454, 454, 565, 454,
121, 121, 222, 232, 222, 121, 121, 121, 121, 121, 232, 232, 221, 232, 443, 565,
222, 121, 221, 232, 232, 221, 222, 343, 443, 454, 454, 443, 343, 454, 454, 555,
565, 221, 121, 121, 222, 222, 222, 121, 121, 121, 121, 221, 332, 221, 232, 343,
565, 333, 121, 121, 232, 232, 232, 121, 343, 343, 454, 454, 554, 221, 121, 121,
121, 121, 332, 221, 222, 332, 565, 454, 121, 121, 121, 121, 121, 232, 222, 222,
232, 454, 454, 121, 121, 222, 232, 232, 121, 232, 343, 444, 454, 554, 333, 343,
454, 454, 565, 454, 121, 121, 222, 232, 222, 121, 121, 121, 121, 121, 232, 232,
221, 232, 443, 565, 222, 121, 221, 232, 232, 221, 222, 343, 443, 454, 454, 443,
343, 454, 454, 555, 565, 221, 121, 121, 222, 222, 222, 121, 121, 121, 121, 221,
332, 221, 232, 343, 565, 333, 121, 121, 232, 232, 232, 121, 343, 343, 454, 454,
554, 221, 121, 121, 121, 121, 332, 221, 222, 332, 565, 454, 121, 121, 121, 121,
121, 232, 222, 222, 232, 454, 454, 121, 121, 222, 232, 232, 121, 232, 343, 444,
454, 554, 333, 343, 454, 454, 565, 454, 121, 121, 222, 232, 222, 121, 121, 121,
121, 121, 232, 232, 221, 232, 443, 565, 222, 121, 221, 232, 232, 221, 222, 343,
443, 454, 454, 443, 343, 454, 454, 555, 565, 221, 121, 121, 222, 222, 222, 121,
121, 121, 121, 221, 332, 221, 232, 343, 565, 333, 121, 121, 232, 232, 232, 121,
343, 343, 454, 454, 554, 221, 121, 121, 121, 121, 332, 221, 222, 332, 565, 454,
121, 222, 332, 232, 121, 121, 221, 343, 232, 443, 454, 121, 121, 121, 121, 221,
121, 232, 232, 343, 454, 454, 333, 343, 454, 454, 676, 454, 343, 565, 676, 676,
675, 343, 121, 232, 232, 121, 121, 121, 332, 332, 332, 565, 222, 121, 121, 121,
121, 121, 221, 332, 332, 454, 454, 443, 343, 454, 454, 565, 676, 232, 554, 565,
676, 676, 454, 121, 232, 332, 221, 121, 221, 232, 343, 232, 565, 343, 121, 121,
121, 121, 121, 121, 332, 232, 443, 454, 454, 121, 222, 332, 232, 121, 221, 221,
343, 232, 454, 555, 121, 222, 332, 232, 121, 121, 221, 343, 232, 443, 454, 121,
121, 121, 121, 221, 121, 232, 232, 343, 454, 454, 333, 343, 454, 454, 676, 454,
343, 565, 676, 676, 675, 343, 121, 232, 232, 121, 121, 121, 332, 332, 332, 565,
222, 121, 121, 121, 121, 121, 221, 332, 332, 454, 454, 443, 343, 454, 454, 565,
676, 232, 554, 565, 676, 676, 454, 121, 232, 332, 221, 121, 221, 232, 343, 232,
565, 343, 121, 121, 121, 121, 121, 121, 332, 232, 443, 454, 454, 121, 222, 332,
232, 121, 221, 221, 343, 232, 454, 555, 121, 222, 332, 232, 121, 121, 221, 343,
232, 443, 454, 121, 121, 121, 121, 221, 121, 232, 232, 343, 454, 454, 333, 343,
454, 454, 676, 454, 343, 565, 676, 676, 675, 343, 121, 232, 232, 121, 121, 121,
332, 332, 332, 565, 222, 121, 121, 121, 121, 121, 221, 332, 332, 454, 454, 443,
343, 454, 454, 565, 676, 232, 554, 565, 676, 676, 454, 121, 232, 332, 221, 121,
221, 232, 343, 232, 565, 343, 121, 121, 121, 121, 121, 121, 332, 232, 443, 454,
454, 121, 222, 332, 232, 121, 221, 221, 343, 232, 454, 555, 121, 222, 332, 232,
121, 121, 221, 343, 232, 443, 454, 121, 121, 121, 121, 221, 121, 232, 232, 343,
454, 454, 333, 343, 454, 454, 676, 454, 343, 565, 676, 676, 675, 343, 121, 232,
232, 121, 121, 121, 332, 332, 332, 565, 222, 121, 121, 121, 121, 121, 221, 332,
332, 454, 454, 443, 343, 454, 454, 565, 676, 232, 554, 565, 676, 676, 454, 121,
232, 332, 221, 121, 221, 232, 343, 232, 565, 343, 121, 121, 121, 121, 121, 121,
332, 232, 443, 454, 454, 121, 222, 332, 232, 121, 221, 221, 343, 232, 454, 555,
121, 332, 343, 232, 232, 221, 121, 343, 343, 454, 454, 343, 565, 565, 565, 565,
121, 121, 232, 343, 343, 343, 232, 443, 454, 444, 665, 454, 343, 665, 787, 665,
676, 343, 222, 343, 232, 232, 232, 121, 333, 343, 343, 554, 232, 554, 555, 565,
665, 232, 121, 222, 332, 343, 343, 332, 343, 454, 454, 554, 676, 332, 554, 676,
776, 665, 565, 121, 343, 332, 232, 232, 121, 232, 443, 343, 454, 333, 454, 555,
565, 565, 443, 121, 221, 232, 343, 343, 343, 121, 332, 333, 232, 232, 121, 221,
443, 343, 454, 454, 121, 332, 343, 232, 232, 221, 121, 343, 343, 454, 454, 343,
565, 565, 565, 565, 121, 121, 232, 343, 343, 343, 232, 443, 454, 444, 665, 454,
343, 665, 787, 665, 676, 343, 222, 343, 232, 232, 232, 121, 333, 343, 343, 554,
232, 554, 555, 565, 665, 232, 121, 222, 332, 343, 343, 332, 343, 454, 454, 554,
676, 332, 554, 676, 776, 665, 565, 121, 343, 332, 232, 232, 121, 232, 443, 343,
454, 333, 454, 555, 565, 565, 443, 121, 221, 232, 343, 343, 343, 121, 332, 333,
232, 232, 121, 221, 443, 343, 454, 454, 121, 332, 343, 232, 232, 221, 121, 343,
343, 454, 454, 343, 565, 565, 565, 565, 121, 121, 232, 343, 343, 343, 232, 443,
454, 444, 665, 454, 343, 665, 787, 665, 676, 343, 222, 343, 232, 232, 232, 121,
333, 343, 343, 554, 232, 554, 555, 565, 665, 232, 121, 222, 332, 343, 343, 332,
343, 454, 454, 554, 676, 332, 554, 676, 776, 665, 565, 121, 343, 332, 232, 232,
121, 232, 443, 343, 454, 333, 454, 555, 565, 565, 443, 121, 221, 232, 343, 343,
343, 121, 332, 333, 232, 232, 121, 221, 443, 343, 454, 454, 121, 332, 343, 232,
232, 221, 121, 343, 343, 454, 454, 343, 565, 565, 565, 565, 121, 121, 232, 343,
343, 343, 232, 443, 454, 444, 665, 454, 343, 665, 787, 665, 676, 343, 222, 343,
232, 232, 232, 121, 333, 343, 343, 554, 232, 554, 555, 565, 665, 232, 121, 222,
332, 343, 343, 332, 343, 454, 454, 554, 676, 332, 554, 676, 776, 665, 565, 121,
343, 332, 232, 232, 121, 232, 443, 343, 454, 333, 454, 555, 565, 565, 443, 121,
221, 232, 343, 343, 343, 121, 332, 333, 232, 232, 121, 221, 443, 343, 454, 454,
121, 232, 232, 343, 343, 232, 222, 343, 444, 454, 454, 343, 554, 565, 676, 565,
121, 121, 121, 221, 221, 121, 222, 443, 454, 454, 554, 444, 343, 454, 565, 454,
565, 343, 232, 232, 343, 343, 332, 232, 333, 454, 454, 565, 332, 454, 554, 676,
676, 232, 121, 121, 221, 221, 221, 121, 343, 454, 454, 454, 554, 232, 454, 565,
554, 454, 454, 221, 232, 343, 343, 332, 232, 232, 454, 443, 565, 343, 343, 454,
675, 676, 454, 121, 121, 221, 221, 221, 121, 221, 232, 332, 343, 332, 232, 222,
343, 454, 565, 454, 121, 232, 232, 343, 343, 232, 222, 343, 444, 454, 454, 343,
554, 565, 676, 565, 121, 121, 121, 221, 221, 121, 222, 443, 454, 454, 554, 444,
343, 454, 565, 454, 565, 343, 232, 232, 343, 343, 332, 232, 333, 454, 454, 565,
332, 454, 554, 676, 676, 232, 121, 121, 221, 221, 221, 121, 343, 454, 454, 454,
554, 232, 454, 565, 554, 454, 454, 221, 232, 343, 343, 332, 232, 232, 454, 443,
565, 343, 343, 454, 675, 676, 454, 121, 121, 221, 221, 221, 121, 221, 232, 332,
343, 332, 232, 222, 343, 454, 565, 454, 121, 232, 232, 343, 343, 232, 222, 343,
444, 454, 454, 343, 554, 565, 676, 565, 121, 121, 121, 221, 221, 121, 222, 443,
454, 454, 554, 444, 343, 454, 565, 454, 565, 343, 232, 232, 343, 343, 332, 232,
333, 454, 454, 565, 332, 454, 554, 676, 676, 232, 121, 121, 221, 221, 221, 121,
343, 454, 454, 454, 554, 232, 454, 565, 554, 454, 454, 221, 232, 343, 343, 332,
232, 232, 454, 443, 565, 343, 343, 454, 675, 676, 454, 121, 121, 221, 221, 221,
121, 221, 232, 332, 343, 332, 232, 222, 343, 454, 565, 454, 121, 232, 232, 343,
343, 232, 222, 343, 444, 454, 454, 343, 554, 565, 676, 565, 121, 121, 121, 221,
221, 121, 222, 443, 454, 454, 554, 444, 343, 454, 565, 454, 565, 343, 232, 232,
343, 343, 332, 232, 333, 454, 454, 565, 332, 454, 554, 676, 676, 232, 121, 121,
221, 221, 221, 121, 343, 454, 454, 454, 554, 232, 454, 565, 554, 454, 454, 221,
232, 343, 343, 332, 232, 232, 454, 443, 565, 343, 343, 454, 675, 676, 454, 121,
121, 221, 221, 221, 121, 221, 232, 332, 343, 332, 232, 222, 343, 454, 565, 454,
121, 222, 332, 232, 343, 332, 222, 343, 454, 454, 454, 232, 332, 454, 454, 454,
232, 454, 554, 565, 454, 555, 332, 343, 454, 454, 454, 343, 343, 454, 454, 444,
554, 343, 221, 232, 332, 332, 343, 222, 333, 454, 454, 554, 332, 232, 343, 454,
554, 332, 343, 554, 564, 454, 554, 343, 343, 454, 454, 454, 454, 332, 454, 454,
454, 454, 454, 121, 232, 333, 232, 343, 232, 232, 454, 454, 554, 343, 222, 332,
454, 454, 343, 332, 454, 554, 565, 454, 454, 121, 232, 332, 232, 343, 332, 221,
443, 454, 554, 444, 121, 222, 332, 232, 343, 332, 222, 343, 454, 454, 454, 232,
332, 454, 454, 454, 232, 454, 554, 565, 454, 555, 332, 343, 454, 454, 454, 343,
343, 454, 454, 444, 554, 343, 221, 232, 332, 332, 343, 222, 333, 454, 454, 554,
332, 232, 343, 454, 554, 332, 343, 554, 564, 454, 554, 343, 343, 454, 454, 454,
454, 332, 454, 454, 454, 454, 454, 121, 232, 333, 232, 343, 232, 232, 454, 454,
554, 343, 222, 332, 454, 454, 343, 332, 454, 554, 565, 454, 454, 121, 232, 332,
232, 343, 332, 221, 443, 454, 554, 444, 121, 222, 332, 232, 343, 332, 222, 343,
454, 454, 454, 232, 332, 454, 454, 454, 232, 454, 554, 565, 454, 555, 332, 343,
454, 454, 454, 343, 343, 454, 454, 444, 554, 343, 221, 232, 332, 332, 343, 222,
333, 454, 454, 554, 332, 232, 343, 454, 554, 332, 343, 554, 564, 454, 554, 343,
343, 454, 454, 454, 454, 332, 454, 454, 454, 454, 454, 121, 232, 333, 232, 343,
232, 232, 454, 454, 554, 343, 222, 332, 454, 454, 343, 332, 454, 554, 565, 454,
454, 121, 232, 332, 232, 343, 332, 221, 443, 454, 554, 444, 121, 222, 332, 232,
343, 332, 222, 343, 454, 454, 454, 232, 332, 454, 454, 454, 232, 454, 554, 565,
454, 555, 332, 343, 454, 454, 454, 343, 343, 454, 454, 444, 554, 343, 221, 232,
332, 332, 343, 222, 333, 454, 454, 554, 332, 232, 343, 454, 554, 332, 343, 554,
564, 454, 554, 343, 343, 454, 454, 454, 454, 332, 454, 454, 454, 454, 454, 121,
232, 333, 232, 343, 232, 232, 454, 454, 554, 343, 222, 332, 454, 454, 343, 332,
454, 554, 565, 454, 454, 121, 232, 332, 232, 343, 332, 221, 443, 454, 554, 444,
121, 221, 232, 121, 232, 232, 121, 333, 454, 554, 454, 232, 332, 444, 454, 554,
332, 665, 676, 565, 675, 787, 332, 343, 454, 454, 565, 454, 232, 454, 454, 444,
565, 343, 121, 232, 221, 222, 232, 121, 232, 444, 454, 555, 232, 332, 443, 444,
555, 343, 454, 676, 675, 565, 787, 454, 232, 454, 454, 454, 565, 232, 444, 454,
454, 454, 565, 121, 222, 222, 121, 332, 221, 221, 343, 454, 565, 332, 222, 343,
454, 454, 454, 343, 676, 676, 565, 676, 676, 121, 221, 232, 121, 232, 232, 221,
343, 454, 565, 443, 121, 221, 232, 121, 232, 232, 121, 333, 454, 554, 454, 232,
332, 444, 454, 554, 332, 665, 676, 565, 675, 787, 332, 343, 454, 454, 565, 454,
232, 454, 454, 444, 565, 343, 121, 232, 221, 222, 232, 121, 232, 444, 454, 555,
232, 332, 443, 444, 555, 343, 454, 676, 675, 565, 787, 454, 232, 454, 454, 454,
565, 232, 444, 454, 454, 454, 565, 121, 222, 222, 121, 332, 221, 221, 343, 454,
565, 332, 222, 343, 454, 454, 454, 343, 676, 676, 565, 676, 676, 121, 221, 232,
121, 232, 232, 221, 343, 454, 565, 443, 121, 221, 232, 121, 232, 232, 121, 333,
454, 554, 454, 232, 332, 444, 454, 554, 332, 665, 676, 565, 675, 787, 332, 343,
454, 454, 565, 454, 232, 454, 454, 444, 565, 343, 121, 232, 221, 222, 232, 121,
232, 444, 454, 555, 232, 332, 443, 444, 555, 343, 454, 676, 675, 565, 787, 454,
232, 454, 454, 454, 565, 232, 444, 454, 454, 454, 565, 121, 222, 222, 121, 332,
221, 221, 343, 454, 565, 332, 222, 343, 454, 454, 454, 343, 676, 676, 565, 676,
676, 121, 221, 232, 121, 232, 232, 221, 343, 454, 565, 443, 121, 221, 232, 121,
232, 232, 121, 333, 454, 554, 454, 232, 332, 444, 454, 554, 332, 665, 676, 565,
675, 787, 332, 343, 454, 454, 565, 454, 232, 454, 454, 444, 565, 343, 121, 232,
221, 222, 232, 121, 232, 444, 454, 555, 232, 332, 443, 444, 555, 343, 454, 676,
675, 565, 787, 454, 232, 454, 454, 454, 565, 232, 444, 454, 454, 454, 565, 121,
222, 222, 121, 332, 221, 221, 343, 454, 565, 332, 222, 343, 454, 454, 454, 343,
676, 676, 565, 676, 676, 121, 221, 232, 121, 232, 232, 221, 343, 454, 565, 443,
121, 121, 121, 121, 121, 121, 121, 343, 454, 565, 454, 232, 443, 454, 454, 565,
332, 454, 565, 454, 454, 565, 232, 232, 454, 444, 675, 554, 222, 454, 454, 454,
676, 343, 111, 121, 121, 121, 121, 121, 232, 444, 454, 565, 222, 343, 454, 454,
565, 343, 443, 565, 554, 454, 565, 443, 221, 444, 454, 554, 676, 222, 454, 454,
444, 565, 565, 121, 121, 121, 121, 121, 121, 221, 343, 454, 565, 332, 332, 444,
454, 565, 454, 333, 555, 565, 454, 565, 564, 121, 121, 121, 121, 121, 121, 222,
343, 454, 565, 443, 121, 121, 121, 121, 121, 121, 121, 343, 454, 565, 454, 232,
443, 454, 454, 565, 332, 454, 565, 454, 454, 565, 232, 232, 454, 444, 675, 554,
222, 454, 454, 454, 676, 343, 111, 121, 121, 121, 121, 121, 232, 444, 454, 565,
222, 343, 454, 454, 565, 343, 443, 565, 554, 454, 565, 443, 221, 444, 454, 554,
676, 222, 454, 454, 444, 565, 565, 121, 121, 121, 121, 121, 121, 221, 343, 454,
565, 332, 332, 444, 454, 565, 454, 333, 555, 565, 454, 565, 564, 121, 121, 121,
121, 121, 121, 222, 343, 454, 565, 443, 121, 121, 121, 121, 121, 121, 121, 343,
454, 565, 454, 232, 443, 454, 454, 565, 332, 454, 565, 454, 454, 565, 232, 232,
454, 444, 675, 554, 222, 454, 454, 454, 676, 343, 111, 121, 121, 121, 121, 121,
232, 444, 454, 565, 222, 343, 454, 454, 565, 343, 443, 565, 554, 454, 565, 443,
221, 444, 454, 554, 676, 222, 454, 454, 444, 565, 565, 121, 121, 121, 121, 121,
121, 221, 343, 454, 565, 332, 332, 444, 454, 565, 454, 333, 555, 565, 454, 565,
564, 121, 121, 121, 121, 121, 121, 222, 343, 454, 565, 443, 121, 121, 121, 121,
121, 121, 121, 343, 454, 565, 454, 232, 443, 454, 454, 565, 332, 454, 565, 454,
454, 565, 232, 232, 454, 444, 675, 554, 222, 454, 454, 454, 676, 343, 111, 121,
121, 121, 121, 121, 232, 444, 454, 565, 222, 343, 454, 454, 565, 343, 443, 565,
554, 454, 565, 443, 221, 444, 454, 554, 676, 222, 454, 454, 444, 565, 565, 121,
121, 121, 121, 121, 121, 221, 343, 454, 565, 332, 332, 444, 454, 565, 454, 333,
555, 565, 454, 565, 564, 121, 121, 121, 121, 121, 121, 222, 343, 454, 565, 443,
221, 343, 443, 443, 444, 444, 232, 343, 454, 565, 454, 232, 454, 454, 454, 665,
232, 454, 454, 454, 454, 565, 332, 332, 454, 444, 565, 554, 222, 343, 454, 454,
565, 343, 332, 343, 443, 454, 443, 343, 232, 454, 454, 565, 232, 443, 454, 454,
676, 343, 343, 454, 454, 454, 554, 454, 222, 454, 454, 454, 665, 221, 343, 454,
454, 565, 454, 232, 343, 443, 444, 443, 443, 232, 343, 454, 565, 333, 343, 454,
444, 565, 454, 343, 454, 454, 454, 454, 565, 232, 343, 443, 443, 443, 454, 232,
443, 454, 565, 443, 221, 343, 443, 443, 444, 444, 232, 343, 454, 565, 454, 232,
454, 454, 454, 665, 232, 454, 454, 454, 454, 565, 332, 332, 454, 444, 565, 554,
222, 343, 454, 454, 565, 343, 332, 343, 443, 454, 443, 343, 232, 454, 454, 565,
232, 443, 454, 454, 676, 343, 343, 454, 454, 454, 554, 454, 222, 454, 454, 454,
665, 221, 343, 454, 454, 565, 454, 232, 343, 443, 444, 443, 443, 232, 343, 454,
565, 333, 343, 454, 444, 565, 454, 343, 454, 454, 454, 454, 565, 232, 343, 443,
443, 443, 454, 232, 443, 454, 565, 443, 221, 343, 443, 443, 444, 444, 232, 343,
454, 565, 454, 232, 454, 454, 454, 665, 232, 454, 454, 454, 454, 565, 332, 332,
454, 444, 565, 554, 222, 343, 454, 454, 565, 343, 332, 343, 443, 454, 443, 343,
232, 454, 454, 565, 232, 443, 454, 454, 676, 343, 343, 454, 454, 454, 554, 454,
222, 454, 454, 454, 665, 221, 343, 454, 454, 565, 454, 232, 343, 443, 444, 443,
443, 232, 343, 454, 565, 333, 343, 454, 444, 565, 454, 343, 454, 454, 454, 454,
565, 232, 343, 443, 443, 443, 454, 232, 443, 454, 565, 443, 221, 343, 443, 443,
444, 444, 232, 343, 454, 565, 454, 232, 454, 454, 454, 665, 232, 454, 454, 454,
454, 565, 332, 332, 454, 444, 565, 554, 222, 343, 454, 454, 565, 343, 332, 343,
443, 454, 443, 343, 232, 454, 454, 565, 232, 443, 454, 454, 676, 343, 343, 454,
454, 454, 554, 454, 222, 454, 454, 454, 665, 221, 343, 454, 454, 565, 454, 232,
343, 443, 444, 443, 443, 232, 343, 454, 565, 333, 343, 454, 444, 565, 454, 343,
454, 454, 454, 454, 565, 232, 343, 443, 443, 443, 454, 232, 443, 454, 565, 443,
232, 565, 676, 676, 676, 676, 343, 232, 454, 565, 454, 343, 454, 454, 565, 565,
232, 443, 454, 454, 454, 665, 333, 232, 454, 454, 554, 554, 121, 343, 454, 454,
454, 343, 454, 665, 676, 676, 676, 565, 121, 343, 554, 565, 343, 454, 454, 454,
675, 332, 343, 454, 454, 444, 565, 454, 121, 343, 454, 454, 565, 221, 232, 454,
454, 454, 454, 343, 565, 676, 676, 676, 676, 222, 343, 454, 565, 343, 454, 454,
454, 565, 444, 232, 454, 454, 454, 454, 665, 332, 565, 676, 676, 676, 676, 343,
332, 454, 565, 443, 232, 565, 676, 676, 676, 676, 343, 232, 454, 565, 454, 343,
454, 454, 565, 565, 232, 443, 454, 454, 454, 665, 333, 232, 454, 454, 554, 554,
121, 343, 454, 454, 454, 343, 454, 665, 676, 676, 676, 565, 121, 343, 554, 565,
343, 454, 454, 454, 675, 332, 343, 454, 454, 444, 565, 454, 121, 343, 454, 454,
565, 221, 232, 454, 454, 454, 454, 343, 565, 676, 676, 676, 676, 222, 343, 454,
565, 343, 454, 454, 454, 565, 444, 232, 454, 454, 454, 454, 665, 332, 565, 676,
676, 676, 676, 343, 332, 454, 565, 443, 232, 565, 676, 676, 676, 676, 343, 232,
454, 565, 454, 343, 454, 454, 565, 565, 232, 443, 454, 454, 454, 665, 333, 232,
454, 454, 554, 554, 121, 343, 454, 454, 454, 343, 454, 665, 676, 676, 676, 565,
121, 343, 554, 565, 343, 454, 454, 454, 675, 332, 343, 454, 454, 444, 565, 454,
121, 343, 454, 454, 565, 221, 232, 454, 454, 454, 454, 343, 565, 676, 676, 676,
676, 222, 343, 454, 565, 343, 454, 454, 454, 565, 444, 232, 454, 454, 454, 454,
665, 332, 565, 676, 676, 676, 676, 343, 332, 454, 565, 443, 232, 565, 676, 676,
676, 676, 343, 232, 454, 565, 454, 343, 454, 454, 565, 565, 232, 443, 454, 454,
454, 665, 333, 232, 454, 454, 554, 554, 121, 343, 454, 454, 454, 343, 454, 665,
676, 676, 676, 565, 121, 343, 554, 565, 343, 454, 454, 454, 675, 332, 343, 454,
454, 444, 565, 454, 121, 343, 454, 454, 565, 221, 232, 454, 454, 454, 454, 343,
565, 676, 676, 676, 676, 222, 343, 454, 565, 343, 454, 454, 454, 565, 444, 232,
454, 454, 454, 454, 665, 332, 565, 676, 676, 676, 676, 343, 332, 454, 565, 443,
232, 333, 454, 565, 444, 565, 343, 332, 454, 565, 454, 343, 454, 454, 554, 454,
221, 343, 454, 454, 444, 565, 333, 221, 343, 454, 565, 454, 121, 343, 454, 454,
454, 343, 232, 443, 565, 454, 454, 454, 222, 443, 555, 554, 333, 454, 454, 454,
565, 232, 232, 454, 454, 454, 454, 454, 121, 332, 454, 454, 665, 222, 332, 454,
454, 454, 454, 232, 343, 565, 454, 444, 565, 232, 343, 454, 554, 343, 443, 454,
454, 565, 343, 222, 454, 454, 454, 444, 565, 232, 343, 454, 554, 443, 565, 343,
343, 454, 565, 343, 232, 333, 454, 565, 444, 565, 343, 332, 454, 565, 454, 343,
454, 454, 554, 454, 221, 343, 454, 454, 444, 565, 333, 221, 343, 454, 565, 454,
121, 343, 454, 454, 454, 343, 232, 443, 565, 454, 454, 454, 222, 443, 555, 554,
333, 454, 454, 454, 565, 232, 232, 454, 454, 454, 454, 454, 121, 332, 454, 454,
665, 222, 332, 454, 454, 454, 454, 232, 343, 565, 454, 444, 565, 232, 343, 454,
554, 343, 443, 454, 454, 565, 343, 222, 454, 454, 454, 444, 565, 232, 343, 454,
554, 443, 565, 343, 343, 454, 565, 343, 232, 333, 454, 565, 444, 565, 343, 332,
454, 565, 454, 343, 454, 454, 554, 454, 221, 343, 454, 454, 444, 565, 333, 221,
343, 454, 565, 454, 121, 343, 454, 454, 454, 343, 232, 443, 565, 454, 454, 454,
222, 443, 555, 554, 333, 454, 454, 454, 565, 232, 232, 454, 454, 454, 454, 454,
121, 332, 454, 454, 665, 222, 332, 454, 454, 454, 454, 232, 343, 565, 454, 444,
565, 232, 343, 454, 554, 343, 443, 454, 454, 565, 343, 222, 454, 454, 454, 444,
565, 232, 343, 454, 554, 443, 565, 343, 343, 454, 565, 343, 232, 333, 454, 565,
444, 565, 343, 332, 454, 565, 454, 343, 454, 454, 554, 454, 221, 343, 454, 454,
444, 565, 333, 221, 343, 454, 565, 454, 121, 343, 454, 454, 454, 343, 232, 443,
565, 454, 454, 454, 222, 443, 555, 554, 333, 454, 454, 454, 565, 232, 232, 454,
454, 454, 454, 454, 121, 332, 454, 454, 665, 222, 332, 454, 454, 454, 454, 232,
343, 565, 454, 444, 565, 232, 343, 454, 554, 343, 443, 454, 454, 565, 343, 222,
454, 454, 454, 444, 565, 232, 343, 454, 554, 443, 565, 343, 343, 454, 565, 343,
222, 232, 444, 454, 443, 565, 443, 343, 454, 454, 444, 332, 454, 454, 454, 454,
222, 343, 454, 454, 343, 454, 343, 332, 332, 454, 565, 454, 232, 454, 454, 454,
554, 343, 232, 343, 454, 444, 554, 565, 332, 454, 454, 555, 332, 443, 454, 454,
454, 232, 232, 454, 454, 343, 343, 454, 232, 232, 443, 554, 676, 232, 343, 454,
454, 454, 454, 222, 343, 454, 454, 454, 665, 332, 454, 444, 554, 343, 443, 454,
454, 454, 443, 222, 343, 454, 444, 343, 454, 232, 232, 454, 454, 454, 676, 343,
343, 454, 454, 343, 222, 232, 444, 454, 443, 565, 443, 343, 454, 454, 444, 332,
454, 454, 454, 454, 222, 343, 454, 454, 343, 454, 343, 332, 332, 454, 565, 454,
232, 454, 454, 454, 554, 343, 232, 343, 454, 444, 554, 565, 332, 454, 454, 555,
332, 443, 454, 454, 454, 232, 232, 454, 454, 343, 343, 454, 232, 232, 443, 554,
676, 232, 343, 454, 454, 454, 454, 222, 343, 454, 454, 454, 665, 332, 454, 444,
554, 343, 443, 454, 454, 454, 443, 222, 343, 454, 444, 343, 454, 232, 232, 454,
454, 454, 676, 343, 343, 454, 454, 343, 222, 232, 444, 454, 443, 565, 443, 343,
454, 454, 444, 332, 454, 454, 454, 454, 222, 343, 454, 454, 343, 454, 343, 332,
332, 454, 565, 454, 232, 454, 454, 454, 554, 343, 232, 343, 454, 444, 554, 565,
332, 454, 454, 555, 332, 443, 454, 454, 454, 232, 232, 454, 454, 343, 343, 454,
232, 232, 443, 554, 676, 232, 343, 454, 454, 454, 454, 222, 343, 454, 454, 454,
665, 332, 454, 444, 554, 343, 443, 454, 454, 454, 443, 222, 343, 454, 444, 343,
454, 232, 232, 454, 454, 454, 676, 343, 343, 454, 454, 343, 222, 232, 444, 454,
443, 565, 443, 343, 454, 454, 444, 332, 454, 454, 454, 454, 222, 343, 454, 454,
343, 454, 343, 332, 332, 454, 565, 454, 232, 454, 454, 454, 554, 343, 232, 343,
454, 444, 554, 565, 332, 454, 454, 555, 332, 443, 454, 454, 454, 232, 232, 454,
454, 343, 343, 454, 232, 232, 443, 554, 676, 232, 343, 454, 454, 454, 454, 222,
343, 454, 454, 454, 665, 332, 454, 444, 554, 343, 443, 454, 454, 454, 443, 222,
343, 454, 444, 343, 454, 232, 232, 454, 454, 454, 676, 343, 343, 454, 454, 343,
121, 343, 454, 454, 343, 454, 343, 343, 454, 443, 443, 221, 443, 454, 454, 454,
232, 332, 454, 343, 232, 454, 343, 343, 444, 443, 454, 443, 332, 454, 454, 454,
565, 333, 232, 454, 454, 343, 443, 454, 332, 454, 343, 554, 222, 343, 454, 443,
454, 333, 232, 443, 443, 232, 343, 454, 332, 443, 443, 454, 554, 232, 454, 454,
454, 555, 454, 221, 443, 454, 443, 343, 454, 332, 443, 343, 454, 333, 232, 454,
444, 454, 443, 232, 343, 454, 333, 232, 554, 222, 343, 454, 444, 343, 565, 333,
343, 343, 443, 443, 121, 343, 454, 454, 343, 454, 343, 343, 454, 443, 443, 221,
443, 454, 454, 454, 232, 332, 454, 343, 232, 454, 343, 343, 444, 443, 454, 443,
332, 454, 454, 454, 565, 333, 232, 454, 454, 343, 443, 454, 332, 454, 343, 554,
222, 343, 454, 443, 454, 333, 232, 443, 443, 232, 343, 454, 332, 443, 443, 454,
554, 232, 454, 454, 454, 555, 454, 221, 443, 454, 443, 343, 454, 332, 443, 343,
454, 333, 232, 454, 444, 454, 443, 232, 343, 454, 333, 232, 554, 222, 343, 454,
444, 343, 565, 333, 343, 343, 443, 443, 121, 343, 454, 454, 343, 454, 343, 343,
454, 443, 443, 221, 443, 454, 454, 454, 232, 332, 454, 343, 232, 454, 343, 343,
444, 443, 454, 443, 332, 454, 454, 454, 565, 333, 232, 454, 454, 343, 443, 454,
332, 454, 343, 554, 222, 343, 454, 443, 454, 333, 232, 443, 443, 232, 343, 454,
332, 443, 443, 454, 554, 232, 454, 454, 454, 555, 454, 221, 443, 454, 443, 343,
454, 332, 443, 343, 454, 333, 232, 454, 444, 454, 443, 232, 343, 454, 333, 232,
554, 222, 343, 454, 444, 343, 565, 333, 343, 343, 443, 443, 121, 343, 454, 454,
343, 454, 343, 343, 454, 443, 443, 221, 443, 454, 454, 454, 232, 332, 454, 343,
232, 454, 343, 343, 444, 443, 454, 443, 332, 454, 454, 454, 565, 333, 232, 454,
454, 343, 443, 454, 332, 454, 343, 554, 222, 343, 454, 443, 454, 333, 232, 443,
443, 232, 343, 454, 332, 443, 443, 454, 554, 232, 454, 454, 454, 555, 454, 221,
443, 454, 443, 343, 454, 332, 443, 343, 454, 333, 232, 454, 444, 454, 443, 232,
343, 454, 333, 232, 554, 222, 343, 454, 444, 343, 565, 333, 343, 343, 443, 443,
121, 343, 454, 343, 232, 454, 343, 332, 332, 332, 343, 221, 343, 343, 343, 454,
232, 343, 343, 232, 232, 454, 232, 232, 454, 232, 443, 343, 222, 443, 444, 443,
454, 332, 232, 454, 444, 232, 343, 444, 232, 343, 332, 454, 221, 332, 443, 332,
454, 332, 343, 443, 232, 221, 343, 343, 221, 443, 332, 343, 454, 221, 343, 454,
444, 454, 443, 221, 343, 454, 333, 232, 454, 232, 332, 332, 443, 333, 232, 343,
343, 343, 343, 332, 443, 343, 221, 332, 454, 221, 343, 454, 343, 332, 454, 333,
332, 232, 332, 343, 121, 343, 454, 343, 232, 454, 343, 332, 332, 332, 343, 221,
343, 343, 343, 454, 232, 343, 343, 232, 232, 454, 232, 232, 454, 232, 443, 343,
222, 443, 444, 443, 454, 332, 232, 454, 444, 232, 343, 444, 232, 343, 332, 454,
221, 332, 443, 332, 454, 332, 343, 443, 232, 221, 343, 343, 221, 443, 332, 343,
454, 221, 343, 454, 444, 454, 443, 221, 343, 454, 333, 232, 454, 232, 332, 332,
443, 333, 232, 343, 343, 343, 343, 332, 443, 343, 221, 332, 454, 221, 343, 454,
343, 332, 454, 333, 332, 232, 332, 343, 121, 343, 454, 343, 232, 454, 343, 332,
332, 332, 343, 221, 343, 343, 343, 454, 232, 343, 343, 232, 232, 454, 232, 232,
454, 232, 443, 343, 222, 443, 444, 443, 454, 332, 232, 454, 444, 232, 343, 444,
232, 343, 332, 454, 221, 332, 443, 332, 454, 332, 343, 443, 232, 221, 343, 343,
221, 443, 332, 343, 454, 221, 343, 454, 444, 454, 443, 221, 343, 454, 333, 232,
454, 232, 332, 332, 443, 333, 232, 343, 343, 343, 343, 332, 443, 343, 221, 332,
454, 221, 343, 454, 343, 332, 454, 333, 332, 232, 332, 343, 121, 343, 454, 343,
232, 454, 343, 332, 332, 332, 343, 221, 343, 343, 343, 454, 232, 343, 343, 232,
232, 454, 232, 232, 454, 232, 443, 343, 222, 443, 444, 443, 454, 332, 232, 454,
444, 232, 343, 444, 232, 343, 332, 454, 221, 332, 443, 332, 454, 332, 343, 443,
232, 221, 343, 343, 221, 443, 332, 343, 454, 221, 343, 454, 444, 454, 443, 221,
343, 454, 333, 232, 454, 232, 332, 332, 443, 333, 232, 343, 343, 343, 343, 332,
443, 343, 221, 332, 454, 221, 343, 454, 343, 332, 454, 333, 332, 232, 332, 343,
121, 222, 332, 232, 221, 332, 232, 232, 121, 332, 232, 121, 221, 232, 221, 232,
232, 332, 232, 222, 332, 332, 221, 221, 343, 222, 232, 232, 121, 232, 332, 332,
332, 222, 121, 332, 332, 121, 232, 232, 232, 221, 332, 232, 121, 121, 232, 221,
232, 232, 332, 232, 121, 232, 332, 232, 121, 232, 232, 232, 332, 121, 232, 332,
332, 332, 232, 121, 232, 332, 222, 232, 332, 232, 222, 232, 343, 221, 121, 232,
222, 232, 232, 232, 332, 221, 232, 332, 232, 121, 232, 333, 332, 232, 332, 232,
221, 121, 332, 232, 121, 222, 332, 232, 221, 332, 232, 232, 121, 332, 232, 121,
221, 232, 221, 232, 232, 332, 232, 222, 332, 332, 221, 221, 343, 222, 232, 232,
121, 232, 332, 332, 332, 222, 121, 332, 332, 121, 232, 232, 232, 221, 332, 232,
121, 121, 232, 221, 232, 232, 332, 232, 121, 232, 332, 232, 121, 232, 232, 232,
332, 121, 232, 332, 332, 332, 232, 121, 232, 332, 222, 232, 332, 232, 222, 232,
343, 221, 121, 232, 222, 232, 232, 232, 332, 221, 232, 332, 232, 121, 232, 333,
332, 232, 332, 232, 221, 121, 332, 232, 121, 222, 332, 232, 221, 332, 232, 232,
121, 332, 232, 121, 221, 232, 221, 232, 232, 332, 232, 222, 332, 332, 221, 221,
343, 222, 232, 232, 121, 232, 332, 332, 332, 222, 121, 332, 332, 121, 232, 232,
232, 221, 332, 232, 121, 121, 232, 221, 232, 232, 332, 232, 121, 232, 332, 232,
121, 232, 232, 232, 332, 121, 232, 332, 332, 332, 232, 121, 232, 332, 222, 232,
332, 232, 222, 232, 343, 221, 121, 232, 222, 232, 232, 232, 332, 221, 232, 332,
232, 121, 232, 333, 332, 232, 332, 232, 221, 121, 332, 232, 121, 222, 332, 232,
221, 332, 232, 232, 121, 332, 232, 121, 221, 232, 221, 232, 232, 332, 232, 222,
332, 332, 221, 221, 343, 222, 232, 232, 121, 232, 332, 332, 332, 222, 121, 332,
332, 121, 232, 232, 232, 221, 332, 232, 121, 121, 232, 221, 232, 232, 332, 232,
121, 232, 332, 232, 121, 232, 232, 232, 332, 121, 232, 332, 332, 332, 232, 121,
232, 332, 222, 232, 332, 232, 222, 232, 343, 221, 121, 232, 222, 232, 232, 232,
332, 221, 232, 332, 232, 121, 232, 333, 332, 232, 332, 232, 221, 121, 332, 232,
121, 222, 222, 222, 222, 222, 222, 232, 222, 221, 222, 222, 222, 221, 222, 222,
222, 221, 221, 222, 221, 222, 222, 222, 232, 222, 221, 222, 121, 221, 222, 222,
222, 121, 221, 222, 222, 222, 222, 221, 221, 222, 232, 221, 221, 221, 221, 222,
222, 222, 222, 121, 221, 222, 222, 222, 222, 232, 232, 232, 222, 121, 221, 222,
222, 222, 221, 121, 222, 222, 222, 222, 222, 221, 232, 232, 232, 221, 222, 222,
222, 222, 222, 222, 221, 221, 221, 222, 222, 222, 222, 222, 232, 232, 221, 121,
221, 221, 222, 221, 121, 222, 222, 222, 222, 222, 222, 232, 222, 221, 222, 222,
222, 221, 222, 222, 222, 221, 221, 222, 221, 222, 222, 222, 232, 222, 221, 222,
121, 221, 222, 222, 222, 121, 221, 222, 222, 222, 222, 221, 221, 222, 232, 221,
221, 221, 221, 222, 222, 222, 222, 121, 221, 222, 222, 222, 222, 232, 232, 232,
222, 121, 221, 222, 222, 222, 221, 121, 222, 222, 222, 222, 222, 221, 232, 232,
232, 221, 222, 222, 222, 222, 222, 222, 221, 221, 221, 222, 222, 222, 222, 222,
232, 232, 221, 121, 221, 221, 222, 221, 121, 222, 222, 222, 222, 222, 222, 232,
222, 221, 222, 222, 222, 221, 222, 222, 222, 221, 221, 222, 221, 222, 222, 222,
232, 222, 221, 222, 121, 221, 222, 222, 222, 121, 221, 222, 222, 222, 222, 221,
221, 222, 232, 221, 221, 221, 221, 222, 222, 222, 222, 121, 221, 222, 222, 222,
222, 232, 232, 232, 222, 121, 221, 222, 222, 222, 221, 121, 222, 222, 222, 222,
222, 221, 232, 232, 232, 221, 222, 222, 222, 222, 222, 222, 221, 221, 221, 222,
222, 222, 222, 222, 232, 232, 221, 121, 221, 221, 222, 221, 121, 222, 222, 222,
222, 222, 222, 232, 222, 221, 222, 222, 222, 221, 222, 222, 222, 221, 221, 222,
221, 222, 222, 222, 232, 222, 221, 222, 121, 221, 222, 222, 222, 121, 221, 222,
222, 222, 222, 221, 221, 222, 232, 221, 221, 221, 221, 222, 222, 222, 222, 121,
221, 222, 222, 222, 222, 232, 232, 232, 222, 121, 221, 222, 222, 222, 221, 121,
222, 222, 222, 222, 222, 221, 232, 232, 232, 221, 222, 222, 222, 222, 222, 222,
221, 221, 221, 222, 222, 222, 222, 222, 232, 232, 221, 121, 221, 221, 222, 221,
232, 565, 565, 675, 675, 776, 444, 454, 565, 565, 565, 676, 676, 565, 676, 676,
676, 454, 443, 565, 565, 565, 676, 676, 776, 676, 665, 676, 332, 565, 676, 676,
787, 343, 454, 565, 565, 676, 676, 565, 343, 565, 565, 565, 565, 676, 565, 676,
676, 676, 565, 332, 565, 565, 565, 676, 676, 676, 787, 665, 676, 343, 454, 665,
676, 776, 565, 343, 565, 565, 676, 665, 676, 332, 565, 665, 565, 565, 676, 676,
565, 676, 665, 676, 332, 555, 565, 565, 665, 676, 676, 776, 676, 676, 565, 333,
565, 565, 676, 454, 232, 565, 565, 675, 675, 776, 444, 454, 565, 565, 565, 676,
676, 565, 676, 676, 676, 454, 443, 565, 565, 565, 676, 676, 776, 676, 665, 676,
332, 565, 676, 676, 787, 343, 454, 565, 565, 676, 676, 565, 343, 565, 565, 565,
565, 676, 565, 676, 676, 676, 565, 332, 565, 565, 565, 676, 676, 676, 787, 665,
676, 343, 454, 665, 676, 776, 565, 343, 565, 565, 676, 665, 676, 332, 565, 665,
565, 565, 676, 676, 565, 676, 665, 676, 332, 555, 565, 565, 665, 676, 676, 776,
676, 676, 565, 333, 565, 565, 676, 454, 232, 565, 565, 675, 675, 776, 444, 454,
565, 565, 565, 676, 676, 565, 676, 676, 676, 454, 443, 565, 565, 565, 676, 676,
776, 676, 665, 676, 332, 565, 676, 676, 787, 343, 454, 565, 565, 676, 676, 565,
343, 565, 565, 565, 565, 676, 565, 676, 676, 676, 565, 332, 565, 565, 565, 676,
676, 676, 787, 665, 676, 343, 454, 665, 676, 776, 565, 343, 565, 565, 676, 665,
676, 332, 565, 665, 565, 565, 676, 676, 565, 676, 665, 676, 332, 555, 565, 565,
665, 676, 676, 776, 676, 676, 565, 333, 565, 565, 676, 454, 232, 565, 565, 675,
675, 776, 444, 454, 565, 565, 565, 676, 676, 565, 676, 676, 676, 454, 443, 565,
565, 565, 676, 676, 776, 676, 665, 676, 332, 565, 676, 676, 787, 343, 454, 565,
565, 676, 676, 565, 343, 565, 565, 565, 565, 676, 565, 676, 676, 676, 565, 332,
565, 565, 565, 676, 676, 676, 787, 665, 676, 343, 454, 665, 676, 776, 565, 343,
565, 565, 676, 665, 676, 332, 565, 665, 565, 565, 676, 676, 565, 676, 665, 676,
332, 555, 565, 565, 665, 676, 676, 776, 676, 676, 565, 333, 565, 565, 676, 454,
232, 454, 665, 565, 554, 676, 343, 454, 565, 565, 676, 454, 565, 787, 676, 554,
665, 454, 454, 676, 565, 454, 676, 565, 565, 565, 565, 675, 232, 454, 665, 676,
787, 443, 343, 565, 565, 565, 565, 554, 443, 665, 454, 676, 565, 454, 676, 787,
565, 565, 565, 343, 676, 675, 454, 565, 565, 554, 565, 554, 676, 343, 343, 565,
676, 786, 565, 332, 554, 665, 565, 554, 565, 333, 565, 555, 565, 565, 454, 665,
787, 676, 454, 676, 343, 565, 676, 554, 454, 675, 554, 565, 565, 665, 554, 332,
554, 565, 565, 454, 232, 454, 665, 565, 554, 676, 343, 454, 565, 565, 676, 454,
565, 787, 676, 554, 665, 454, 454, 676, 565, 454, 676, 565, 565, 565, 565, 675,
232, 454, 665, 676, 787, 443, 343, 565, 565, 565, 565, 554, 443, 665, 454, 676,
565, 454, 676, 787, 565, 565, 565, 343, 676, 675, 454, 565, 565, 554, 565, 554,
676, 343, 343, 565, 676, 786, 565, 332, 554, 665, 565, 554, 565, 333, 565, 555,
565, 565, 454, 665, 787, 676, 454, 676, 343, 565, 676, 554, 454, 675, 554, 565,
565, 665, 554, 332, 554, 565, 565, 454, 232, 454, 665, 565, 554, 676, 343, 454,
565, 565, 676, 454, 565, 787, 676, 554, 665, 454, 454, 676, 565, 454, 676, 565,
565, 565, 565, 675, 232, 454, 665, 676, 787, 443, 343, 565, 565, 565, 565, 554,
443, 665, 454, 676, 565, 454, 676, 787, 565, 565, 565, 343, 676, 675, 454, 565,
565, 554, 565, 554, 676, 343, 343, 565, 676, 786, 565, 332, 554, 665, 565, 554,
565, 333, 565, 555, 565, 565, 454, 665, 787, 676, 454, 676, 343, 565, 676, 554,
454, 675, 554, 565, 565, 665, 554, 332, 554, 565, 565, 454, 232, 454, 665, 565,
554, 676, 343, 454, 565, 565, 676, 454, 565, 787, 676, 554, 665, 454, 454, 676,
565, 454, 676, 565, 565, 565, 565, 675, 232, 454, 665, 676, 787, 443, 343, 565,
565, 565, 565, 554, 443, 665, 454, 676, 565, 454, 676, 787, 565, 565, 565, 343,
676, 675, 454, 565, 565, 554, 565, 554, 676, 343, 343, 565, 676, 786, 565, 332,
554, 665, 565, 554, 565, 333, 565, 555, 565, 565, 454, 665, 787, 676, 454, 676,
343, 565, 676, 554, 454, 675, 554, 565, 565, 665, 554, 332, 554, 565, 565, 454,
232, 444, 454, 454, 454, 676, 454, 343, 454, 454, 454, 555, 454, 565, 665, 454,
554, 454, 343, 454, 565, 454, 454, 454, 454, 454, 343, 232, 221, 343, 454, 675,
787, 443, 343, 454, 454, 454, 565, 565, 343, 454, 454, 454, 555, 454, 454, 676,
454, 454, 565, 332, 454, 565, 555, 454, 454, 454, 454, 444, 332, 221, 232, 454,
565, 787, 565, 332, 454, 454, 454, 454, 676, 343, 454, 454, 454, 554, 454, 454,
565, 565, 444, 565, 343, 454, 555, 565, 454, 454, 454, 454, 454, 343, 222, 332,
454, 454, 565, 454, 232, 444, 454, 454, 454, 676, 454, 343, 454, 454, 454, 555,
454, 565, 665, 454, 554, 454, 343, 454, 565, 454, 454, 454, 454, 454, 343, 232,
221, 343, 454, 675, 787, 443, 343, 454, 454, 454, 565, 565, 343, 454, 454, 454,
555, 454, 454, 676, 454, 454, 565, 332, 454, 565, 555, 454, 454, 454, 454, 444,
332, 221, 232, 454, 565, 787, 565, 332, 454, 454, 454, 454, 676, 343, 454, 454,
454, 554, 454, 454, 565, 565, 444, 565, 343, 454, 555, 565, 454, 454, 454, 454,
454, 343, 222, 332, 454, 454, 565, 454, 232, 444, 454, 454, 454, 676, 454, 343,
454, 454, 454, 555, 454, 565, 665, 454, 554, 454, 343, 454, 565, 454, 454, 454,
454, 454, 343, 232, 221, 343, 454, 675, 787, 443, 343, 454, 454, 454, 565, 565,
343, 454, 454, 454, 555, 454, 454, 676, 454, 454, 565, 332, 454, 565, 555, 454,
454, 454, 454, 444, 332, 221, 232, 454, 565, 787, 565, 332, 454, 454, 454, 454,
676, 343, 454, 454, 454, 554, 454, 454, 565, 565, 444, 565, 343, 454, 555, 565,
454, 454, 454, 454, 454, 343, 222, 332, 454, 454, 565, 454, 232, 444, 454, 454,
454, 676, 454, 343, 454, 454, 454, 555, 454, 565, 665, 454, 554, 454, 343, 454,
565, 454, 454, 454, 454, 454, 343, 232, 221, 343, 454, 675, 787, 443, 343, 454,
454, 454, 565, 565, 343, 454, 454, 454, 555, 454, 454, 676, 454, 454, 565, 332,
454, 565, 555, 454, 454, 454, 454, 444, 332, 221, 232, 454, 565, 787, 565, 332,
454, 454, 454, 454, 676, 343, 454, 454, 454, 554, 454, 454, 565, 565, 444, 565,
343, 454, 555, 565, 454, 454, 454, 454, 454, 343, 222, 332, 454, 454, 565, 454,
221, 443, 454, 454, 454, 665, 343, 343, 454, 454, 454, 454, 454, 454, 454, 454,
454, 454, 343, 454, 454, 454, 454, 454, 343, 333, 332, 121, 121, 232, 444, 454,
675, 343, 333, 454, 454, 444, 565, 565, 232, 443, 454, 454, 454, 454, 454, 454,
454, 454, 565, 332, 454, 454, 454, 454, 454, 454, 332, 343, 121, 121, 221, 343,
454, 565, 454, 232, 454, 454, 454, 454, 665, 343, 443, 454, 454, 454, 454, 454,
454, 454, 444, 565, 343, 343, 454, 454, 454, 454, 454, 343, 343, 222, 121, 232,
454, 444, 565, 454, 221, 443, 454, 454, 454, 665, 343, 343, 454, 454, 454, 454,
454, 454, 454, 454, 454, 454, 343, 454, 454, 454, 454, 454, 343, 333, 332, 121,
121, 232, 444, 454, 675, 343, 333, 454, 454, 444, 565, 565, 232, 443, 454, 454,
454, 454, 454, 454, 454, 454, 565, 332, 454, 454, 454, 454, 454, 454, 332, 343,
121, 121, 221, 343, 454, 565, 454, 232, 454, 454, 454, 454, 665, 343, 443, 454,
454, 454, 454, 454, 454, 454, 444, 565, 343, 343, 454, 454, 454, 454, 454, 343,
343, 222, 121, 232, 454, 444, 565, 454, 221, 443, 454, 454, 454, 665, 343, 343,
454, 454, 454, 454, 454, 454, 454, 454, 454, 454, 343, 454, 454, 454, 454, 454,
343, 333, 332, 121, 121, 232, 444, 454, 675, 343, 333, 454, 454, 444, 565, 565,
232, 443, 454, 454, 454, 454, 454, 454, 454, 454, 565, 332, 454, 454, 454, 454,
454, 454, 332, 343, 121, 121, 221, 343, 454, 565, 454, 232, 454, 454, 454, 454,
665, 343, 443, 454, 454, 454, 454, 454, 454, 454, 444, 565, 343, 343, 454, 454,
454, 454, 454, 343, 343, 222, 121, 232, 454, 444, 565, 454, 221, 443, 454, 454,
454, 665, 343, 343, 454, 454, 454, 454, 454, 454, 454, 454, 454, 454, 343, 454,
454, 454, 454, 454, 343, 333, 332, 121, 121, 232, 444, 454, 675, 343, 333, 454,
454, 444, 565, 565, 232, 443, 454, 454, 454, 454, 454, 454, 454, 454, 565, 332,
454, 454, 454, 454, 454, 454, 332, 343, 121, 121, 221, 343, 454, 565, 454, 232,
454, 454, 454, 454, 665, 343, 443, 454, 454, 454, 454, 454, 454, 454, 444, 565,
343, 343, 454, 454, 454, 454, 454, 343, 343, 222, 121, 232, 454, 444, 565, 454,
121, 343, 454, 454, 454, 565, 343, 221, 343, 454, 454, 454, 454, 454, 454, 454,
454, 443, 343, 443, 454, 454, 454, 454, 454, 232, 221, 232, 121, 332, 454, 444,
554, 333, 232, 454, 454, 454, 554, 554, 221, 343, 454, 454, 454, 454, 454, 454,
454, 454, 454, 332, 443, 454, 454, 454, 454, 454, 343, 221, 232, 222, 232, 444,
454, 454, 454, 221, 444, 454, 454, 454, 565, 232, 232, 454, 454, 454, 454, 454,
454, 454, 454, 554, 333, 343, 444, 454, 454, 454, 454, 444, 222, 222, 232, 221,
444, 454, 454, 443, 121, 343, 454, 454, 454, 565, 343, 221, 343, 454, 454, 454,
454, 454, 454, 454, 454, 443, 343, 443, 454, 454, 454, 454, 454, 232, 221, 232,
121, 332, 454, 444, 554, 333, 232, 454, 454, 454, 554, 554, 221, 343, 454, 454,
454, 454, 454, 454, 454, 454, 454, 332, 443, 454, 454, 454, 454, 454, 343, 221,
232, 222, 232, 444, 454, 454, 454, 221, 444, 454, 454, 454, 565, 232, 232, 454,
454, 454, 454, 454, 454, 454, 454, 554, 333, 343, 444, 454, 454, 454, 454, 444,
222, 222, 232, 221, 444, 454, 454, 443, 121, 343, 454, 454, 454, 565, 343, 221,
343, 454, 454, 454, 454, 454, 454, 454, 454, 443, 343, 443, 454, 454, 454, 454,
454, 232, 221, 232, 121, 332, 454, 444, 554, 333, 232, 454, 454, 454, 554, 554,
221, 343, 454, 454, 454, 454, 454, 454, 454, 454, 454, 332, 443, 454, 454, 454,
454, 454, 343, 221, 232, 222, 232, 444, 454, 454, 454, 221, 444, 454, 454, 454,
565, 232, 232, 454, 454, 454, 454, 454, 454, 454, 454, 554, 333, 343, 444, 454,
454, 454, 454, 444, 222, 222, 232, 221, 444, 454, 454, 443, 121, 343, 454, 454,
454, 565, 343, 221, 343, 454, 454, 454, 454, 454, 454, 454, 454, 443, 343, 443,
454, 454, 454, 454, 454, 232, 221, 232, 121, 332, 454, 444, 554, 333, 232, 454,
454, 454, 554, 554, 221, 343, 454, 454, 454, 454, 454, 454, 454, 454, 454, 332,
443, 454, 454, 454, 454, 454, 343, 221, 232, 222, 232, 444, 454, 454, 454, 221,
444, 454, 454, 454, 565, 232, 232, 454, 454, 454, 454, 454, 454, 454, 454, 554,
333, 343, 444, 454, 454, 454, 454, 444, 222, 222, 232, 221, 444, 454, 454, 443,
121, 232, 454, 454, 454, 454, 343, 121, 232, 454, 454, 454, 454, 454, 454, 454,
565, 343, 232, 332, 454, 454, 343, 343, 333, 222, 232, 332, 121, 343, 454, 454,
554, 343, 221, 443, 454, 454, 454, 454, 121, 221, 343, 454, 454, 454, 454, 454,
454, 454, 554, 222, 232, 343, 454, 443, 343, 333, 232, 232, 343, 221, 232, 454,
454, 454, 454, 121, 343, 454, 454, 454, 565, 232, 121, 333, 454, 454, 454, 454,
454, 454, 454, 565, 232, 232, 343, 454, 454, 444, 343, 332, 222, 333, 232, 121,
343, 454, 454, 443, 121, 232, 454, 454, 454, 454, 343, 121, 232, 454, 454, 454,
454, 454, 454, 454, 565, 343, 232, 332, 454, 454, 343, 343, 333, 222, 232, 332,
121, 343, 454, 454, 554, 343, 221, 443, 454, 454, 454, 454, 121, 221, 343, 454,
454, 454, 454, 454, 454, 454, 554, 222, 232, 343, 454, 443, 343, 333, 232, 232,
343, 221, 232, 454, 454, 454, 454, 121, 343, 454, 454, 454, 565, 232, 121, 333,
454, 454, 454, 454, 454, 454, 454, 565, 232, 232, 343, 454, 454, 444, 343, 332,
222, 333, 232, 121, 343, 454, 454, 443, 121, 232, 454, 454, 454, 454, 343, 121,
232, 454, 454, 454, 454, 454, 454, 454, 565, 343, 232, 332, 454, 454, 343, 343,
333, 222, 232, 332, 121, 343, 454, 454, 554, 343, 221, 443, 454, 454, 454, 454,
121, 221, 343, 454, 454, 454, 454, 454, 454, 454, 554, 222, 232, 343, 454, 443,
343, 333, 232, 232, 343, 221, 232, 454, 454, 454, 454, 121, 343, 454, 454, 454,
565, 232, 121, 333, 454, 454, 454, 454, 454, 454, 454, 565, 232, 232, 343, 454,
454, 444, 343, 332, 222, 333, 232, 121, 343, 454, 454, 443, 121, 232, 454, 454,
454, 454, 343, 121, 232, 454, 454, 454, 454, 454, 454, 454, 565, 343, 232, 332,
454, 454, 343, 343, 333, 222, 232, 332, 121, 343, 454, 454, 554, 343, 221, 443,
454, 454, 454, 454, 121, 221, 343, 454, 454, 454, 454, 454, 454, 454, 554, 222,
232, 343, 454, 443, 343, 333, 232, 232, 343, 221, 232, 454, 454, 454, 454, 121,
343, 454, 454, 454, 565, 232, 121, 333, 454, 454, 454, 454, 454, 454, 454, 565,
232, 232, 343, 454, 454, 444, 343, 332, 222, 333, 232, 121, 343, 454, 454, 443,
121, 232, 443, 454, 454, 343, 222, 121, 121, 343, 454, 454, 454, 454, 454, 444,
565, 444, 121, 232, 343, 343, 232, 221, 221, 121, 232, 222, 221, 343, 454, 454,
565, 343, 121, 343, 454, 454, 454, 232, 121, 121, 232, 454, 454, 454, 454, 454,
454, 454, 565, 121, 232, 343, 343, 332, 222, 221, 121, 232, 232, 121, 343, 454,
454, 554, 454, 121, 332, 444, 454, 454, 343, 221, 121, 221, 444, 454, 454, 454,
454, 454, 454, 676, 232, 221, 333, 343, 343, 232, 221, 121, 221, 332, 221, 121,
232, 454, 443, 232, 121, 232, 443, 454, 454, 343, 222, 121, 121, 343, 454, 454,
454, 454, 454, 444, 565, 444, 121, 232, 343, 343, 232, 221, 221, 121, 232, 222,
221, 343, 454, 454, 565, 343, 121, 343, 454, 454, 454, 232, 121, 121, 232, 454,
454, 454, 454, 454, 454, 454, 565, 121, 232, 343, 343, 332, 222, 221, 121, 232,
232, 121, 343, 454, 454, 554, 454, 121, 332, 444, 454, 454, 343, 221, 121, 221,
444, 454, 454, 454, 454, 454, 454, 676, 232, 221, 333, 343, 343, 232, 221, 121,
221, 332, 221, 121, 232, 454, 443, 232, 121, 232, 443, 454, 454, 343, 222, 121,
121, 343, 454, 454, 454, 454, 454, 444, 565, 444, 121, 232, 343, 343, 232, 221,
221, 121, 232, 222, 221, 343, 454, 454, 565, 343, 121, 343, 454, 454, 454, 232,
121, 121, 232, 454, 454, 454, 454, 454, 454, 454, 565, 121, 232, 343, 343, 332,
222, 221, 121, 232, 232, 121, 343, 454, 454, 554, 454, 121, 332, 444, 454, 454,
343, 221, 121, 221, 444, 454, 454, 454, 454, 454, 454, 676, 232, 221, 333, 343,
343, 232, 221, 121, 221, 332, 221, 121, 232, 454, 443, 232, 121, 232, 443, 454,
454, 343, 222, 121, 121, 343, 454, 454, 454, 454, 454, 444, 565, 444, 121, 232,
343, 343, 232, 221, 221, 121, 232, 222, 221, 343, 454, 454, 565, 343, 121, 343,
454, 454, 454, 232, 121, 121, 232, 454, 454, 454, 454, 454, 454, 454, 565, 121,
232, 343, 343, 332, 222, 221, 121, 232, 232, 121, 343, 454, 454, 554, 454, 121,
332, 444, 454, 454, 343, 221, 121, 221, 444, 454, 454, 454, 454, 454, 454, 676,
232, 221, 333, 343, 343, 232, 221, 121, 221, 332, 221, 121, 232, 454, 443, 232,
121, 232, 343, 454, 343, 232, 232, 121, 222, 222, 343, 454, 444, 343, 444, 454,
675, 443, 121, 222, 222, 222, 121, 121, 121, 121, 121, 121, 232, 454, 454, 454,
665, 343, 221, 232, 443, 454, 232, 232, 121, 222, 222, 333, 454, 454, 343, 443,
454, 565, 565, 121, 221, 222, 222, 121, 111, 121, 121, 121, 121, 121, 343, 454,
454, 565, 555, 121, 232, 343, 454, 343, 333, 221, 221, 222, 232, 443, 454, 443,
343, 454, 454, 676, 232, 121, 222, 221, 221, 121, 121, 121, 121, 121, 121, 221,
232, 343, 333, 232, 121, 232, 343, 454, 343, 232, 232, 121, 222, 222, 343, 454,
444, 343, 444, 454, 675, 443, 121, 222, 222, 222, 121, 121, 121, 121, 121, 121,
232, 454, 454, 454, 665, 343, 221, 232, 443, 454, 232, 232, 121, 222, 222, 333,
454, 454, 343, 443, 454, 565, 565, 121, 221, 222, 222, 121, 111, 121, 121, 121,
121, 121, 343, 454, 454, 565, 555, 121, 232, 343, 454, 343, 333, 221, 221, 222,
232, 443, 454, 443, 343, 454, 454, 676, 232, 121, 222, 221, 221, 121, 121, 121,
121, 121, 121, 221, 232, 343, 333, 232, 121, 232, 343, 454, 343, 232, 232, 121,
222, 222, 343, 454, 444, 343, 444, 454, 675, 443, 121, 222, 222, 222, 121, 121,
121, 121, 121, 121, 232, 454, 454, 454, 665, 343, 221, 232, 443, 454, 232, 232,
121, 222, 222, 333, 454, 454, 343, 443, 454, 565, 565, 121, 221, 222, 222, 121,
111, 121, 121, 121, 121, 121, 343, 454, 454, 565, 555, 121, 232, 343, 454, 343,
333, 221, 221, 222, 232, 443, 454, 443, 343, 454, 454, 676, 232, 121, 222, 221,
221, 121, 121, 121, 121, 121, 121, 221, 232, 343, 333, 232, 121, 232, 343, 454,
343, 232, 232, 121, 222, 222, 343, 454, 444, 343, 444, 454, 675, 443, 121, 222,
222, 222, 121, 121, 121, 121, 121, 121, 232, 454, 454, 454, 665, 343, 221, 232,
443, 454, 232, 232, 121, 222, 222, 333, 454, 454, 343, 443, 454, 565, 565, 121,
221, 222, 222, 121, 111, 121, 121, 121, 121, 121, 343, 454, 454, 565, 555, 121,
232, 343, 454, 343, 333, 221, 221, 222, 232, 443, 454, 443, 343, 454, 454, 676,
232, 121, 222, 221, 221, 121, 121, 121, 121, 121, 121, 221, 232, 343, 333, 232,
121, 332, 232, 332, 232, 343, 343, 222, 343, 221, 222, 454, 343, 222, 343, 454,
665, 343, 232, 343, 443, 443, 454, 343, 232, 443, 443, 343, 232, 444, 454, 444,
565, 343, 232, 232, 232, 343, 232, 443, 121, 343, 232, 121, 343, 443, 232, 232,
454, 565, 555, 232, 343, 343, 444, 444, 454, 232, 343, 444, 443, 332, 343, 454,
443, 554, 554, 222, 232, 232, 343, 232, 443, 222, 232, 343, 121, 332, 454, 232,
232, 343, 454, 665, 232, 343, 343, 444, 443, 454, 332, 232, 444, 443, 343, 222,
232, 222, 332, 343, 121, 332, 232, 332, 232, 343, 343, 222, 343, 221, 222, 454,
343, 222, 343, 454, 665, 343, 232, 343, 443, 443, 454, 343, 232, 443, 443, 343,
232, 444, 454, 444, 565, 343, 232, 232, 232, 343, 232, 443, 121, 343, 232, 121,
343, 443, 232, 232, 454, 565, 555, 232, 343, 343, 444, 444, 454, 232, 343, 444,
443, 332, 343, 454, 443, 554, 554, 222, 232, 232, 343, 232, 443, 222, 232, 343,
121, 332, 454, 232, 232, 343, 454, 665, 232, 343, 343, 444, 443, 454, 332, 232,
444, 443, 343, 222, 232, 222, 332, 343, 121, 332, 232, 332, 232, 343, 343, 222,
343, 221, 222, 454, 343, 222, 343, 454, 665, 343, 232, 343, 443, 443, 454, 343,
232, 443, 443, 343, 232, 444, 454, 444, 565, 343, 232, 232, 232, 343, 232, 443,
121, 343, 232, 121, 343, 443, 232, 232, 454, 565, 555, 232, 343, 343, 444, 444,
454, 232, 343, 444, 443, 332, 343, 454, 443, 554, 554, 222, 232, 232, 343, 232,
443, 222, 232, 343, 121, 332, 454, 232, 232, 343, 454, 665, 232, 343, 343, 444,
443, 454, 332, 232, 444, 443, 343, 222, 232, 222, 332, 343, 121, 332, 232, 332,
232, 343, 343, 222, 343, 221, 222, 454, 343, 222, 343, 454, 665, 343, 232, 343,
443, 443, 454, 343, 232, 443, 443, 343, 232, 444, 454, 444, 565, 343, 232, 232,
232, 343, 232, 443, 121, 343, 232, 121, 343, 443, 232, 232, 454, 565, 555, 232,
343, 343, 444, 444, 454, 232, 343, 444, 443, 332, 343, 454, 443, 554, 554, 222,
232, 232, 343, 232, 443, 222, 232, 343, 121, 332, 454, 232, 232, 343, 454, 665,
232, 343, 343, 444, 443, 454, 332, 232, 444, 443, 343, 222, 232, 222, 332, 343,
222, 343, 343, 222, 232, 454, 333, 222, 343, 332, 221, 333, 232, 222, 343, 454,
565, 343, 443, 565, 676, 665, 676, 676, 332, 676, 676, 676, 332, 443, 343, 343,
454, 333, 343, 443, 232, 232, 343, 454, 121, 343, 343, 222, 232, 333, 222, 232,
454, 454, 554, 333, 565, 676, 676, 665, 787, 343, 565, 676, 676, 444, 343, 343,
333, 454, 454, 232, 443, 232, 232, 343, 454, 222, 332, 343, 232, 222, 343, 232,
232, 343, 454, 565, 332, 554, 565, 676, 565, 787, 454, 443, 676, 676, 565, 232,
443, 232, 343, 343, 222, 343, 343, 222, 232, 454, 333, 222, 343, 332, 221, 333,
232, 222, 343, 454, 565, 343, 443, 565, 676, 665, 676, 676, 332, 676, 676, 676,
332, 443, 343, 343, 454, 333, 343, 443, 232, 232, 343, 454, 121, 343, 343, 222,
232, 333, 222, 232, 454, 454, 554, 333, 565, 676, 676, 665, 787, 343, 565, 676,
676, 444, 343, 343, 333, 454, 454, 232, 443, 232, 232, 343, 454, 222, 332, 343,
232, 222, 343, 232, 232, 343, 454, 565, 332, 554, 565, 676, 565, 787, 454, 443,
676, 676, 565, 232, 443, 232, 343, 343, 222, 343, 343, 222, 232, 454, 333, 222,
343, 332, 221, 333, 232, 222, 343, 454, 565, 343, 443, 565, 676, 665, 676, 676,
332, 676, 676, 676, 332, 443, 343, 343, 454, 333, 343, 443, 232, 232, 343, 454,
121, 343, 343, 222, 232, 333, 222, 232, 454, 454, 554, 333, 565, 676, 676, 665,
787, 343, 565, 676, 676, 444, 343, 343, 333, 454, 454, 232, 443, 232, 232, 343,
454, 222, 332, 343, 232, 222, 343, 232, 232, 343, 454, 565, 332, 554, 565, 676,
565, 787, 454, 443, 676, 676, 565, 232, 443, 232, 343, 343, 222, 343, 343, 222,
232, 454, 333, 222, 343, 332, 221, 333, 232, 222, 343, 454, 565, 343, 443, 565,
676, 665, 676, 676, 332, 676, 676, 676, 332, 443, 343, 343, 454, 333, 343, 443,
232, 232, 343, 454, 121, 343, 343, 222, 232, 333, 222, 232, 454, 454, 554, 333,
565, 676, 676, 665, 787, 343, 565, 676, 676, 444, 343, 343, 333, 454, 454, 232,
443, 232, 232, 343, 454, 222, 332, 343, 232, 222, 343, 232, 232, 343, 454, 565,
332, 554, 565, 676, 565, 787, 454, 443, 676, 676, 565, 232, 443, 232, 343, 343,
232, 444, 454, 332, 343, 554, 343, 121, 232, 343, 222, 121, 232, 343, 343, 443,
454, 343, 343, 454, 565, 454, 454, 565, 232, 554, 554, 665, 332, 333, 232, 343,
454, 343, 343, 454, 343, 332, 454, 454, 121, 222, 333, 232, 121, 232, 332, 343,
443, 443, 443, 232, 444, 554, 454, 444, 565, 333, 454, 565, 565, 443, 332, 232,
232, 454, 454, 332, 454, 443, 343, 443, 565, 222, 221, 232, 332, 121, 221, 332,
343, 443, 343, 454, 232, 343, 454, 565, 444, 565, 454, 343, 565, 555, 565, 332,
454, 343, 454, 444, 232, 444, 454, 332, 343, 554, 343, 121, 232, 343, 222, 121,
232, 343, 343, 443, 454, 343, 343, 454, 565, 454, 454, 565, 232, 554, 554, 665,
332, 333, 232, 343, 454, 343, 343, 454, 343, 332, 454, 454, 121, 222, 333, 232,
121, 232, 332, 343, 443, 443, 443, 232, 444, 554, 454, 444, 565, 333, 454, 565,
565, 443, 332, 232, 232, 454, 454, 332, 454, 443, 343, 443, 565, 222, 221, 232,
332, 121, 221, 332, 343, 443, 343, 454, 232, 343, 454, 565, 444, 565, 454, 343,
565, 555, 565, 332, 454, 343, 454, 444, 232, 444, 454, 332, 343, 554, 343, 121,
232, 343, 222, 121, 232, 343, 343, 443, 454, 343, 343, 454, 565, 454, 454, 565,
232, 554, 554, 665, 332, 333, 232, 343, 454, 343, 343, 454, 343, 332, 454, 454,
121, 222, 333, 232, 121, 232, 332, 343, 443, 443, 443, 232, 444, 554, 454, 444,
565, 333, 454, 565, 565, 443, 332, 232, 232, 454, 454, 332, 454, 443, 343, 443,
565, 222, 221, 232, 332, 121, 221, 332, 343, 443, 343, 454, 232, 343, 454, 565,
444, 565, 454, 343, 565, 555, 565, 332, 454, 343, 454, 444, 232, 444, 454, 332,
343, 554, 343, 121, 232, 343, 222, 121, 232, 343, 343, 443, 454, 343, 343, 454,
565, 454, 454, 565, 232, 554, 554, 665, 332, 333, 232, 343, 454, 343, 343, 454,
343, 332, 454, 454, 121, 222, 333, 232, 121, 232, 332, 343, 443, 443, 443, 232,
444, 554, 454, 444, 565, 333, 454, 565, 565, 443, 332, 232, 232, 454, 454, 332,
454, 443, 343, 443, 565, 222, 221, 232, 332, 121, 221, 332, 343, 443, 343, 454,
232, 343, 454, 565, 444, 565, 454, 343, 565, 555, 565, 332, 454, 343, 454, 444,
343, 555, 454, 443, 443, 565, 343, 121, 222, 222, 121, 121, 232, 232, 232, 232,
232, 222, 343, 454, 454, 454, 454, 454, 332, 454, 444, 565, 232, 222, 232, 343,
454, 333, 343, 454, 454, 343, 454, 565, 121, 121, 232, 121, 121, 222, 232, 232,
232, 232, 222, 232, 454, 454, 454, 454, 454, 332, 443, 454, 554, 343, 221, 222,
343, 454, 343, 332, 454, 454, 454, 444, 565, 232, 121, 232, 121, 121, 121, 232,
232, 232, 232, 232, 232, 443, 454, 454, 454, 454, 343, 343, 454, 454, 454, 332,
454, 454, 454, 454, 343, 555, 454, 443, 443, 565, 343, 121, 222, 222, 121, 121,
232, 232, 232, 232, 232, 222, 343, 454, 454, 454, 454, 454, 332, 454, 444, 565,
232, 222, 232, 343, 454, 333, 343, 454, 454, 343, 454, 565, 121, 121, 232, 121,
121, 222, 232, 232, 232, 232, 222, 232, 454, 454, 454, 454, 454, 332, 443, 454,
554, 343, 221, 222, 343, 454, 343, 332, 454, 454, 454, 444, 565, 232, 121, 232,
121, 121, 121, 232, 232, 232, 232, 232, 232, 443, 454, 454, 454, 454, 343, 343,
454, 454, 454, 332, 454, 454, 454, 454, 343, 555, 454, 443, 443, 565, 343, 121,
222, 222, 121, 121, 232, 232, 232, 232, 232, 222, 343, 454, 454, 454, 454, 454,
332, 454, 444, 565, 232, 222, 232, 343, 454, 333, 343, 454, 454, 343, 454, 565,
121, 121, 232, 121, 121, 222, 232, 232, 232, 232, 222, 232, 454, 454, 454, 454,
454, 332, 443, 454, 554, 343, 221, 222, 343, 454, 343, 332, 454, 454, 454, 444,
565, 232, 121, 232, 121, 121, 121, 232, 232, 232, 232, 232, 232, 443, 454, 454,
454, 454, 343, 343, 454, 454, 454, 332, 454, 454, 454, 454, 343, 555, 454, 443,
443, 565, 343, 121, 222, 222, 121, 121, 232, 232, 232, 232, 232, 222, 343, 454,
454, 454, 454, 454, 332, 454, 444, 565, 232, 222, 232, 343, 454, 333, 343, 454,
454, 343, 454, 565, 121, 121, 232, 121, 121, 222, 232, 232, 232, 232, 222, 232,
454, 454, 454, 454, 454, 332, 443, 454, 554, 343, 221, 222, 343, 454, 343, 332,
454, 454, 454, 444, 565, 232, 121, 232, 121, 121, 121, 232, 232, 232, 232, 232,
232, 443, 454, 454, 454, 454, 343, 343, 454, 454, 454, 332, 454, 454, 454, 454,
333, 565, 454, 454, 454, 565, 343, 121, 232, 232, 332, 232, 222, 232, 232, 232,
332, 232, 343, 454, 454, 454, 454, 454, 332, 454, 454, 565, 222, 221, 332, 232,
232, 222, 343, 454, 454, 454, 454, 554, 121, 232, 232, 332, 332, 221, 232, 232,
232, 332, 232, 232, 454, 454, 454, 454, 565, 332, 443, 454, 554, 343, 121, 232,
232, 232, 232, 332, 454, 454, 454, 454, 565, 222, 221, 232, 332, 332, 222, 232,
232, 232, 332, 332, 232, 443, 454, 454, 454, 454, 443, 343, 454, 454, 454, 332,
454, 454, 554, 454, 333, 565, 454, 454, 454, 565, 343, 121, 232, 232, 332, 232,
222, 232, 232, 232, 332, 232, 343, 454, 454, 454, 454, 454, 332, 454, 454, 565,
222, 221, 332, 232, 232, 222, 343, 454, 454, 454, 454, 554, 121, 232, 232, 332,
332, 221, 232, 232, 232, 332, 232, 232, 454, 454, 454, 454, 565, 332, 443, 454,
554, 343, 121, 232, 232, 232, 232, 332, 454, 454, 454, 454, 565, 222, 221, 232,
332, 332, 222, 232, 232, 232, 332, 332, 232, 443, 454, 454, 454, 454, 443, 343,
454, 454, 454, 332, 454, 454, 554, 454, 333, 565, 454, 454, 454, 565, 343, 121,
232, 232, 332, 232, 222, 232, 232, 232, 332, 232, 343, 454, 454, 454, 454, 454,
332, 454, 454, 565, 222, 221, 332, 232, 232, 222, 343, 454, 454, 454, 454, 554,
121, 232, 232, 332, 332, 221, 232, 232, 232, 332, 232, 232, 454, 454, 454, 454,
565, 332, 443, 454, 554, 343, 121, 232, 232, 232, 232, 332, 454, 454, 454, 454,
565, 222, 221, 232, 332, 332, 222, 232, 232, 232, 332, 332, 232, 443, 454, 454,
454, 454, 443, 343, 454, 454, 454, 332, 454, 454, 554, 454, 333, 565, 454, 454,
454, 565, 343, 121, 232, 232, 332, 232, 222, 232, 232, 232, 332, 232, 343, 454,
454, 454, 454, 454, 332, 454, 454, 565, 222, 221, 332, 232, 232, 222, 343, 454,
454, 454, 454, 554, 121, 232, 232, 332, 332, 221, 232, 232, 232, 332, 232, 232,
454, 454, 454, 454, 565, 332, 443, 454, 554, 343, 121, 232, 232, 232, 232, 332,
454, 454, 454, 454, 565, 222, 221, 232, 332, 332, 222, 232, 232, 232, 332, 332,
232, 443, 454, 454, 454, 454, 443, 343, 454, 454, 454, 332, 454, 454, 554, 454,
343, 565, 454, 454, 454, 565, 343, 222, 565, 676, 776, 565, 343, 665, 665, 676,
787, 454, 232, 454, 454, 454, 554, 665, 332, 454, 454, 676, 232, 121, 121, 121,
121, 221, 343, 454, 454, 454, 565, 454, 121, 454, 676, 676, 676, 332, 565, 565,
676, 676, 665, 222, 454, 454, 454, 454, 676, 343, 443, 454, 676, 443, 121, 121,
121, 121, 121, 333, 454, 454, 454, 454, 565, 221, 343, 676, 676, 787, 343, 454,
665, 676, 676, 786, 232, 343, 454, 454, 444, 665, 454, 343, 454, 565, 565, 332,
454, 454, 565, 443, 343, 565, 454, 454, 454, 565, 343, 222, 565, 676, 776, 565,
343, 665, 665, 676, 787, 454, 232, 454, 454, 454, 554, 665, 332, 454, 454, 676,
232, 121, 121, 121, 121, 221, 343, 454, 454, 454, 565, 454, 121, 454, 676, 676,
676, 332, 565, 565, 676, 676, 665, 222, 454, 454, 454, 454, 676, 343, 443, 454,
676, 443, 121, 121, 121, 121, 121, 333, 454, 454, 454, 454, 565, 221, 343, 676,
676, 787, 343, 454, 665, 676, 676, 786, 232, 343, 454, 454, 444, 665, 454, 343,
454, 565, 565, 332, 454, 454, 565, 443, 343, 565, 454, 454, 454, 565, 343, 222,
565, 676, 776, 565, 343, 665, 665, 676, 787, 454, 232, 454, 454, 454, 554, 665,
332, 454, 454, 676, 232, 121, 121, 121, 121, 221, 343, 454, 454, 454, 565, 454,
121, 454, 676, 676, 676, 332, 565, 565, 676, 676, 665, 222, 454, 454, 454, 454,
676, 343, 443, 454, 676, 443, 121, 121, 121, 121, 121, 333, 454, 454, 454, 454,
565, 221, 343, 676, 676, 787, 343, 454, 665, 676, 676, 786, 232, 343, 454, 454,
444, 665, 454, 343, 454, 565, 565, 332, 454, 454, 565, 443, 343, 565, 454, 454,
454, 565, 343, 222, 565, 676, 776, 565, 343, 665, 665, 676, 787, 454, 232, 454,
454, 454, 554, 665, 332, 454, 454, 676, 232, 121, 121, 121, 121, 221, 343, 454,
454, 454, 565, 454, 121, 454, 676, 676, 676, 332, 565, 565, 676, 676, 665, 222,
454, 454, 454, 454, 676, 343, 443, 454, 676, 443, 121, 121, 121, 121, 121, 333,
454, 454, 454, 454, 565, 221, 343, 676, 676, 787, 343, 454, 665, 676, 676, 786,
232, 343, 454, 454, 444, 665, 454, 343, 454, 565, 565, 332, 454, 454, 565, 443,
343, 565, 444, 454, 454, 565, 343, 232, 454, 565, 565, 454, 332, 454, 454, 565,
665, 443, 232, 454, 454, 454, 565, 676, 232, 454, 454, 676, 222, 121, 221, 121,
121, 221, 343, 454, 454, 454, 565, 454, 221, 443, 565, 565, 565, 232, 444, 454,
565, 565, 554, 222, 443, 454, 454, 454, 676, 333, 343, 454, 676, 343, 121, 221,
121, 121, 121, 333, 454, 454, 454, 454, 565, 222, 343, 554, 565, 565, 343, 343,
454, 565, 565, 565, 232, 343, 454, 454, 454, 676, 454, 333, 454, 565, 565, 332,
454, 454, 565, 444, 343, 565, 444, 454, 454, 565, 343, 232, 454, 565, 565, 454,
332, 454, 454, 565, 665, 443, 232, 454, 454, 454, 565, 676, 232, 454, 454, 676,
222, 121, 221, 121, 121, 221, 343, 454, 454, 454, 565, 454, 221, 443, 565, 565,
565, 232, 444, 454, 565, 565, 554, 222, 443, 454, 454, 454, 676, 333, 343, 454,
676, 343, 121, 221, 121, 121, 121, 333, 454, 454, 454, 454, 565, 222, 343, 554,
565, 565, 343, 343, 454, 565, 565, 565, 232, 343, 454, 454, 454, 676, 454, 333,
454, 565, 565, 332, 454, 454, 565, 444, 343, 565, 444, 454, 454, 565, 343, 232,
454, 565, 565, 454, 332, 454, 454, 565, 665, 443, 232, 454, 454, 454, 565, 676,
232, 454, 454, 676, 222, 121, 221, 121, 121, 221, 343, 454, 454, 454, 565, 454,
221, 443, 565, 565, 565, 232, 444, 454, 565, 565, 554, 222, 443, 454, 454, 454,
676, 333, 343, 454, 676, 343, 121, 221, 121, 121, 121, 333, 454, 454, 454, 454,
565, 222, 343, 554, 565, 565, 343, 343, 454, 565, 565, 565, 232, 343, 454, 454,
454, 676, 454, 333, 454, 565, 565, 332, 454, 454, 565, 444, 343, 565, 444, 454,
454, 565, 343, 232, 454, 565, 565, 454, 332, 454, 454, 565, 665, 443, 232, 454,
454, 454, 565, 676, 232, 454, 454, 676, 222, 121, 221, 121, 121, 221, 343, 454,
454, 454, 565, 454, 221, 443, 565, 565, 565, 232, 444, 454, 565, 565, 554, 222,
443, 454, 454, 454, 676, 333, 343, 454, 676, 343, 121, 221, 121, 121, 121, 333,
454, 454, 454, 454, 565, 222, 343, 554, 565, 565, 343, 343, 454, 565, 565, 565,
232, 343, 454, 454, 454, 676, 454, 333, 454, 565, 565, 332, 454, 454, 565, 444,
343, 565, 444, 454, 454, 665, 343, 232, 454, 454, 454, 454, 232, 443, 454, 454,
555, 443, 121, 343, 454, 454, 565, 454, 221, 343, 454, 565, 222, 232, 343, 222,
222, 121, 343, 454, 454, 454, 565, 565, 221, 443, 454, 454, 454, 232, 343, 454,
454, 454, 454, 121, 232, 454, 444, 454, 565, 232, 332, 454, 565, 343, 221, 343,
222, 232, 121, 332, 454, 454, 454, 454, 676, 232, 343, 454, 454, 454, 343, 332,
444, 454, 454, 554, 232, 221, 443, 454, 454, 565, 343, 222, 443, 555, 454, 332,
454, 444, 565, 454, 343, 565, 444, 454, 454, 665, 343, 232, 454, 454, 454, 454,
232, 443, 454, 454, 555, 443, 121, 343, 454, 454, 565, 454, 221, 343, 454, 565,
222, 232, 343, 222, 222, 121, 343, 454, 454, 454, 565, 565, 221, 443, 454, 454,
454, 232, 343, 454, 454, 454, 454, 121, 232, 454, 444, 454, 565, 232, 332, 454,
565, 343, 221, 343, 222, 232, 121, 332, 454, 454, 454, 454, 676, 232, 343, 454,
454, 454, 343, 332, 444, 454, 454, 554, 232, 221, 443, 454, 454, 565, 343, 222,
443, 555, 454, 332, 454, 444, 565, 454, 343, 565, 444, 454, 454, 665, 343, 232,
454, 454, 454, 454, 232, 443, 454, 454, 555, 443, 121, 343, 454, 454, 565, 454,
221, 343, 454, 565, 222, 232, 343, 222, 222, 121, 343, 454, 454, 454, 565, 565,
221, 443, 454, 454, 454, 232, 343, 454, 454, 454, 454, 121, 232, 454, 444, 454,
565, 232, 332, 454, 565, 343, 221, 343, 222, 232, 121, 332, 454, 454, 454, 454,
676, 232, 343, 454, 454, 454, 343, 332, 444, 454, 454, 554, 232, 221, 443, 454,
454, 565, 343, 222, 443, 555, 454, 332, 454, 444, 565, 454, 343, 565, 444, 454,
454, 665, 343, 232, 454, 454, 454, 454, 232, 443, 454, 454, 555, 443, 121, 343,
454, 454, 565, 454, 221, 343, 454, 565, 222, 232, 343, 222, 222, 121, 343, 454,
454, 454, 565, 565, 221, 443, 454, 454, 454, 232, 343, 454, 454, 454, 454, 121,
232, 454, 444, 454, 565, 232, 332, 454, 565, 343, 221, 343, 222, 232, 121, 332,
454, 454, 454, 454, 676, 232, 343, 454, 454, 454, 343, 332, 444, 454, 454, 554,
232, 221, 443, 454, 454, 565, 343, 222, 443, 555, 454, 332, 454, 444, 565, 454,
333, 555, 454, 454, 454, 554, 343, 343, 454, 454, 454, 454, 232, 232, 443, 454,
454, 343, 121, 232, 343, 343, 343, 343, 121, 232, 454, 554, 232, 343, 343, 343,
232, 121, 232, 454, 454, 454, 454, 454, 332, 454, 454, 454, 454, 232, 232, 343,
454, 454, 554, 121, 221, 332, 343, 343, 343, 221, 221, 443, 454, 343, 232, 343,
343, 232, 221, 222, 443, 454, 454, 454, 554, 232, 443, 454, 454, 454, 343, 232,
333, 444, 444, 454, 232, 121, 232, 343, 343, 343, 232, 121, 343, 454, 454, 221,
443, 454, 454, 443, 333, 555, 454, 454, 454, 554, 343, 343, 454, 454, 454, 454,
232, 232, 443, 454, 454, 343, 121, 232, 343, 343, 343, 343, 121, 232, 454, 554,
232, 343, 343, 343, 232, 121, 232, 454, 454, 454, 454, 454, 332, 454, 454, 454,
454, 232, 232, 343, 454, 454, 554, 121, 221, 332, 343, 343, 343, 221, 221, 443,
454, 343, 232, 343, 343, 232, 221, 222, 443, 454, 454, 454, 554, 232, 443, 454,
454, 454, 343, 232, 333, 444, 444, 454, 232, 121, 232, 343, 343, 343, 232, 121,
343, 454, 454, 221, 443, 454, 454, 443, 333, 555, 454, 454, 454, 554, 343, 343,
454, 454, 454, 454, 232, 232, 443, 454, 454, 343, 121, 232, 343, 343, 343, 343,
121, 232, 454, 554, 232, 343, 343, 343, 232, 121, 232, 454, 454, 454, 454, 454,
332, 454, 454, 454, 454, 232, 232, 343, 454, 454, 554, 121, 221, 332, 343, 343,
343, 221, 221, 443, 454, 343, 232, 343, 343, 232, 221, 222, 443, 454, 454, 454,
554, 232, 443, 454, 454, 454, 343, 232, 333, 444, 444, 454, 232, 121, 232, 343,
343, 343, 232, 121, 343, 454, 454, 221, 443, 454, 454, 443, 333, 555, 454, 454,
454, 554, 343, 343, 454, 454, 454, 454, 232, 232, 443, 454, 454, 343, 121, 232,
343, 343, 343, 343, 121, 232, 454, 554, 232, 343, 343, 343, 232, 121, 232, 454,
454, 454, 454, 454, 332, 454, 454, 454, 454, 232, 232, 343, 454, 454, 554, 121,
221, 332, 343, 343, 343, 221, 221, 443, 454, 343, 232, 343, 343, 232, 221, 222,
443, 454, 454, 454, 554, 232, 443, 454, 454, 454, 343, 232, 333, 444, 444, 454,
232, 121, 232, 343, 343, 343, 232, 121, 343, 454, 454, 221, 443, 454, 454, 443,
333, 555, 444, 454, 454, 565, 343, 343, 454, 454, 454, 554, 232, 221, 332, 343,
343, 232, 121, 121, 221, 232, 232, 332, 121, 232, 454, 554, 222, 222, 232, 343,
332, 121, 232, 454, 454, 454, 554, 454, 332, 454, 454, 454, 565, 332, 232, 222,
343, 343, 343, 121, 121, 121, 232, 232, 343, 221, 221, 443, 454, 343, 121, 232,
333, 343, 221, 221, 443, 454, 454, 454, 565, 232, 444, 454, 454, 565, 343, 232,
221, 333, 343, 343, 221, 121, 121, 222, 232, 332, 232, 121, 343, 454, 454, 221,
443, 454, 565, 443, 333, 555, 444, 454, 454, 565, 343, 343, 454, 454, 454, 554,
232, 221, 332, 343, 343, 232, 121, 121, 221, 232, 232, 332, 121, 232, 454, 554,
222, 222, 232, 343, 332, 121, 232, 454, 454, 454, 554, 454, 332, 454, 454, 454,
565, 332, 232, 222, 343, 343, 343, 121, 121, 121, 232, 232, 343, 221, 221, 443,
454, 343, 121, 232, 333, 343, 221, 221, 443, 454, 454, 454, 565, 232, 444, 454,
454, 565, 343, 232, 221, 333, 343, 343, 221, 121, 121, 222, 232, 332, 232, 121,
343, 454, 454, 221, 443, 454, 565, 443, 333, 555, 444, 454, 454, 565, 343, 343,
454, 454, 454, 554, 232, 221, 332, 343, 343, 232, 121, 121, 221, 232, 232, 332,
121, 232, 454, 554, 222, 222, 232, 343, 332, 121, 232, 454, 454, 454, 554, 454,
332, 454, 454, 454, 565, 332, 232, 222, 343, 343, 343, 121, 121, 121, 232, 232,
343, 221, 221, 443, 454, 343, 121, 232, 333, 343, 221, 221, 443, 454, 454, 454,
565, 232, 444, 454, 454, 565, 343, 232, 221, 333, 343, 343, 221, 121, 121, 222,
232, 332, 232, 121, 343, 454, 454, 221, 443, 454, 565, 443, 333, 555, 444, 454,
454, 565, 343, 343, 454, 454, 454, 554, 232, 221, 332, 343, 343, 232, 121, 121,
221, 232, 232, 332, 121, 232, 454, 554, 222, 222, 232, 343, 332, 121, 232, 454,
454, 454, 554, 454, 332, 454, 454, 454, 565, 332, 232, 222, 343, 343, 343, 121,
121, 121, 232, 232, 343, 221, 221, 443, 454, 343, 121, 232, 333, 343, 221, 221,
443, 454, 454, 454, 565, 232, 444, 454, 454, 565, 343, 232, 221, 333, 343, 343,
221, 121, 121, 222, 232, 332, 232, 121, 343, 454, 454, 221, 443, 454, 565, 443,
332, 454, 343, 444, 454, 554, 343, 343, 454, 454, 565, 554, 121, 221, 222, 222,
221, 121, 121, 121, 121, 121, 222, 232, 221, 232, 343, 565, 232, 121, 121, 232,
232, 222, 221, 343, 343, 454, 454, 454, 332, 454, 454, 554, 565, 232, 121, 121,
222, 222, 221, 121, 121, 121, 121, 221, 332, 221, 232, 333, 555, 343, 121, 121,
232, 232, 232, 121, 333, 343, 454, 454, 554, 332, 444, 454, 454, 565, 343, 121,
121, 221, 232, 232, 221, 121, 121, 121, 121, 232, 232, 222, 232, 454, 554, 121,
332, 343, 454, 443, 332, 454, 343, 444, 454, 554, 343, 343, 454, 454, 565, 554,
121, 221, 222, 222, 221, 121, 121, 121, 121, 121, 222, 232, 221, 232, 343, 565,
232, 121, 121, 232, 232, 222, 221, 343, 343, 454, 454, 454, 332, 454, 454, 554,
565, 232, 121, 121, 222, 222, 221, 121, 121, 121, 121, 221, 332, 221, 232, 333,
555, 343, 121, 121, 232, 232, 232, 121, 333, 343, 454, 454, 554, 332, 444, 454,
454, 565, 343, 121, 121, 221, 232, 232, 221, 121, 121, 121, 121, 232, 232, 222,
232, 454, 554, 121, 332, 343, 454, 443, 332, 454, 343, 444, 454, 554, 343, 343,
454, 454, 565, 554, 121, 221, 222, 222, 221, 121, 121, 121, 121, 121, 222, 232,
221, 232, 343, 565, 232, 121, 121, 232, 232, 222, 221, 343, 343, 454, 454, 454,
332, 454, 454, 554, 565, 232, 121, 121, 222, 222, 221, 121, 121, 121, 121, 221,
332, 221, 232, 333, 555, 343, 121, 121, 232, 232, 232, 121, 333, 343, 454, 454,
554, 332, 444, 454, 454, 565, 343, 121, 121, 221, 232, 232, 221, 121, 121, 121,
121, 232, 232, 222, 232, 454, 554, 121, 332, 343, 454, 443, 332, 454, 343, 444,
454, 554, 343, 343, 454, 454, 565, 554, 121, 221, 222, 222, 221, 121, 121, 121,
121, 121, 222, 232, 221, 232, 343, 565, 232, 121, 121, 232, 232, 222, 221, 343,
343, 454, 454, 454, 332, 454, 454, 554, 565, 232, 121, 121, 222, 222, 221, 121,
121, 121, 121, 221, 332, 221, 232, 333, 555, 343, 121, 121, 232, 232, 232, 121,
333, 343, 454, 454, 554, 332, 444, 454, 454, 565, 343, 121, 121, 221, 232, 232,
221, 121, 121, 121, 121, 232, 232, 222, 232, 454, 554, 121, 332, 343, 454, 443,
232, 443, 232, 343, 454, 454, 343, 343, 454, 454, 565, 565, 333, 565, 676, 676,
676, 443, 121, 232, 332, 221, 121, 121, 232, 333, 232, 565, 232, 121, 121, 121,
121, 121, 121, 332, 232, 454, 454, 454, 332, 454, 454, 454, 676, 332, 554, 665,
676, 676, 565, 121, 232, 332, 222, 121, 221, 222, 343, 232, 454, 443, 121, 121,
121, 121, 121, 121, 232, 232, 343, 454, 454, 332, 444, 454, 454, 676, 343, 444,
565, 676, 676, 676, 232, 121, 332, 232, 121, 221, 221, 343, 232, 343, 565, 121,
232, 232, 454, 443, 232, 443, 232, 343, 454, 454, 343, 343, 454, 454, 565, 565,
333, 565, 676, 676, 676, 443, 121, 232, 332, 221, 121, 121, 232, 333, 232, 565,
232, 121, 121, 121, 121, 121, 121, 332, 232, 454, 454, 454, 332, 454, 454, 454,
676, 332, 554, 665, 676, 676, 565, 121, 232, 332, 222, 121, 221, 222, 343, 232,
454, 443, 121, 121, 121, 121, 121, 121, 232, 232, 343, 454, 454, 332, 444, 454,
454, 676, 343, 444, 565, 676, 676, 676, 232, 121, 332, 232, 121, 221, 221, 343,
232, 343, 565, 121, 232, 232, 454, 443, 232, 443, 232, 343, 454, 454, 343, 343,
454, 454, 565, 565, 333, 565, 676, 676, 676, 443, 121, 232, 332, 221, 121, 121,
232, 333, 232, 565, 232, 121, 121, 121, 121, 121, 121, 332, 232, 454, 454, 454,
332, 454, 454, 454, 676, 332, 554, 665, 676, 676, 565, 121, 232, 332, 222, 121,
221, 222, 343, 232, 454, 443, 121, 121, 121, 121, 121, 121, 232, 232, 343, 454,
454, 332, 444, 454, 454, 676, 343, 444, 565, 676, 676, 676, 232, 121, 332, 232,
121, 221, 221, 343, 232, 343, 565, 121, 232, 232, 454, 443, 232, 443, 232, 343,
454, 454, 343, 343, 454, 454, 565, 565, 333, 565, 676, 676, 676, 443, 121, 232,
332, 221, 121, 121, 232, 333, 232, 565, 232, 121, 121, 121, 121, 121, 121, 332,
232, 454, 454, 454, 332, 454, 454, 454, 676, 332, 554, 665, 676, 676, 565, 121,
232, 332, 222, 121, 221, 222, 343, 232, 454, 443, 121, 121, 121, 121, 121, 121,
232, 232, 343, 454, 454, 332, 444, 454, 454, 676, 343, 444, 565, 676, 676, 676,
232, 121, 332, 232, 121, 221, 221, 343, 232, 343, 565, 121, 232, 232, 454, 443,
222, 333, 222, 343, 343, 343, 232, 343, 454, 454, 565, 565, 343, 565, 787, 665,
676, 454, 221, 343, 232, 332, 232, 121, 332, 443, 343, 554, 232, 454, 565, 565,
665, 333, 121, 221, 332, 343, 343, 332, 332, 454, 454, 454, 676, 332, 454, 676,
776, 565, 676, 121, 343, 332, 232, 232, 121, 222, 443, 343, 454, 343, 443, 565,
565, 565, 454, 121, 221, 232, 343, 343, 343, 232, 454, 454, 454, 676, 343, 443,
565, 787, 565, 676, 232, 232, 343, 232, 332, 221, 121, 343, 343, 443, 454, 121,
221, 232, 343, 232, 222, 333, 222, 343, 343, 343, 232, 343, 454, 454, 565, 565,
343, 565, 787, 665, 676, 454, 221, 343, 232, 332, 232, 121, 332, 443, 343, 554,
232, 454, 565, 565, 665, 333, 121, 221, 332, 343, 343, 332, 332, 454, 454, 454,
676, 332, 454, 676, 776, 565, 676, 121, 343, 332, 232, 232, 121, 222, 443, 343,
454, 343, 443, 565, 565, 565, 454, 121, 221, 232, 343, 343, 343, 232, 454, 454,
454, 676, 343, 443, 565, 787, 565, 676, 232, 232, 343, 232, 332, 221, 121, 343,
343, 443, 454, 121, 221, 232, 343, 232, 222, 333, 222, 343, 343, 343, 232, 343,
454, 454, 565, 565, 343, 565, 787, 665, 676, 454, 221, 343, 232, 332, 232, 121,
332, 443, 343, 554, 232, 454, 565, 565, 665, 333, 121, 221, 332, 343, 343, 332,
332, 454, 454, 454, 676, 332, 454, 676, 776, 565, 676, 121, 343, 332, 232, 232,
121, 222, 443, 343, 454, 343, 443, 565, 565, 565, 454, 121, 221, 232, 343, 343,
343, 232, 454, 454, 454, 676, 343, 443, 565, 787, 565, 676, 232, 232, 343, 232,
332, 221, 121, 343, 343, 443, 454, 121, 221, 232, 343, 232, 222, 333, 222, 343,
343, 343, 232, 343, 454, 454, 565, 565, 343, 565, 787, 665, 676, 454, 221, 343,
232, 332, 232, 121, 332, 443, 343, 554, 232, 454, 565, 565, 665, 333, 121, 221,
332, 343, 343, 332, 332, 454, 454, 454, 676, 332, 454, 676, 776, 565, 676, 121,
343, 332, 232, 232, 121, 222, 443, 343, 454, 343, 443, 565, 565, 565, 454, 121,
221, 232, 343, 343, 343, 232, 454, 454, 454, 676, 343, 443, 565, 787, 565, 676,
232, 232, 343, 232, 332, 221, 121, 343, 343, 443, 454, 121, 221, 232, 343, 232,
222, 333, 121, 221, 221, 121, 221, 343, 454, 454, 454, 454, 343, 454, 565, 454,
554, 343, 222, 232, 343, 343, 332, 232, 232, 454, 444, 565, 333, 454, 454, 676,
676, 343, 121, 121, 221, 221, 221, 121, 333, 454, 454, 454, 565, 332, 454, 555,
555, 454, 554, 221, 232, 332, 343, 332, 232, 232, 443, 444, 554, 343, 343, 454,
565, 676, 454, 121, 121, 121, 221, 221, 121, 232, 454, 454, 454, 565, 343, 343,
454, 565, 454, 565, 232, 232, 232, 343, 343, 332, 222, 343, 454, 454, 554, 121,
121, 121, 221, 121, 222, 333, 121, 221, 221, 121, 221, 343, 454, 454, 454, 454,
343, 454, 565, 454, 554, 343, 222, 232, 343, 343, 332, 232, 232, 454, 444, 565,
333, 454, 454, 676, 676, 343, 121, 121, 221, 221, 221, 121, 333, 454, 454, 454,
565, 332, 454, 555, 555, 454, 554, 221, 232, 332, 343, 332, 232, 232, 443, 444,
554, 343, 343, 454, 565, 676, 454, 121, 121, 121, 221, 221, 121, 232, 454, 454,
454, 565, 343, 343, 454, 565, 454, 565, 232, 232, 232, 343, 343, 332, 222, 343,
454, 454, 554, 121, 121, 121, 221, 121, 222, 333, 121, 221, 221, 121, 221, 343,
454, 454, 454, 454, 343, 454, 565, 454, 554, 343, 222, 232, 343, 343, 332, 232,
232, 454, 444, 565, 333, 454, 454, 676, 676, 343, 121, 121, 221, 221, 221, 121,
333, 454, 454, 454, 565, 332, 454, 555, 555, 454, 554, 221, 232, 332, 343, 332,
232, 232, 443, 444, 554, 343, 343, 454, 565, 676, 454, 121, 121, 121, 221, 221,
121, 232, 454, 454, 454, 565, 343, 343, 454, 565, 454, 565, 232, 232, 232, 343,
343, 332, 222, 343, 454, 454, 554, 121, 121, 121, 221, 121, 222, 333, 121, 221,
221, 121, 221, 343, 454, 454, 454, 454, 343, 454, 565, 454, 554, 343, 222, 232,
343, 343, 332, 232, 232, 454, 444, 565, 333, 454, 454, 676, 676, 343, 121, 121,
221, 221, 221, 121, 333, 454, 454, 454, 565, 332, 454, 555, 555, 454, 554, 221,
232, 332, 343, 332, 232, 232, 443, 444, 554, 343, 343, 454, 565, 676, 454, 121,
121, 121, 221, 221, 121, 232, 454, 454, 454, 565, 343, 343, 454, 565, 454, 565,
232, 232, 232, 343, 343, 332, 222, 343, 454, 454, 554, 121, 121, 121, 221, 121,
333, 565, 554, 565, 454, 565, 343, 343, 454, 454, 454, 444, 343, 454, 454, 444,
454, 443, 121, 232, 333, 232, 343, 232, 232, 454, 454, 555, 343, 232, 343, 454,
554, 333, 343, 554, 565, 555, 554, 454, 332, 454, 454, 454, 454, 333, 454, 454,
454, 454, 554, 121, 232, 333, 232, 343, 232, 222, 444, 454, 454, 343, 222, 232,
454, 454, 444, 332, 454, 554, 565, 454, 554, 232, 454, 454, 454, 454, 343, 343,
454, 454, 454, 565, 232, 221, 332, 232, 333, 343, 221, 343, 454, 454, 454, 232,
454, 554, 565, 343, 333, 565, 554, 565, 454, 565, 343, 343, 454, 454, 454, 444,
343, 454, 454, 444, 454, 443, 121, 232, 333, 232, 343, 232, 232, 454, 454, 555,
343, 232, 343, 454, 554, 333, 343, 554, 565, 555, 554, 454, 332, 454, 454, 454,
454, 333, 454, 454, 454, 454, 554, 121, 232, 333, 232, 343, 232, 222, 444, 454,
454, 343, 222, 232, 454, 454, 444, 332, 454, 554, 565, 454, 554, 232, 454, 454,
454, 454, 343, 343, 454, 454, 454, 565, 232, 221, 332, 232, 333, 343, 221, 343,
454, 454, 454, 232, 454, 554, 565, 343, 333, 565, 554, 565, 454, 565, 343, 343,
454, 454, 454, 444, 343, 454, 454, 444, 454, 443, 121, 232, 333, 232, 343, 232,
232, 454, 454, 555, 343, 232, 343, 454, 554, 333, 343, 554, 565, 555, 554, 454,
332, 454, 454, 454, 454, 333, 454, 454, 454, 454, 554, 121, 232, 333, 232, 343,
232, 222, 444, 454, 454, 343, 222, 232, 454, 454, 444, 332, 454, 554, 565, 454,
554, 232, 454, 454, 454, 454, 343, 343, 454, 454, 454, 565, 232, 221, 332, 232,
333, 343, 221, 343, 454, 454, 454, 232, 454, 554, 565, 343, 333, 565, 554, 565,
454, 565, 343, 343, 454, 454, 454, 444, 343, 454, 454, 444, 454, 443, 121, 232,
333, 232, 343, 232, 232, 454, 454, 555, 343, 232, 343, 454, 554, 333, 343, 554,
565, 555, 554, 454, 332, 454, 454, 454, 454, 333, 454, 454, 454, 454, 554, 121,
232, 333, 232, 343, 232, 222, 444, 454, 454, 343, 222, 232, 454, 454, 444, 332,
454, 554, 565, 454, 554, 232, 454, 454, 454, 454, 343, 343, 454, 454, 454, 565,
232, 221, 332, 232, 333, 343, 221, 343, 454, 454, 454, 232, 454, 554, 565, 343,
332, 676, 676, 665, 665, 787, 343, 332, 454, 454, 454, 554, 232, 454, 454, 454,
565, 454, 121, 232, 221, 221, 332, 121, 222, 443, 454, 565, 232, 332, 343, 444,
454, 343, 454, 676, 676, 565, 786, 565, 232, 444, 454, 454, 565, 332, 454, 454,
454, 454, 565, 121, 222, 232, 121, 232, 222, 121, 343, 454, 565, 343, 232, 333,
454, 454, 454, 343, 676, 676, 565, 676, 676, 232, 343, 454, 454, 565, 343, 343,
454, 454, 454, 665, 232, 121, 232, 121, 232, 232, 121, 232, 454, 454, 454, 333,
676, 676, 676, 454, 332, 676, 676, 665, 665, 787, 343, 332, 454, 454, 454, 554,
232, 454, 454, 454, 565, 454, 121, 232, 221, 221, 332, 121, 222, 443, 454, 565,
232, 332, 343, 444, 454, 343, 454, 676, 676, 565, 786, 565, 232, 444, 454, 454,
565, 332, 454, 454, 454, 454, 565, 121, 222, 232, 121, 232, 222, 121, 343, 454,
565, 343, 232, 333, 454, 454, 454, 343, 676, 676, 565, 676, 676, 232, 343, 454,
454, 565, 343, 343, 454, 454, 454, 665, 232, 121, 232, 121, 232, 232, 121, 232,
454, 454, 454, 333, 676, 676, 676, 454, 332, 676, 676, 665, 665, 787, 343, 332,
454, 454, 454, 554, 232, 454, 454, 454, 565, 454, 121, 232, 221, 221, 332, 121,
222, 443, 454, 565, 232, 332, 343, 444, 454, 343, 454, 676, 676, 565, 786, 565,
232, 444, 454, 454, 565, 332, 454, 454, 454, 454, 565, 121, 222, 232, 121, 232,
222, 121, 343, 454, 565, 343, 232, 333, 454, 454, 454, 343, 676, 676, 565, 676,
676, 232, 343, 454, 454, 565, 343, 343, 454, 454, 454, 665, 232, 121, 232, 121,
232, 232, 121, 232, 454, 454, 454, 333, 676, 676, 676, 454, 332, 676, 676, 665,
665, 787, 343, 332, 454, 454, 454, 554, 232, 454, 454, 454, 565, 454, 121, 232,
221, 221, 332, 121, 222, 443, 454, 565, 232, 332, 343, 444, 454, 343, 454, 676,
676, 565, 786, 565, 232, 444, 454, 454, 565, 332, 454, 454, 454, 454, 565, 121,
222, 232, 121, 232, 222, 121, 343, 454, 565, 343, 232, 333, 454, 454, 454, 343,
676, 676, 565, 676, 676, 232, 343, 454, 454, 565, 343, 343, 454, 454, 454, 665,
232, 121, 232, 121, 232, 232, 121, 232, 454, 454, 454, 333, 676, 676, 676, 454,
333, 665, 555, 454, 454, 565, 333, 232, 454, 444, 565, 665, 221, 443, 454, 444,
676, 454, 111, 121, 121, 121, 121, 121, 232, 443, 454, 565, 232, 343, 454, 454,
565, 443, 343, 565, 564, 454, 565, 454, 221, 443, 454, 454, 676, 232, 343, 454,
444, 565, 565, 121, 121, 121, 121, 121, 121, 121, 343, 454, 565, 343, 232, 454,
454, 454, 565, 332, 554, 565, 454, 555, 565, 222, 343, 454, 454, 676, 343, 232,
454, 454, 454, 676, 232, 121, 121, 121, 121, 121, 121, 332, 454, 555, 454, 232,
554, 565, 565, 343, 333, 665, 555, 454, 454, 565, 333, 232, 454, 444, 565, 665,
221, 443, 454, 444, 676, 454, 111, 121, 121, 121, 121, 121, 232, 443, 454, 565,
232, 343, 454, 454, 565, 443, 343, 565, 564, 454, 565, 454, 221, 443, 454, 454,
676, 232, 343, 454, 444, 565, 565, 121, 121, 121, 121, 121, 121, 121, 343, 454,
565, 343, 232, 454, 454, 454, 565, 332, 554, 565, 454, 555, 565, 222, 343, 454,
454, 676, 343, 232, 454, 454, 454, 676, 232, 121, 121, 121, 121, 121, 121, 332,
454, 555, 454, 232, 554, 565, 565, 343, 333, 665, 555, 454, 454, 565, 333, 232,
454, 444, 565, 665, 221, 443, 454, 444, 676, 454, 111, 121, 121, 121, 121, 121,
232, 443, 454, 565, 232, 343, 454, 454, 565, 443, 343, 565, 564, 454, 565, 454,
221, 443, 454, 454, 676, 232, 343, 454, 444, 565, 565, 121, 121, 121, 121, 121,
121, 121, 343, 454, 565, 343, 232, 454, 454, 454, 565, 332, 554, 565, 454, 555,
565, 222, 343, 454, 454, 676, 343, 232, 454, 454, 454, 676, 232, 121, 121, 121,
121, 121, 121, 332, 454, 555, 454, 232, 554, 565, 565, 343, 333, 665, 555, 454,
454, 565, 333, 232, 454, 444, 565, 665, 221, 443, 454, 444, 676, 454, 111, 121,
121, 121, 121, 121, 232, 443, 454, 565, 232, 343, 454, 454, 565, 443, 343, 565,
564, 454, 565, 454, 221, 443, 454, 454, 676, 232, 343, 454, 444, 565, 565, 121,
121, 121, 121, 121, 121, 121, 343, 454, 565, 343, 232, 454, 454, 454, 565, 332,
554, 565, 454, 555, 565, 222, 343, 454, 454, 676, 343, 232, 454, 454, 454, 676,
232, 121, 121, 121, 121, 121, 121, 332, 454, 555, 454, 232, 554, 565, 565, 343,
333, 555, 444, 454, 444, 565, 343, 232, 454, 444, 565, 565, 221, 343, 454, 454,
565, 343, 232, 343, 443, 454, 444, 343, 232, 443, 454, 665, 332, 343, 454, 454,
676, 343, 343, 454, 454, 454, 454, 454, 221, 443, 454, 454, 676, 222, 333, 454,
454, 454, 555, 232, 343, 443, 454, 454, 454, 232, 343, 454, 565, 343, 343, 454,
444, 565, 565, 332, 454, 454, 454, 454, 565, 222, 343, 454, 454, 676, 443, 232,
454, 454, 454, 565, 232, 343, 443, 443, 454, 454, 332, 332, 454, 554, 554, 333,
454, 454, 565, 454, 333, 555, 444, 454, 444, 565, 343, 232, 454, 444, 565, 565,
221, 343, 454, 454, 565, 343, 232, 343, 443, 454, 444, 343, 232, 443, 454, 665,
332, 343, 454, 454, 676, 343, 343, 454, 454, 454, 454, 454, 221, 443, 454, 454,
676, 222, 333, 454, 454, 454, 555, 232, 343, 443, 454, 454, 454, 232, 343, 454,
565, 343, 343, 454, 444, 565, 565, 332, 454, 454, 454, 454, 565, 222, 343, 454,
454, 676, 443, 232, 454, 454, 454, 565, 232, 343, 443, 443, 454, 454, 332, 332,
454, 554, 554, 333, 454, 454, 565, 454, 333, 555, 444, 454, 444, 565, 343, 232,
454, 444, 565, 565, 221, 343, 454, 454, 565, 343, 232, 343, 443, 454, 444, 343,
232, 443, 454, 665, 332, 343, 454, 454, 676, 343, 343, 454, 454, 454, 454, 454,
221, 443, 454, 454, 676, 222, 333, 454, 454, 454, 555, 232, 343, 443, 454, 454,
454, 232, 343, 454, 565, 343, 343, 454, 444, 565, 565, 332, 454, 454, 454, 454,
565, 222, 343, 454, 454, 676, 443, 232, 454, 454, 454, 565, 232, 343, 443, 443,
454, 454, 332, 332, 454, 554, 554, 333, 454, 454, 565, 454, 333, 555, 444, 454,
444, 565, 343, 232, 454, 444, 565, 565, 221, 343, 454, 454, 565, 343, 232, 343,
443, 454, 444, 343, 232, 443, 454, 665, 332, 343, 454, 454, 676, 343, 343, 454,
454, 454, 454, 454, 221, 443, 454, 454, 676, 222, 333, 454, 454, 454, 555, 232,
343, 443, 454, 454, 454, 232, 343, 454, 565, 343, 343, 454, 444, 565, 565, 332,
454, 454, 454, 454, 565, 222, 343, 454, 454, 676, 443, 232, 454, 454, 454, 565,
232, 343, 443, 443, 454, 454, 332, 332, 454, 554, 554, 333, 454, 454, 565, 454,
232, 555, 454, 454, 454, 565, 343, 222, 443, 454, 554, 565, 121, 332, 454, 454,
454, 343, 443, 565, 676, 676, 676, 565, 121, 343, 454, 565, 343, 454, 454, 454,
665, 343, 343, 454, 454, 454, 554, 565, 121, 343, 454, 444, 565, 232, 222, 454,
454, 454, 454, 332, 565, 676, 676, 676, 676, 232, 332, 454, 565, 343, 343, 454,
454, 565, 454, 232, 454, 454, 454, 454, 676, 222, 232, 454, 454, 555, 343, 221,
443, 454, 454, 454, 332, 454, 676, 676, 676, 676, 454, 221, 454, 565, 454, 333,
454, 454, 565, 454, 232, 555, 454, 454, 454, 565, 343, 222, 443, 454, 554, 565,
121, 332, 454, 454, 454, 343, 443, 565, 676, 676, 676, 565, 121, 343, 454, 565,
343, 454, 454, 454, 665, 343, 343, 454, 454, 454, 554, 565, 121, 343, 454, 444,
565, 232, 222, 454, 454, 454, 454, 332, 565, 676, 676, 676, 676, 232, 332, 454,
565, 343, 343, 454, 454, 565, 454, 232, 454, 454, 454, 454, 676, 222, 232, 454,
454, 555, 343, 221, 443, 454, 454, 454, 332, 454, 676, 676, 676, 676, 454, 221,
454, 565, 454, 333, 454, 454, 565, 454, 232, 555, 454, 454, 454, 565, 343, 222,
443, 454, 554, 565, 121, 332, 454, 454, 454, 343, 443, 565, 676, 676, 676, 565,
121, 343, 454, 565, 343, 454, 454, 454, 665, 343, 343, 454, 454, 454, 554, 565,
121, 343, 454, 444, 565, 232, 222, 454, 454, 454, 454, 332, 565, 676, 676, 676,
676, 232, 332, 454, 565, 343, 343, 454, 454, 565, 454, 232, 454, 454, 454, 454,
676, 222, 232, 454, 454, 555, 343, 221, 443, 454, 454, 454, 332, 454, 676, 676,
676, 676, 454, 221, 454, 565, 454, 333, 454, 454, 565, 454, 232, 555, 454, 454,
454, 565, 343, 222, 443, 454, 554, 565, 121, 332, 454, 454, 454, 343, 443, 565,
676, 676, 676, 565, 121, 343, 454, 565, 343, 454, 454, 454, 665, 343, 343, 454,
454, 454, 554, 565, 121, 343, 454, 444, 565, 232, 222, 454, 454, 454, 454, 332,
565, 676, 676, 676, 676, 232, 332, 454, 565, 343, 343, 454, 454, 565, 454, 232,
454, 454, 454, 454, 676, 222, 232, 454, 454, 555, 343, 221, 443, 454, 454, 454,
332, 454, 676, 676, 676, 676, 454, 221, 454, 565, 454, 333, 454, 454, 565, 454,
232, 555, 454, 454, 444, 454, 343, 221, 343, 454, 565, 565, 121, 343, 454, 454,
454, 343, 232, 343, 565, 454, 454, 554, 222, 443, 565, 565, 332, 444, 454, 454,
565, 333, 232, 454, 454, 454, 454, 454, 221, 232, 444, 454, 676, 232, 232, 454,
454, 454, 454, 232, 343, 554, 454, 444, 565, 232, 343, 454, 565, 443, 343, 454,
454, 555, 454, 221, 443, 454, 454, 443, 565, 232, 222, 343, 454, 565, 343, 222,
443, 454, 454, 454, 332, 332, 454, 565, 444, 554, 443, 232, 454, 555, 454, 232,
454, 454, 454, 454, 232, 555, 454, 454, 444, 454, 343, 221, 343, 454, 565, 565,
121, 343, 454, 454, 454, 343, 232, 343, 565, 454, 454, 554, 222, 443, 565, 565,
332, 444, 454, 454, 565, 333, 232, 454, 454, 454, 454, 454, 221, 232, 444, 454,
676, 232, 232, 454, 454, 454, 454, 232, 343, 554, 454, 444, 565, 232, 343, 454,
565, 443, 343, 454, 454, 555, 454, 221, 443, 454, 454, 443, 565, 232, 222, 343,
454, 565, 343, 222, 443, 454, 454, 454, 332, 332, 454, 565, 444, 554, 443, 232,
454, 555, 454, 232, 454, 454, 454, 454, 232, 555, 454, 454, 444, 454, 343, 221,
343, 454, 565, 565, 121, 343, 454, 454, 454, 343, 232, 343, 565, 454, 454, 554,
222, 443, 565, 565, 332, 444, 454, 454, 565, 333, 232, 454, 454, 454, 454, 454,
221, 232, 444, 454, 676, 232, 232, 454, 454, 454, 454, 232, 343, 554, 454, 444,
565, 232, 343, 454, 565, 443, 343, 454, 454, 555, 454, 221, 443, 454, 454, 443,
565, 232, 222, 343, 454, 565, 343, 222, 443, 454, 454, 454, 332, 332, 454, 565,
444, 554, 443, 232, 454, 555, 454, 232, 454, 454, 454, 454, 232, 555, 454, 454,
444, 454, 343, 221, 343, 454, 565, 565, 121, 343, 454, 454, 454, 343, 232, 343,
565, 454, 454, 554, 222, 443, 565, 565, 332, 444, 454, 454, 565, 333, 232, 454,
454, 454, 454, 454, 221, 232, 444, 454, 676, 232, 232, 454, 454, 454, 454, 232,
343, 554, 454, 444, 565, 232, 343, 454, 565, 443, 343, 454, 454, 555, 454, 221,
443, 454, 454, 443, 565, 232, 222, 343, 454, 565, 343, 222, 443, 454, 454, 454,
332, 332, 454, 565, 444, 554, 443, 232, 454, 555, 454, 232, 454, 454, 454, 454,
232, 555, 444, 454, 343, 454, 343, 332, 332, 454, 565, 554, 232, 444, 454, 454,
554, 343, 222, 343, 454, 444, 454, 565, 332, 454, 454, 565, 232, 343, 454, 454,
454, 333, 232, 444, 454, 443, 343, 454, 332, 232, 444, 554, 676, 232, 343, 454,
454, 454, 454, 222, 332, 454, 454, 454, 665, 343, 443, 454, 554, 443, 343, 454,
454, 454, 454, 221, 343, 454, 454, 343, 454, 332, 332, 343, 444, 665, 343, 332,
454, 454, 454, 565, 232, 232, 443, 454, 444, 565, 454, 343, 454, 454, 454, 222,
343, 454, 454, 443, 232, 555, 444, 454, 343, 454, 343, 332, 332, 454, 565, 554,
232, 444, 454, 454, 554, 343, 222, 343, 454, 444, 454, 565, 332, 454, 454, 565,
232, 343, 454, 454, 454, 333, 232, 444, 454, 443, 343, 454, 332, 232, 444, 554,
676, 232, 343, 454, 454, 454, 454, 222, 332, 454, 454, 454, 665, 343, 443, 454,
554, 443, 343, 454, 454, 454, 454, 221, 343, 454, 454, 343, 454, 332, 332, 343,
444, 665, 343, 332, 454, 454, 454, 565, 232, 232, 443, 454, 444, 565, 454, 343,
454, 454, 454, 222, 343, 454, 454, 443, 232, 555, 444, 454, 343, 454, 343, 332,
332, 454, 565, 554, 232, 444, 454, 454, 554, 343, 222, 343, 454, 444, 454, 565,
332, 454, 454, 565, 232, 343, 454, 454, 454, 333, 232, 444, 454, 443, 343, 454,
332, 232, 444, 554, 676, 232, 343, 454, 454, 454, 454, 222, 332, 454, 454, 454,
665, 343, 443, 454, 554, 443, 343, 454, 454, 454, 454, 221, 343, 454, 454, 343,
454, 332, 332, 343, 444, 665, 343, 332, 454, 454, 454, 565, 232, 232, 443, 454,
444, 565, 454, 343, 454, 454, 454, 222, 343, 454, 454, 443, 232, 555, 444, 454,
343, 454, 343, 332, 332, 454, 565, 554, 232, 444, 454, 454, 554, 343, 222, 343,
454, 444, 454, 565, 332, 454, 454, 565, 232, 343, 454, 454, 454, 333, 232, 444,
454, 443, 343, 454, 332, 232, 444, 554, 676, 232, 343, 454, 454, 454, 454, 222,
332, 454, 454, 454, 665, 343, 443, 454, 554, 443, 343, 454, 454, 454, 454, 221,
343, 454, 454, 343, 454, 332, 332, 343, 444, 665, 343, 332, 454, 454, 454, 565,
232, 232, 443, 454, 444, 565, 454, 343, 454, 454, 454, 222, 343, 454, 454, 443,
333, 454, 443, 343, 232, 443, 443, 343, 454, 343, 454, 454, 332, 454, 454, 454,
565, 343, 232, 454, 454, 343, 343, 454, 332, 454, 343, 554, 222, 343, 454, 443,
454, 343, 232, 343, 443, 232, 232, 454, 232, 343, 443, 443, 554, 232, 443, 454,
454, 454, 554, 221, 343, 454, 443, 343, 454, 332, 343, 443, 454, 343, 232, 454,
454, 454, 454, 232, 343, 454, 343, 232, 454, 332, 343, 444, 343, 555, 343, 343,
454, 454, 454, 565, 232, 333, 454, 454, 343, 454, 343, 343, 443, 343, 454, 232,
333, 444, 454, 454, 333, 454, 443, 343, 232, 443, 443, 343, 454, 343, 454, 454,
332, 454, 454, 454, 565, 343, 232, 454, 454, 343, 343, 454, 332, 454, 343, 554,
222, 343, 454, 443, 454, 343, 232, 343, 443, 232, 232, 454, 232, 343, 443, 443,
554, 232, 443, 454, 454, 454, 554, 221, 343, 454, 443, 343, 454, 332, 343, 443,
454, 343, 232, 454, 454, 454, 454, 232, 343, 454, 343, 232, 454, 332, 343, 444,
343, 555, 343, 343, 454, 454, 454, 565, 232, 333, 454, 454, 343, 454, 343, 343,
443, 343, 454, 232, 333, 444, 454, 454, 333, 454, 443, 343, 232, 443, 443, 343,
454, 343, 454, 454, 332, 454, 454, 454, 565, 343, 232, 454, 454, 343, 343, 454,
332, 454, 343, 554, 222, 343, 454, 443, 454, 343, 232, 343, 443, 232, 232, 454,
232, 343, 443, 443, 554, 232, 443, 454, 454, 454, 554, 221, 343, 454, 443, 343,
454, 332, 343, 443, 454, 343, 232, 454, 454, 454, 454, 232, 343, 454, 343, 232,
454, 332, 343, 444, 343, 555, 343, 343, 454, 454, 454, 565, 232, 333, 454, 454,
343, 454, 343, 343, 443, 343, 454, 232, 333, 444, 454, 454, 333, 454, 443, 343,
232, 443, 443, 343, 454, 343, 454, 454, 332, 454, 454, 454, 565, 343, 232, 454,
454, 343, 343, 454, 332, 454, 343, 554, 222, 343, 454, 443, 454, 343, 232, 343,
443, 232, 232, 454, 232, 343, 443, 443, 554, 232, 443, 454, 454, 454, 554, 221,
343, 454, 443, 343, 454, 332, 343, 443, 454, 343, 232, 454, 454, 454, 454, 232,
343, 454, 343, 232, 454, 332, 343, 444, 343, 555, 343, 343, 454, 454, 454, 565,
232, 333, 454, 454, 343, 454, 343, 343, 443, 343, 454, 232, 333, 444, 454, 454,
333, 565, 343, 232, 222, 454, 332, 232, 454, 332, 343, 443, 221, 343, 454, 444,
454, 343, 222, 443, 454, 232, 332, 454, 232, 343, 232, 443, 222, 232, 443, 333,
454, 343, 332, 443, 332, 221, 343, 444, 221, 343, 343, 333, 454, 221, 343, 454,
444, 454, 454, 221, 343, 454, 343, 232, 454, 332, 343, 332, 343, 343, 222, 343,
343, 343, 444, 232, 443, 343, 222, 232, 454, 222, 343, 443, 232, 454, 333, 232,
444, 444, 444, 454, 232, 332, 454, 343, 232, 443, 343, 232, 232, 332, 454, 332,
343, 343, 443, 343, 333, 565, 343, 232, 222, 454, 332, 232, 454, 332, 343, 443,
221, 343, 454, 444, 454, 343, 222, 443, 454, 232, 332, 454, 232, 343, 232, 443,
222, 232, 443, 333, 454, 343, 332, 443, 332, 221, 343, 444, 221, 343, 343, 333,
454, 221, 343, 454, 444, 454, 454, 221, 343, 454, 343, 232, 454, 332, 343, 332,
343, 343, 222, 343, 343, 343, 444, 232, 443, 343, 222, 232, 454, 222, 343, 443,
232, 454, 333, 232, 444, 444, 444, 454, 232, 332, 454, 343, 232, 443, 343, 232,
232, 332, 454, 332, 343, 343, 443, 343, 333, 565, 343, 232, 222, 454, 332, 232,
454, 332, 343, 443, 221, 343, 454, 444, 454, 343, 222, 443, 454, 232, 332, 454,
232, 343, 232, 443, 222, 232, 443, 333, 454, 343, 332, 443, 332, 221, 343, 444,
221, 343, 343, 333, 454, 221, 343, 454, 444, 454, 454, 221, 343, 454, 343, 232,
454, 332, 343, 332, 343, 343, 222, 343, 343, 343, 444, 232, 443, 343, 222, 232,
454, 222, 343, 443, 232, 454, 333, 232, 444, 444, 444, 454, 232, 332, 454, 343,
232, 443, 343, 232, 232, 332, 454, 332, 343, 343, 443, 343, 333, 565, 343, 232,
222, 454, 332, 232, 454, 332, 343, 443, 221, 343, 454, 444, 454, 343, 222, 443,
454, 232, 332, 454, 232, 343, 232, 443, 222, 232, 443, 333, 454, 343, 332, 443,
332, 221, 343, 444, 221, 343, 343, 333, 454, 221, 343, 454, 444, 454, 454, 221,
343, 454, 343, 232, 454, 332, 343, 332, 343, 343, 222, 343, 343, 343, 444, 232,
443, 343, 222, 232, 454, 222, 343, 443, 232, 454, 333, 232, 444, 444, 444, 454,
232, 332, 454, 343, 232, 443, 343, 232, 232, 332, 454, 332, 343, 343, 443, 343,
232, 343, 232, 221, 332, 332, 222, 222, 343, 221, 222, 232, 121, 232, 332, 332,
332, 222, 121, 232, 332, 221, 232, 232, 232, 221, 232, 332, 121, 121, 232, 221,
232, 232, 332, 232, 121, 232, 332, 232, 121, 332, 232, 222, 232, 121, 222, 332,
332, 332, 232, 121, 232, 332, 232, 222, 332, 232, 232, 232, 343, 222, 121, 232,
232, 222, 232, 232, 332, 221, 232, 332, 332, 121, 222, 232, 222, 332, 222, 221,
332, 332, 332, 332, 221, 221, 332, 232, 221, 332, 232, 222, 222, 333, 332, 232,
332, 222, 232, 232, 232, 343, 232, 221, 332, 332, 222, 222, 343, 221, 222, 232,
121, 232, 332, 332, 332, 222, 121, 232, 332, 221, 232, 232, 232, 221, 232, 332,
121, 121, 232, 221, 232, 232, 332, 232, 121, 232, 332, 232, 121, 332, 232, 222,
232, 121, 222, 332, 332, 332, 232, 121, 232, 332, 232, 222, 332, 232, 232, 232,
343, 222, 121, 232, 232, 222, 232, 232, 332, 221, 232, 332, 332, 121, 222, 232,
222, 332, 222, 221, 332, 332, 332, 332, 221, 221, 332, 232, 221, 332, 232, 222,
222, 333, 332, 232, 332, 222, 232, 232, 232, 343, 232, 221, 332, 332, 222, 222,
343, 221, 222, 232, 121, 232, 332, 332, 332, 222, 121, 232, 332, 221, 232, 232,
232, 221, 232, 332, 121, 121, 232, 221, 232, 232, 332, 232, 121, 232, 332, 232,
121, 332, 232, 222, 232, 121, 222, 332, 332, 332, 232, 121, 232, 332, 232, 222,
332, 232, 232, 232, 343, 222, 121, 232, 232, 222, 232, 232, 332, 221, 232, 332,
332, 121, 222, 232, 222, 332, 222, 221, 332, 332, 332, 332, 221, 221, 332, 232,
221, 332, 232, 222, 222, 333, 332, 232, 332, 222, 232, 232, 232, 343, 232, 221,
332, 332, 222, 222, 343, 221, 222, 232, 121, 232, 332, 332, 332, 222, 121, 232,
332, 221, 232, 232, 232, 221, 232, 332, 121, 121, 232, 221, 232, 232, 332, 232,
121, 232, 332, 232, 121, 332, 232, 222, 232, 121, 222, 332, 332, 332, 232, 121,
232, 332, 232, 222, 332, 232, 232, 232, 343, 222, 121, 232, 232, 222, 232, 232,
332, 221, 232, 332, 332, 121, 222, 232, 222, 332, 222, 221, 332, 332, 332, 332,
221, 221, 332, 232, 221, 332, 232, 222, 222, 333, 332, 232, 332, 222, 232, 232,
121, 121, 121, 121, 121, 121, 221, 221, 222, 121, 121, 121, 121, 121, 121, 121,
121, 121, 121, 121, 121, 121, 121, 221, 222, 121, 121, 121, 121, 121, 121, 121,
121, 121, 121, 121, 121, 121, 121, 121, 121, 222, 222, 221, 121, 121, 121, 121,
121, 121, 121, 121, 121, 121, 121, 121, 121, 121, 222, 222, 121, 121, 121, 121,
121, 121, 121, 121, 121, 121, 121, 121, 121, 121, 121, 222, 222, 222, 121, 121,
121, 121, 121, 121, 121, 121, 121, 121, 121, 121, 121, 221, 222, 222, 222, 121,
121, 121, 121, 121, 121, 121, 121, 121, 121, 121, 221, 221, 222, 121, 121, 121,
121, 121, 121, 121, 121, 121, 121, 121, 121, 121, 121, 221, 222, 121, 121, 121,
121, 121, 121, 121, 121, 121, 121, 121, 121, 121, 121, 121, 121, 222, 222, 221,
121, 121, 121, 121, 121, 121, 121, 121, 121, 121, 121, 121, 121, 121, 222, 222,
121, 121, 121, 121, 121, 121, 121, 121, 121, 121, 121, 121, 121, 121, 121, 222,
222, 222, 121, 121, 121, 121, 121, 121, 121, 121, 121, 121, 121, 121, 121, 221,
222, 222, 222, 121, 121, 121, 121, 121, 121, 121, 121, 121, 121, 121, 221, 221,
222, 121, 121, 121, 121, 121, 121, 121, 121, 121, 121, 121, 121, 121, 121, 221,
222, 121, 121, 121, 121, 121, 121, 121, 121, 121, 121, 121, 121, 121, 121, 121,
121, 222, 222, 221, 121, 121, 121, 121, 121, 121, 121, 121, 121, 121, 121, 121,
121, 121, 222, 222, 121, 121, 121, 121, 121, 121, 121, 121, 121, 121, 121, 121,
121, 121, 121, 222, 222, 222, 121, 121, 121, 121, 121, 121, 121, 121, 121, 121,
121, 121, 121, 221, 222, 222, 222, 121, 121, 121, 121, 121, 121, 121, 121, 121,
121, 121, 221, 221, 222, 121, 121, 121, 121, 121, 121, 121, 121, 121, 121, 121,
121, 121, 121, 221, 222, 121, 121, 121, 121, 121, 121, 121, 121, 121, 121, 121,
121, 121, 121, 121, 121, 222, 222, 221, 121, 121, 121, 121, 121, 121, 121, 121,
121, 121, 121, 121, 121, 121, 222, 222, 121, 121, 121, 121, 121, 121, 121, 121,
121, 121, 121, 121, 121, 121, 121, 222, 222, 222, 121, 121, 121, 121, 121, 121,
121, 121, 121, 121, 121, 121, 121, 221, 222, 222, 222, 121, 121, 121, 121, 121,
121, 221, 221, 222, 232, 232, 232, 221, 221, 221, 221, 121, 221, 221, 221, 221,
221, 221, 221, 221, 221, 232, 222, 232, 222, 221, 221, 121, 221, 221, 221, 221,
221, 121, 121, 221, 221, 221, 222, 232, 221, 221, 221, 221, 121, 121, 221, 221,
221, 221, 221, 221, 221, 221, 221, 121, 232, 232, 222, 221, 121, 121, 221, 221,
221, 221, 221, 121, 221, 221, 221, 221, 221, 222, 232, 221, 221, 221, 121, 221,
221, 221, 221, 221, 221, 221, 221, 221, 121, 221, 232, 232, 222, 221, 221, 221,
221, 221, 221, 121, 121, 221, 221, 222, 232, 232, 232, 221, 221, 221, 221, 121,
221, 221, 221, 221, 221, 221, 221, 221, 221, 232, 222, 232, 222, 221, 221, 121,
221, 221, 221, 221, 221, 121, 121, 221, 221, 221, 222, 232, 221, 221, 221, 221,
121, 121, 221, 221, 221, 221, 221, 221, 221, 221, 221, 121, 232, 232, 222, 221,
121, 121, 221, 221, 221, 221, 221, 121, 221, 221, 221, 221, 221, 222, 232, 221,
221, 221, 121, 221, 221, 221, 221, 221, 221, 221, 221, 221, 121, 221, 232, 232,
222, 221, 221, 221, 221, 221, 221, 121, 121, 221, 221, 222, 232, 232, 232, 221,
221, 221, 221, 121, 221, 221, 221, 221, 221, 221, 221, 221, 221, 232, 222, 232,
222, 221, 221, 121, 221, 221, 221, 221, 221, 121, 121, 221, 221, 221, 222, 232,
221, 221, 221, 221, 121, 121, 221, 221, 221, 221, 221, 221, 221, 221, 221, 121,
232, 232, 222, 221, 121, 121, 221, 221, 221, 221, 221, 121, 221, 221, 221, 221,
221, 222, 232, 221, 221, 221, 121, 221, 221, 221, 221, 221, 221, 221, 221, 221,
121, 221, 232, 232, 222, 221, 221, 221, 221, 221, 221, 121, 121, 221, 221, 222,
232, 232, 232, 221, 221, 221, 221, 121, 221, 221, 221, 221, 221, 221, 221, 221,
221, 232, 222, 232, 222, 221, 221, 121, 221, 221, 221, 221, 221, 121, 121, 221,
221, 221, 222, 232, 221, 221, 221, 221, 121, 121, 221, 221, 221, 221, 221, 221,
221, 221, 221, 121, 232, 232, 222, 221, 121, 121, 221, 221, 221, 221, 221, 121,
221, 221, 221, 221, 221, 222, 232, 221, 221, 221, 121, 221, 221, 221, 221, 221,
221, 221, 221, 221, 121, 221, 232, 232, 222, 221, 221, 221, 221, 221, 221, 121,
232, 565, 565, 565, 565, 676, 665, 565, 676, 565, 676, 332, 554, 565, 565, 565,
676, 676, 676, 676, 676, 565, 343, 565, 676, 676, 676, 232, 565, 565, 665, 565,
676, 343, 454, 565, 565, 565, 676, 676, 565, 676, 665, 676, 443, 443, 565, 565,
565, 676, 676, 676, 676, 565, 676, 332, 565, 676, 676, 776, 343, 454, 565, 565,
675, 676, 554, 343, 565, 565, 565, 565, 676, 565, 676, 676, 665, 565, 332, 565,
565, 565, 665, 676, 676, 676, 565, 676, 343, 454, 665, 565, 565, 665, 676, 565,
676, 665, 676, 454, 232, 565, 565, 565, 565, 676, 665, 565, 676, 565, 676, 332,
554, 565, 565, 565, 676, 676, 676, 676, 676, 565, 343, 565, 676, 676, 676, 232,
565, 565, 665, 565, 676, 343, 454, 565, 565, 565, 676, 676, 565, 676, 665, 676,
443, 443, 565, 565, 565, 676, 676, 676, 676, 565, 676, 332, 565, 676, 676, 776,
343, 454, 565, 565, 675, 676, 554, 343, 565, 565, 565, 565, 676, 565, 676, 676,
665, 565, 332, 565, 565, 565, 665, 676, 676, 676, 565, 676, 343, 454, 665, 565,
565, 665, 676, 565, 676, 665, 676, 454, 232, 565, 565, 565, 565, 676, 665, 565,
676, 565, 676, 332, 554, 565, 565, 565, 676, 676, 676, 676, 676, 565, 343, 565,
676, 676, 676, 232, 565, 565, 665, 565, 676, 343, 454, 565, 565, 565, 676, 676,
565, 676, 665, 676, 443, 443, 565, 565, 565, 676, 676, 676, 676, 565, 676, 332,
565, 676, 676, 776, 343, 454, 565, 565, 675, 676, 554, 343, 565, 565, 565, 565,
676, 565, 676, 676, 665, 565, 332, 565, 565, 565, 665, 676, 676, 676, 565, 676,
343, 454, 665, 565, 565, 665, 676, 565, 676, 665, 676, 454, 232, 565, 565, 565,
565, 676, 665, 565, 676, 565, 676, 332, 554, 565, 565, 565, 676, 676, 676, 676,
676, 565, 343, 565, 676, 676, 676, 232, 565, 565, 665, 565, 676, 343, 454, 565,
565, 565, 676, 676, 565, 676, 665, 676, 443, 443, 565, 565, 565, 676, 676, 676,
676, 565, 676, 332, 565, 676, 676, 776, 343, 454, 565, 565, 675, 676, 554, 343,
565, 565, 565, 565, 676, 565, 676, 676, 665, 565, 332, 565, 565, 565, 665, 676,
676, 676, 565, 676, 343, 454, 665, 565, 565, 665, 676, 565, 676, 665, 676, 454,
232, 565, 454, 665, 676, 555, 665, 787, 676, 454, 676, 343, 565, 676, 554, 554,
676, 454, 565, 554, 676, 565, 343, 554, 676, 676, 786, 332, 454, 665, 565, 554,
665, 343, 554, 565, 565, 676, 565, 565, 787, 676, 565, 676, 454, 454, 676, 565,
454, 665, 565, 565, 565, 565, 676, 343, 454, 676, 676, 787, 343, 343, 565, 565,
565, 565, 454, 343, 665, 554, 676, 565, 565, 676, 787, 565, 565, 565, 343, 676,
675, 454, 565, 565, 454, 565, 564, 676, 343, 564, 665, 565, 676, 554, 565, 787,
776, 565, 665, 454, 232, 565, 454, 665, 676, 555, 665, 787, 676, 454, 676, 343,
565, 676, 554, 554, 676, 454, 565, 554, 676, 565, 343, 554, 676, 676, 786, 332,
454, 665, 565, 554, 665, 343, 554, 565, 565, 676, 565, 565, 787, 676, 565, 676,
454, 454, 676, 565, 454, 665, 565, 565, 565, 565, 676, 343, 454, 676, 676, 787,
343, 343, 565, 565, 565, 565, 454, 343, 665, 554, 676, 565, 565, 676, 787, 565,
565, 565, 343, 676, 675, 454, 565, 565, 454, 565, 564, 676, 343, 564, 665, 565,
676, 554, 565, 787, 776, 565, 665, 454, 232, 565, 454, 665, 676, 555, 665, 787,
676, 454, 676, 343, 565, 676, 554, 554, 676, 454, 565, 554, 676, 565, 343, 554,
676, 676, 786, 332, 454, 665, 565, 554, 665, 343, 554, 565, 565, 676, 565, 565,
787, 676, 565, 676, 454, 454, 676, 565, 454, 665, 565, 565, 565, 565, 676, 343,
454, 676, 676, 787, 343, 343, 565, 565, 565, 565, 454, 343, 665, 554, 676, 565,
565, 676, 787, 565, 565, 565, 343, 676, 675, 454, 565, 565, 454, 565, 564, 676,
343, 564, 665, 565, 676, 554, 565, 787, 776, 565, 665, 454, 232, 565, 454, 665,
676, 555, 665, 787, 676, 454, 676, 343, 565, 676, 554, 554, 676, 454, 565, 554,
676, 565, 343, 554, 676, 676, 786, 332, 454, 665, 565, 554, 665, 343, 554, 565,
565, 676, 565, 565, 787, 676, 565, 676, 454, 454, 676, 565, 454, 665, 565, 565,
565, 565, 676, 343, 454, 676, 676, 787, 343, 343, 565, 565, 565, 565, 454, 343,
665, 554, 676, 565, 565, 676, 787, 565, 565, 565, 343, 676, 675, 454, 565, 565,
454, 565, 564, 676, 343, 564, 665, 565, 676, 554, 565, 787, 776, 565, 665, 454,
232, 454, 454, 454, 565, 454, 454, 665, 565, 444, 565, 343, 454, 565, 565, 454,
454, 454, 454, 454, 343, 232, 232, 443, 454, 676, 676, 332, 444, 454, 454, 454,
665, 343, 443, 454, 454, 554, 565, 454, 565, 665, 454, 555, 454, 343, 454, 565,
454, 454, 454, 454, 454, 343, 232, 232, 443, 454, 676, 787, 343, 343, 454, 454,
454, 565, 565, 333, 454, 454, 454, 565, 454, 554, 676, 454, 454, 565, 332, 454,
565, 554, 454, 454, 454, 454, 454, 332, 222, 454, 454, 454, 454, 554, 454, 565,
665, 454, 554, 454, 232, 454, 454, 454, 565, 454, 454, 665, 565, 444, 565, 343,
454, 565, 565, 454, 454, 454, 454, 454, 343, 232, 232, 443, 454, 676, 676, 332,
444, 454, 454, 454, 665, 343, 443, 454, 454, 554, 565, 454, 565, 665, 454, 555,
454, 343, 454, 565, 454, 454, 454, 454, 454, 343, 232, 232, 443, 454, 676, 787,
343, 343, 454, 454, 454, 565, 565, 333, 454, 454, 454, 565, 454, 554, 676, 454,
454, 565, 332, 454, 565, 554, 454, 454, 454, 454, 454, 332, 222, 454, 454, 454,
454, 554, 454, 565, 665, 454, 554, 454, 232, 454, 454, 454, 565, 454, 454, 665,
565, 444, 565, 343, 454, 565, 565, 454, 454, 454, 454, 454, 343, 232, 232, 443,
454, 676, 676, 332, 444, 454, 454, 454, 665, 343, 443, 454, 454, 554, 565, 454,
565, 665, 454, 555, 454, 343, 454, 565, 454, 454, 454, 454, 454, 343, 232, 232,
443, 454, 676, 787, 343, 343, 454, 454, 454, 565, 565, 333, 454, 454, 454, 565,
454, 554, 676, 454, 454, 565, 332, 454, 565, 554, 454, 454, 454, 454, 454, 332,
222, 454, 454, 454, 454, 554, 454, 565, 665, 454, 554, 454, 232, 454, 454, 454,
565, 454, 454, 665, 565, 444, 565, 343, 454, 565, 565, 454, 454, 454, 454, 454,
343, 232, 232, 443, 454, 676, 676, 332, 444, 454, 454, 454, 665, 343, 443, 454,
454, 554, 565, 454, 565, 665, 454, 555, 454, 343, 454, 565, 454, 454, 454, 454,
454, 343, 232, 232, 443, 454, 676, 787, 343, 343, 454, 454, 454, 565, 565, 333,
454, 454, 454, 565, 454, 554, 676, 454, 454, 565, 332, 454, 565, 554, 454, 454,
454, 454, 454, 332, 222, 454, 454, 454, 454, 554, 454, 565, 665, 454, 554, 454,
232, 343, 454, 454, 454, 454, 454, 454, 454, 444, 565, 343, 443, 454, 454, 454,
454, 454, 343, 343, 222, 121, 121, 333, 454, 565, 565, 232, 443, 454, 454, 454,
565, 343, 343, 454, 454, 454, 554, 454, 454, 454, 454, 554, 454, 343, 454, 454,
454, 454, 454, 343, 343, 332, 121, 222, 232, 444, 454, 676, 343, 343, 454, 454,
454, 565, 554, 232, 444, 454, 454, 554, 454, 454, 454, 454, 454, 565, 332, 454,
454, 454, 454, 454, 454, 332, 343, 121, 222, 343, 454, 454, 454, 454, 454, 454,
454, 454, 454, 454, 232, 343, 454, 454, 454, 454, 454, 454, 454, 444, 565, 343,
443, 454, 454, 454, 454, 454, 343, 343, 222, 121, 121, 333, 454, 565, 565, 232,
443, 454, 454, 454, 565, 343, 343, 454, 454, 454, 554, 454, 454, 454, 454, 554,
454, 343, 454, 454, 454, 454, 454, 343, 343, 332, 121, 222, 232, 444, 454, 676,
343, 343, 454, 454, 454, 565, 554, 232, 444, 454, 454, 554, 454, 454, 454, 454,
454, 565, 332, 454, 454, 454, 454, 454, 454, 332, 343, 121, 222, 343, 454, 454,
454, 454, 454, 454, 454, 454, 454, 454, 232, 343, 454, 454, 454, 454, 454, 454,
454, 444, 565, 343, 443, 454, 454, 454, 454, 454, 343, 343, 222, 121, 121, 333,
454, 565, 565, 232, 443, 454, 454, 454, 565, 343, 343, 454, 454, 454, 554, 454,
454, 454, 454, 554, 454, 343, 454, 454, 454, 454, 454, 343, 343, 332, 121, 222,
232, 444, 454, 676, 343, 343, 454, 454, 454, 565, 554, 232, 444, 454, 454, 554,
454, 454, 454, 454, 454, 565, 332, 454, 454, 454, 454, 454, 454, 332, 343, 121,
222, 343, 454, 454, 454, 454, 454, 454, 454, 454, 454, 454, 232, 343, 454, 454,
454, 454, 454, 454, 454, 444, 565, 343, 443, 454, 454, 454, 454, 454, 343, 343,
222, 121, 121, 333, 454, 565, 565, 232, 443, 454, 454, 454, 565, 343, 343, 454,
454, 454, 554, 454, 454, 454, 454, 554, 454, 343, 454, 454, 454, 454, 454, 343,
343, 332, 121, 222, 232, 444, 454, 676, 343, 343, 454, 454, 454, 565, 554, 232,
444, 454, 454, 554, 454, 454, 454, 454, 454, 565, 332, 454, 454, 454, 454, 454,
454, 332, 343, 121, 222, 343, 454, 454, 454, 454, 454, 454, 454, 454, 454, 454,
221, 232, 454, 454, 454, 454, 454, 454, 454, 454, 554, 332, 343, 444, 454, 454,
454, 454, 343, 232, 222, 232, 221, 343, 454, 454, 555, 222, 343, 454, 454, 454,
555, 343, 222, 444, 454, 454, 454, 454, 454, 454, 454, 454, 343, 343, 443, 454,
454, 454, 454, 454, 232, 221, 232, 222, 332, 454, 444, 554, 332, 232, 454, 454,
454, 454, 454, 221, 343, 454, 454, 454, 454, 454, 454, 454, 454, 454, 332, 443,
454, 454, 454, 454, 454, 343, 222, 232, 232, 232, 443, 454, 454, 454, 454, 454,
454, 454, 454, 443, 221, 232, 454, 454, 454, 454, 454, 454, 454, 454, 554, 332,
343, 444, 454, 454, 454, 454, 343, 232, 222, 232, 221, 343, 454, 454, 555, 222,
343, 454, 454, 454, 555, 343, 222, 444, 454, 454, 454, 454, 454, 454, 454, 454,
343, 343, 443, 454, 454, 454, 454, 454, 232, 221, 232, 222, 332, 454, 444, 554,
332, 232, 454, 454, 454, 454, 454, 221, 343, 454, 454, 454, 454, 454, 454, 454,
454, 454, 332, 443, 454, 454, 454, 454, 454, 343, 222, 232, 232, 232, 443, 454,
454, 454, 454, 454, 454, 454, 454, 443, 221, 232, 454, 454, 454, 454, 454, 454,
454, 454, 554, 332, 343, 444, 454, 454, 454, 454, 343, 232, 222, 232, 221, 343,
454, 454, 555, 222, 343, 454, 454, 454, 555, 343, 222, 444, 454, 454, 454, 454,
454, 454, 454, 454, 343, 343, 443, 454, 454, 454, 454, 454, 232, 221, 232, 222,
332, 454, 444, 554, 332, 232, 454, 454, 454, 454, 454, 221, 343, 454, 454, 454,
454, 454, 454, 454, 454, 454, 332, 443, 454, 454, 454, 454, 454, 343, 222, 232,
232, 232, 443, 454, 454, 454, 454, 454, 454, 454, 454, 443, 221, 232, 454, 454,
454, 454, 454, 454, 454, 454, 554, 332, 343, 444, 454, 454, 454, 454, 343, 232,
222, 232, 221, 343, 454, 454, 555, 222, 343, 454, 454, 454, 555, 343, 222, 444,
454, 454, 454, 454, 454, 454, 454, 454, 343, 343, 443, 454, 454, 454, 454, 454,
232, 221, 232, 222, 332, 454, 444, 554, 332, 232, 454, 454, 454, 454, 454, 221,
343, 454, 454, 454, 454, 454, 454, 454, 454, 454, 332, 443, 454, 454, 454, 454,
454, 343, 222, 232, 232, 232, 443, 454, 454, 454, 454, 454, 454, 454, 454, 443,
121, 221, 343, 454, 454, 454, 454, 454, 454, 454, 565, 232, 232, 343, 454, 454,
343, 343, 332, 222, 333, 232, 221, 443, 454, 454, 565, 222, 232, 454, 454, 454,
454, 333, 121, 332, 454, 454, 454, 454, 454, 454, 454, 565, 343, 232, 332, 454,
454, 343, 343, 333, 222, 232, 332, 121, 343, 454, 454, 554, 343, 221, 443, 454,
454, 454, 454, 121, 222, 343, 454, 454, 454, 454, 454, 454, 454, 454, 232, 232,
443, 454, 443, 343, 333, 232, 232, 343, 232, 121, 232, 454, 454, 454, 454, 454,
454, 454, 565, 443, 121, 221, 343, 454, 454, 454, 454, 454, 454, 454, 565, 232,
232, 343, 454, 454, 343, 343, 332, 222, 333, 232, 221, 443, 454, 454, 565, 222,
232, 454, 454, 454, 454, 333, 121, 332, 454, 454, 454, 454, 454, 454, 454, 565,
343, 232, 332, 454, 454, 343, 343, 333, 222, 232, 332, 121, 343, 454, 454, 554,
343, 221, 443, 454, 454, 454, 454, 121, 222, 343, 454, 454, 454, 454, 454, 454,
454, 454, 232, 232, 443, 454, 443, 343, 333, 232, 232, 343, 232, 121, 232, 454,
454, 454, 454, 454, 454, 454, 565, 443, 121, 221, 343, 454, 454, 454, 454, 454,
454, 454, 565, 232, 232, 343, 454, 454, 343, 343, 332, 222, 333, 232, 221, 443,
454, 454, 565, 222, 232, 454, 454, 454, 454, 333, 121, 332, 454, 454, 454, 454,
454, 454, 454, 565, 343, 232, 332, 454, 454, 343, 343, 333, 222, 232, 332, 121,
343, 454, 454, 554, 343, 221, 443, 454, 454, 454, 454, 121, 222, 343, 454, 454,
454, 454, 454, 454, 454, 454, 232, 232, 443, 454, 443, 343, 333, 232, 232, 343,
232, 121, 232, 454, 454, 454, 454, 454, 454, 454, 565, 443, 121, 221, 343, 454,
454, 454, 454, 454, 454, 454, 565, 232, 232, 343, 454, 454, 343, 343, 332, 222,
333, 232, 221, 443, 454, 454, 565, 222, 232, 454, 454, 454, 454, 333, 121, 332,
454, 454, 454, 454, 454, 454, 454, 565, 343, 232, 332, 454, 454, 343, 343, 333,
222, 232, 332, 121, 343, 454, 454, 554, 343, 221, 443, 454, 454, 454, 454, 121,
222, 343, 454, 454, 454, 454, 454, 454, 454, 454, 232, 232, 443, 454, 443, 343,
333, 232, 232, 343, 232, 121, 232, 454, 454, 454, 454, 454, 454, 454, 565, 443,
221, 222, 232, 454, 454, 454, 454, 454, 454, 454, 676, 232, 222, 333, 343, 343,
232, 221, 121, 221, 332, 121, 232, 454, 454, 454, 565, 222, 222, 443, 454, 444,
343, 222, 121, 221, 443, 454, 454, 454, 454, 454, 444, 565, 443, 121, 232, 343,
343, 232, 222, 221, 121, 332, 222, 221, 343, 454, 454, 565, 343, 121, 343, 454,
454, 343, 332, 121, 121, 332, 454, 454, 454, 454, 454, 454, 554, 565, 121, 232,
343, 343, 332, 222, 221, 121, 232, 232, 221, 121, 121, 343, 454, 454, 454, 454,
454, 444, 565, 454, 221, 222, 232, 454, 454, 454, 454, 454, 454, 454, 676, 232,
222, 333, 343, 343, 232, 221, 121, 221, 332, 121, 232, 454, 454, 454, 565, 222,
222, 443, 454, 444, 343, 222, 121, 221, 443, 454, 454, 454, 454, 454, 444, 565,
443, 121, 232, 343, 343, 232, 222, 221, 121, 332, 222, 221, 343, 454, 454, 565,
343, 121, 343, 454, 454, 343, 332, 121, 121, 332, 454, 454, 454, 454, 454, 454,
554, 565, 121, 232, 343, 343, 332, 222, 221, 121, 232, 232, 221, 121, 121, 343,
454, 454, 454, 454, 454, 444, 565, 454, 221, 222, 232, 454, 454, 454, 454, 454,
454, 454, 676, 232, 222, 333, 343, 343, 232, 221, 121, 221, 332, 121, 232, 454,
454, 454, 565, 222, 222, 443, 454, 444, 343, 222, 121, 221, 443, 454, 454, 454,
454, 454, 444, 565, 443, 121, 232, 343, 343, 232, 222, 221, 121, 332, 222, 221,
343, 454, 454, 565, 343, 121, 343, 454, 454, 343, 332, 121, 121, 332, 454, 454,
454, 454, 454, 454, 554, 565, 121, 232, 343, 343, 332, 222, 221, 121, 232, 232,
221, 121, 121, 343, 454, 454, 454, 454, 454, 444, 565, 454, 221, 222, 232, 454,
454, 454, 454, 454, 454, 454, 676, 232, 222, 333, 343, 343, 232, 221, 121, 221,
332, 121, 232, 454, 454, 454, 565, 222, 222, 443, 454, 444, 343, 222, 121, 221,
443, 454, 454, 454, 454, 454, 444, 565, 443, 121, 232, 343, 343, 232, 222, 221,
121, 332, 222, 221, 343, 454, 454, 565, 343, 121, 343, 454, 454, 343, 332, 121,
121, 332, 454, 454, 454, 454, 454, 454, 554, 565, 121, 232, 343, 343, 332, 222,
221, 121, 232, 232, 221, 121, 121, 343, 454, 454, 454, 454, 454, 444, 565, 454,
121, 232, 232, 232, 443, 454, 443, 343, 454, 454, 676, 232, 121, 232, 222, 221,
121, 121, 121, 121, 121, 121, 333, 454, 454, 454, 665, 222, 222, 232, 443, 343,
232, 232, 221, 232, 232, 343, 454, 444, 343, 444, 454, 676, 443, 121, 222, 222,
222, 121, 121, 121, 121, 121, 121, 232, 454, 454, 454, 665, 343, 221, 232, 343,
443, 232, 232, 121, 232, 232, 343, 454, 454, 343, 443, 454, 565, 565, 121, 221,
232, 222, 221, 111, 121, 121, 121, 121, 121, 121, 222, 222, 343, 454, 444, 343,
444, 454, 665, 454, 121, 232, 232, 232, 443, 454, 443, 343, 454, 454, 676, 232,
121, 232, 222, 221, 121, 121, 121, 121, 121, 121, 333, 454, 454, 454, 665, 222,
222, 232, 443, 343, 232, 232, 221, 232, 232, 343, 454, 444, 343, 444, 454, 676,
443, 121, 222, 222, 222, 121, 121, 121, 121, 121, 121, 232, 454, 454, 454, 665,
343, 221, 232, 343, 443, 232, 232, 121, 232, 232, 343, 454, 454, 343, 443, 454,
565, 565, 121, 221, 232, 222, 221, 111, 121, 121, 121, 121, 121, 121, 222, 222,
343, 454, 444, 343, 444, 454, 665, 454, 121, 232, 232, 232, 443, 454, 443, 343,
454, 454, 676, 232, 121, 232, 222, 221, 121, 121, 121, 121, 121, 121, 333, 454,
454, 454, 665, 222, 222, 232, 443, 343, 232, 232, 221, 232, 232, 343, 454, 444,
343, 444, 454, 676, 443, 121, 222, 222, 222, 121, 121, 121, 121, 121, 121, 232,
454, 454, 454, 665, 343, 221, 232, 343, 443, 232, 232, 121, 232, 232, 343, 454,
454, 343, 443, 454, 565, 565, 121, 221, 232, 222, 221, 111, 121, 121, 121, 121,
121, 121, 222, 222, 343, 454, 444, 343, 444, 454, 665, 454, 121, 232, 232, 232,
443, 454, 443, 343, 454, 454, 676, 232, 121, 232, 222, 221, 121, 121, 121, 121,
121, 121, 333, 454, 454, 454, 665, 222, 222, 232, 443, 343, 232, 232, 221, 232,
232, 343, 454, 444, 343, 444, 454, 676, 443, 121, 222, 222, 222, 121, 121, 121,
121, 121, 121, 232, 454, 454, 454, 665, 343, 221, 232, 343, 443, 232, 232, 121,
232, 232, 343, 454, 454, 343, 443, 454, 565, 565, 121, 221, 232, 222, 221, 111,
121, 121, 121, 121, 121, 121, 222, 222, 343, 454, 444, 343, 444, 454, 665, 454,
121, 343, 343, 121, 333, 454, 332, 232, 343, 554, 665, 232, 343, 343, 443, 343,
454, 232, 232, 443, 343, 343, 332, 454, 444, 454, 565, 232, 232, 222, 332, 232,
333, 343, 232, 443, 222, 222, 454, 343, 232, 343, 454, 665, 343, 232, 343, 343,
343, 454, 343, 232, 343, 443, 343, 232, 454, 444, 444, 565, 343, 232, 232, 232,
332, 232, 443, 121, 343, 333, 221, 343, 444, 232, 332, 454, 565, 555, 232, 343,
343, 343, 443, 454, 232, 343, 443, 343, 232, 222, 343, 221, 222, 454, 343, 232,
343, 454, 665, 443, 121, 343, 343, 121, 333, 454, 332, 232, 343, 554, 665, 232,
343, 343, 443, 343, 454, 232, 232, 443, 343, 343, 332, 454, 444, 454, 565, 232,
232, 222, 332, 232, 333, 343, 232, 443, 222, 222, 454, 343, 232, 343, 454, 665,
343, 232, 343, 343, 343, 454, 343, 232, 343, 443, 343, 232, 454, 444, 444, 565,
343, 232, 232, 232, 332, 232, 443, 121, 343, 333, 221, 343, 444, 232, 332, 454,
565, 555, 232, 343, 343, 343, 443, 454, 232, 343, 443, 343, 232, 222, 343, 221,
222, 454, 343, 232, 343, 454, 665, 443, 121, 343, 343, 121, 333, 454, 332, 232,
343, 554, 665, 232, 343, 343, 443, 343, 454, 232, 232, 443, 343, 343, 332, 454,
444, 454, 565, 232, 232, 222, 332, 232, 333, 343, 232, 443, 222, 222, 454, 343,
232, 343, 454, 665, 343, 232, 343, 343, 343, 454, 343, 232, 343, 443, 343, 232,
454, 444, 444, 565, 343, 232, 232, 232, 332, 232, 443, 121, 343, 333, 221, 343,
444, 232, 332, 454, 565, 555, 232, 343, 343, 343, 443, 454, 232, 343, 443, 343,
232, 222, 343, 221, 222, 454, 343, 232, 343, 454, 665, 443, 121, 343, 343, 121,
333, 454, 332, 232, 343, 554, 665, 232, 343, 343, 443, 343, 454, 232, 232, 443,
343, 343, 332, 454, 444, 454, 565, 232, 232, 222, 332, 232, 333, 343, 232, 443,
222, 222, 454, 343, 232, 343, 454, 665, 343, 232, 343, 343, 343, 454, 343, 232,
343, 443, 343, 232, 454, 444, 444, 565, 343, 232, 232, 232, 332, 232, 443, 121,
343, 333, 221, 343, 444, 232, 332, 454, 565, 555, 232, 343, 343, 343, 443, 454,
232, 343, 443, 343, 232, 222, 343, 221, 222, 454, 343, 232, 343, 454, 665, 443,
121, 333, 343, 232, 222, 343, 232, 232, 343, 454, 565, 332, 564, 665, 676, 565,
787, 454, 443, 676, 676, 565, 332, 443, 333, 443, 454, 232, 343, 332, 222, 232,
454, 333, 232, 444, 332, 221, 343, 232, 221, 343, 454, 565, 343, 444, 565, 676,
665, 676, 676, 332, 676, 676, 676, 332, 443, 343, 343, 454, 333, 343, 343, 222,
232, 343, 454, 222, 343, 343, 222, 232, 343, 221, 232, 454, 454, 554, 333, 565,
676, 676, 675, 787, 333, 565, 676, 676, 443, 222, 343, 332, 221, 343, 232, 221,
343, 454, 565, 443, 121, 333, 343, 232, 222, 343, 232, 232, 343, 454, 565, 332,
564, 665, 676, 565, 787, 454, 443, 676, 676, 565, 332, 443, 333, 443, 454, 232,
343, 332, 222, 232, 454, 333, 232, 444, 332, 221, 343, 232, 221, 343, 454, 565,
343, 444, 565, 676, 665, 676, 676, 332, 676, 676, 676, 332, 443, 343, 343, 454,
333, 343, 343, 222, 232, 343, 454, 222, 343, 343, 222, 232, 343, 221, 232, 454,
454, 554, 333, 565, 676, 676, 675, 787, 333, 565, 676, 676, 443, 222, 343, 332,
221, 343, 232, 221, 343, 454, 565, 443, 121, 333, 343, 232, 222, 343, 232, 232,
343, 454, 565, 332, 564, 665, 676, 565, 787, 454, 443, 676, 676, 565, 332, 443,
333, 443, 454, 232, 343, 332, 222, 232, 454, 333, 232, 444, 332, 221, 343, 232,
221, 343, 454, 565, 343, 444, 565, 676, 665, 676, 676, 332, 676, 676, 676, 332,
443, 343, 343, 454, 333, 343, 343, 222, 232, 343, 454, 222, 343, 343, 222, 232,
343, 221, 232, 454, 454, 554, 333, 565, 676, 676, 675, 787, 333, 565, 676, 676,
443, 222, 343, 332, 221, 343, 232, 221, 343, 454, 565, 443, 121, 333, 343, 232,
222, 343, 232, 232, 343, 454, 565, 332, 564, 665, 676, 565, 787, 454, 443, 676,
676, 565, 332, 443, 333, 443, 454, 232, 343, 332, 222, 232, 454, 333, 232, 444,
332, 221, 343, 232, 221, 343, 454, 565, 343, 444, 565, 676, 665, 676, 676, 332,
676, 676, 676, 332, 443, 343, 343, 454, 333, 343, 343, 222, 232, 343, 454, 222,
343, 343, 222, 232, 343, 221, 232, 454, 454, 554, 333, 565, 676, 676, 675, 787,
333, 565, 676, 676, 443, 222, 343, 332, 221, 343, 232, 221, 343, 454, 565, 443,
121, 221, 232, 332, 221, 222, 332, 343, 443, 443, 454, 232, 443, 454, 565, 444,
565, 454, 343, 565, 565, 565, 232, 332, 232, 443, 554, 332, 454, 443, 332, 343,
554, 343, 221, 232, 343, 222, 221, 232, 343, 343, 443, 454, 343, 343, 454, 565,
454, 454, 565, 232, 555, 554, 665, 332, 343, 232, 343, 554, 343, 343, 454, 343,
232, 454, 454, 222, 232, 343, 232, 121, 232, 332, 343, 443, 443, 443, 332, 444,
554, 454, 444, 565, 333, 454, 565, 565, 343, 121, 232, 343, 222, 221, 232, 343,
343, 443, 454, 343, 121, 221, 232, 332, 221, 222, 332, 343, 443, 443, 454, 232,
443, 454, 565, 444, 565, 454, 343, 565, 565, 565, 232, 332, 232, 443, 554, 332,
454, 443, 332, 343, 554, 343, 221, 232, 343, 222, 221, 232, 343, 343, 443, 454,
343, 343, 454, 565, 454, 454, 565, 232, 555, 554, 665, 332, 343, 232, 343, 554,
343, 343, 454, 343, 232, 454, 454, 222, 232, 343, 232, 121, 232, 332, 343, 443,
443, 443, 332, 444, 554, 454, 444, 565, 333, 454, 565, 565, 343, 121, 232, 343,
222, 221, 232, 343, 343, 443, 454, 343, 121, 221, 232, 332, 221, 222, 332, 343,
443, 443, 454, 232, 443, 454, 565, 444, 565, 454, 343, 565, 565, 565, 232, 332,
232, 443, 554, 332, 454, 443, 332, 343, 554, 343, 221, 232, 343, 222, 221, 232,
343, 343, 443, 454, 343, 343, 454, 565, 454, 454, 565, 232, 555, 554, 665, 332,
343, 232, 343, 554, 343, 343, 454, 343, 232, 454, 454, 222, 232, 343, 232, 121,
232, 332, 343, 443, 443, 443, 332, 444, 554, 454, 444, 565, 333, 454, 565, 565,
343, 121, 232, 343, 222, 221, 232, 343, 343, 443, 454, 343, 121, 221, 232, 332,
221, 222, 332, 343, 443, 443, 454, 232, 443, 454, 565, 444, 565, 454, 343, 565,
565, 565, 232, 332, 232, 443, 554, 332, 454, 443, 332, 343, 554, 343, 221, 232,
343, 222, 221, 232, 343, 343, 443, 454, 343, 343, 454, 565, 454, 454, 565, 232,
555, 554, 665, 332, 343, 232, 343, 554, 343, 343, 454, 343, 232, 454, 454, 222,
232, 343, 232, 121, 232, 332, 343, 443, 443, 443, 332, 444, 554, 454, 444, 565,
333, 454, 565, 565, 343, 121, 232, 343, 222, 221, 232, 343, 343, 443, 454, 343,
121, 121, 232, 121, 121, 221, 232, 232, 232, 232, 232, 232, 444, 454, 454, 454,
454, 343, 343, 454, 454, 454, 221, 222, 332, 443, 454, 232, 454, 454, 443, 443,
565, 343, 121, 232, 222, 121, 121, 232, 232, 232, 232, 232, 222, 343, 454, 454,
454, 454, 454, 332, 454, 454, 565, 232, 222, 232, 343, 454, 333, 343, 454, 454,
443, 454, 554, 221, 232, 232, 121, 121, 222, 232, 232, 232, 232, 232, 332, 454,
454, 454, 454, 454, 332, 443, 454, 554, 343, 121, 222, 222, 121, 121, 232, 232,
232, 232, 232, 222, 121, 121, 232, 121, 121, 221, 232, 232, 232, 232, 232, 232,
444, 454, 454, 454, 454, 343, 343, 454, 454, 454, 221, 222, 332, 443, 454, 232,
454, 454, 443, 443, 565, 343, 121, 232, 222, 121, 121, 232, 232, 232, 232, 232,
222, 343, 454, 454, 454, 454, 454, 332, 454, 454, 565, 232, 222, 232, 343, 454,
333, 343, 454, 454, 443, 454, 554, 221, 232, 232, 121, 121, 222, 232, 232, 232,
232, 232, 332, 454, 454, 454, 454, 454, 332, 443, 454, 554, 343, 121, 222, 222,
121, 121, 232, 232, 232, 232, 232, 222, 121, 121, 232, 121, 121, 221, 232, 232,
232, 232, 232, 232, 444, 454, 454, 454, 454, 343, 343, 454, 454, 454, 221, 222,
332, 443, 454, 232, 454, 454, 443, 443, 565, 343, 121, 232, 222, 121, 121, 232,
232, 232, 232, 232, 222, 343, 454, 454, 454, 454, 454, 332, 454, 454, 565, 232,
222, 232, 343, 454, 333, 343, 454, 454, 443, 454, 554, 221, 232, 232, 121, 121,
222, 232, 232, 232, 232, 232, 332, 454, 454, 454, 454, 454, 332, 443, 454, 554,
343, 121, 222, 222, 121, 121, 232, 232, 232, 232, 232, 222, 121, 121, 232, 121,
121, 221, 232, 232, 232, 232, 232, 232, 444, 454, 454, 454, 454, 343, 343, 454,
454, 454, 221, 222, 332, 443, 454, 232, 454, 454, 443, 443, 565, 343, 121, 232,
222, 121, 121, 232, 232, 232, 232, 232, 222, 343, 454, 454, 454, 454, 454, 332,
454, 454, 565, 232, 222, 232, 343, 454, 333, 343, 454, 454, 443, 454, 554, 221,
232, 232, 121, 121, 222, 232, 232, 232, 232, 232, 332, 454, 454, 454, 454, 454,
332, 443, 454, 554, 343, 121, 222, 222, 121, 121, 232, 232, 232, 232, 232, 222,
121, 221, 232, 232, 232, 222, 232, 232, 232, 232, 232, 232, 443, 454, 454, 454,
454, 343, 343, 454, 454, 454, 121, 232, 332, 332, 232, 232, 454, 454, 454, 454,
565, 343, 121, 232, 232, 232, 232, 221, 232, 232, 232, 232, 222, 343, 454, 454,
454, 454, 454, 332, 454, 454, 565, 222, 221, 332, 232, 232, 232, 343, 454, 454,
454, 454, 554, 121, 232, 232, 232, 232, 221, 232, 232, 232, 232, 232, 232, 454,
454, 454, 454, 565, 332, 443, 454, 554, 343, 121, 232, 232, 232, 232, 221, 232,
232, 232, 232, 222, 121, 221, 232, 232, 232, 222, 232, 232, 232, 232, 232, 232,
443, 454, 454, 454, 454, 343, 343, 454, 454, 454, 121, 232, 332, 332, 232, 232,
454, 454, 454, 454, 565, 343, 121, 232, 232, 232, 232, 221, 232, 232, 232, 232,
222, 343, 454, 454, 454, 454, 454, 332, 454, 454, 565, 222, 221, 332, 232, 232,
232, 343, 454, 454, 454, 454, 554, 121, 232, 232, 232, 232, 221, 232, 232, 232,
232, 232, 232, 454, 454, 454, 454, 565, 332, 443, 454, 554, 343, 121, 232, 232,
232, 232, 221, 232, 232, 232, 232, 222, 121, 221, 232, 232, 232, 222, 232, 232,
232, 232, 232, 232, 443, 454, 454, 454, 454, 343, 343, 454, 454, 454, 121, 232,
332, 332, 232, 232, 454, 454, 454, 454, 565, 343, 121, 232, 232, 232, 232, 221,
232, 232, 232, 232, 222, 343, 454, 454, 454, 454, 454, 332, 454, 454, 565, 222,
221, 332, 232, 232, 232, 343, 454, 454, 454, 454, 554, 121, 232, 232, 232, 232,
221, 232, 232, 232, 232, 232, 232, 454, 454, 454, 454, 565, 332, 443, 454, 554,
343, 121, 232, 232, 232, 232, 221, 232, 232, 232, 232, 222, 121, 221, 232, 232,
232, 222, 232, 232, 232, 232, 232, 232, 443, 454, 454, 454, 454, 343, 343, 454,
454, 454, 121, 232, 332, 332, 232, 232, 454, 454, 454, 454, 565, 343, 121, 232,
232, 232, 232, 221, 232, 232, 232, 232, 222, 343, 454, 454, 454, 454, 454, 332,
454, 454, 565, 222, 221, 332, 232, 232, 232, 343, 454, 454, 454, 454, 554, 121,
232, 232, 232, 232, 221, 232, 232, 232, 232, 232, 232, 454, 454, 454, 454, 565,
332, 443, 454, 554, 343, 121, 232, 232, 232, 232, 221, 232, 232, 232, 232, 222,
121, 343, 676, 676, 786, 343, 454, 665, 676, 676, 786, 232, 343, 454, 454, 454,
676, 454, 343, 454, 565, 565, 121, 121, 121, 121, 121, 232, 454, 454, 454, 454,
565, 333, 222, 565, 676, 776, 565, 343, 665, 665, 676, 786, 444, 232, 454, 454,
444, 554, 665, 332, 454, 454, 676, 222, 121, 121, 121, 121, 221, 343, 454, 454,
454, 565, 454, 121, 454, 676, 676, 676, 332, 565, 565, 676, 676, 665, 222, 454,
454, 454, 454, 676, 343, 443, 454, 676, 343, 221, 565, 676, 776, 565, 343, 665,
665, 676, 786, 454, 121, 343, 676, 676, 786, 343, 454, 665, 676, 676, 786, 232,
343, 454, 454, 454, 676, 454, 343, 454, 565, 565, 121, 121, 121, 121, 121, 232,
454, 454, 454, 454, 565, 333, 222, 565, 676, 776, 565, 343, 665, 665, 676, 786,
444, 232, 454, 454, 444, 554, 665, 332, 454, 454, 676, 222, 121, 121, 121, 121,
221, 343, 454, 454, 454, 565, 454, 121, 454, 676, 676, 676, 332, 565, 565, 676,
676, 665, 222, 454, 454, 454, 454, 676, 343, 443, 454, 676, 343, 221, 565, 676,
776, 565, 343, 665, 665, 676, 786, 454, 121, 343, 676, 676, 786, 343, 454, 665,
676, 676, 786, 232, 343, 454, 454, 454, 676, 454, 343, 454, 565, 565, 121, 121,
121, 121, 121, 232, 454, 454, 454, 454, 565, 333, 222, 565, 676, 776, 565, 343,
665, 665, 676, 786, 444, 232, 454, 454, 444, 554, 665, 332, 454, 454, 676, 222,
121, 121, 121, 121, 221, 343, 454, 454, 454, 565, 454, 121, 454, 676, 676, 676,
332, 565, 565, 676, 676, 665, 222, 454, 454, 454, 454, 676, 343, 443, 454, 676,
343, 221, 565, 676, 776, 565, 343, 665, 665, 676, 786, 454, 121, 343, 676, 676,
786, 343, 454, 665, 676, 676, 786, 232, 343, 454, 454, 454, 676, 454, 343, 454,
565, 565, 121, 121, 121, 121, 121, 232, 454, 454, 454, 454, 565, 333, 222, 565,
676, 776, 565, 343, 665, 665, 676, 786, 444, 232, 454, 454, 444, 554, 665, 332,
454, 454, 676, 222, 121, 121, 121, 121, 221, 343, 454, 454, 454, 565, 454, 121,
454, 676, 676, 676, 332, 565, 565, 676, 676, 665, 222, 454, 454, 454, 454, 676,
343, 443, 454, 676, 343, 221, 565, 676, 776, 565, 343, 665, 665, 676, 786, 454,
121, 343, 554, 565, 565, 343, 343, 454, 565, 565, 565, 232, 343, 454, 454, 454,
676, 454, 343, 454, 565, 565, 121, 221, 121, 121, 121, 232, 454, 454, 454, 454,
565, 333, 232, 454, 565, 565, 454, 332, 454, 454, 565, 565, 343, 232, 454, 454,
454, 565, 675, 232, 454, 454, 676, 222, 121, 221, 121, 121, 221, 343, 454, 454,
454, 565, 454, 221, 443, 565, 565, 565, 232, 454, 454, 565, 565, 554, 222, 444,
454, 454, 454, 676, 333, 343, 454, 676, 343, 232, 454, 565, 565, 454, 332, 454,
454, 565, 565, 443, 121, 343, 554, 565, 565, 343, 343, 454, 565, 565, 565, 232,
343, 454, 454, 454, 676, 454, 343, 454, 565, 565, 121, 221, 121, 121, 121, 232,
454, 454, 454, 454, 565, 333, 232, 454, 565, 565, 454, 332, 454, 454, 565, 565,
343, 232, 454, 454, 454, 565, 675, 232, 454, 454, 676, 222, 121, 221, 121, 121,
221, 343, 454, 454, 454, 565, 454, 221, 443, 565, 565, 565, 232, 454, 454, 565,
565, 554, 222, 444, 454, 454, 454, 676, 333, 343, 454, 676, 343, 232, 454, 565,
565, 454, 332, 454, 454, 565, 565, 443, 121, 343, 554, 565, 565, 343, 343, 454,
565, 565, 565, 232, 343, 454, 454, 454, 676, 454, 343, 454, 565, 565, 121, 221,
121, 121, 121, 232, 454, 454, 454, 454, 565, 333, 232, 454, 565, 565, 454, 332,
454, 454, 565, 565, 343, 232, 454, 454, 454, 565, 675, 232, 454, 454, 676, 222,
121, 221, 121, 121, 221, 343, 454, 454, 454, 565, 454, 221, 443, 565, 565, 565,
232, 454, 454, 565, 565, 554, 222, 444, 454, 454, 454, 676, 333, 343, 454, 676,
343, 232, 454, 565, 565, 454, 332, 454, 454, 565, 565, 443, 121, 343, 554, 565,
565, 343, 343, 454, 565, 565, 565, 232, 343, 454, 454, 454, 676, 454, 343, 454,
565, 565, 121, 221, 121, 121, 121, 232, 454, 454, 454, 454, 565, 333, 232, 454,
565, 565, 454, 332, 454, 454, 565, 565, 343, 232, 454, 454, 454, 565, 675, 232,
454, 454, 676, 222, 121, 221, 121, 121, 221, 343, 454, 454, 454, 565, 454, 221,
443, 565, 565, 565, 232, 454, 454, 565, 565, 554, 222, 444, 454, 454, 454, 676,
333, 343, 454, 676, 343, 232, 454, 565, 565, 454, 332, 454, 454, 565, 565, 443,
121, 343, 454, 454, 454, 343, 333, 454, 454, 454, 554, 232, 222, 443, 454, 454,
565, 343, 232, 444, 555, 454, 121, 343, 232, 232, 121, 232, 444, 454, 454, 454,
665, 343, 232, 454, 454, 454, 454, 232, 443, 454, 454, 454, 343, 121, 343, 454,
454, 565, 454, 221, 343, 454, 565, 222, 232, 343, 222, 221, 121, 343, 454, 454,
454, 565, 565, 221, 443, 454, 454, 454, 232, 343, 454, 454, 454, 454, 121, 232,
454, 454, 454, 565, 232, 332, 454, 565, 343, 232, 454, 454, 454, 454, 232, 443,
454, 454, 454, 343, 121, 343, 454, 454, 454, 343, 333, 454, 454, 454, 554, 232,
222, 443, 454, 454, 565, 343, 232, 444, 555, 454, 121, 343, 232, 232, 121, 232,
444, 454, 454, 454, 665, 343, 232, 454, 454, 454, 454, 232, 443, 454, 454, 454,
343, 121, 343, 454, 454, 565, 454, 221, 343, 454, 565, 222, 232, 343, 222, 221,
121, 343, 454, 454, 454, 565, 565, 221, 443, 454, 454, 454, 232, 343, 454, 454,
454, 454, 121, 232, 454, 454, 454, 565, 232, 332, 454, 565, 343, 232, 454, 454,
454, 454, 232, 443, 454, 454, 454, 343, 121, 343, 454, 454, 454, 343, 333, 454,
454, 454, 554, 232, 222, 443, 454, 454, 565, 343, 232, 444, 555, 454, 121, 343,
232, 232, 121, 232, 444, 454, 454, 454, 665, 343, 232, 454, 454, 454, 454, 232,
443, 454, 454, 454, 343, 121, 343, 454, 454, 565, 454, 221, 343, 454, 565, 222,
232, 343, 222, 221, 121, 343, 454, 454, 454, 565, 565, 221, 443, 454, 454, 454,
232, 343, 454, 454, 454, 454, 121, 232, 454, 454, 454, 565, 232, 332, 454, 565,
343, 232, 454, 454, 454, 454, 232, 443, 454, 454, 454, 343, 121, 343, 454, 454,
454, 343, 333, 454, 454, 454, 554, 232, 222, 443, 454, 454, 565, 343, 232, 444,
555, 454, 121, 343, 232, 232, 121, 232, 444, 454, 454, 454, 665, 343, 232, 454,
454, 454, 454, 232, 443, 454, 454, 454, 343, 121, 343, 454, 454, 565, 454, 221,
343, 454, 565, 222, 232, 343, 222, 221, 121, 343, 454, 454, 454, 565, 565, 221,
443, 454, 454, 454, 232, 343, 454, 454, 454, 454, 121, 232, 454, 454, 454, 565,
232, 332, 454, 565, 343, 232, 454, 454, 454, 454, 232, 443, 454, 454, 454, 343,
232, 444, 454, 454, 454, 343, 232, 343, 454, 444, 454, 232, 121, 333, 443, 443,
343, 232, 121, 343, 454, 454, 222, 343, 343, 332, 222, 121, 343, 454, 454, 454,
554, 343, 343, 454, 454, 454, 454, 232, 332, 443, 454, 454, 343, 121, 232, 343,
444, 443, 343, 121, 232, 454, 554, 222, 343, 343, 343, 232, 121, 232, 454, 454,
454, 454, 454, 332, 454, 454, 454, 454, 232, 232, 343, 454, 454, 454, 121, 221,
343, 443, 343, 343, 221, 222, 443, 454, 343, 343, 454, 454, 454, 454, 232, 232,
443, 454, 454, 343, 232, 444, 454, 454, 454, 343, 232, 343, 454, 444, 454, 232,
121, 333, 443, 443, 343, 232, 121, 343, 454, 454, 222, 343, 343, 332, 222, 121,
343, 454, 454, 454, 554, 343, 343, 454, 454, 454, 454, 232, 332, 443, 454, 454,
343, 121, 232, 343, 444, 443, 343, 121, 232, 454, 554, 222, 343, 343, 343, 232,
121, 232, 454, 454, 454, 454, 454, 332, 454, 454, 454, 454, 232, 232, 343, 454,
454, 454, 121, 221, 343, 443, 343, 343, 221, 222, 443, 454, 343, 343, 454, 454,
454, 454, 232, 232, 443, 454, 454, 343, 232, 444, 454, 454, 454, 343, 232, 343,
454, 444, 454, 232, 121, 333, 443, 443, 343, 232, 121, 343, 454, 454, 222, 343,
343, 332, 222, 121, 343, 454, 454, 454, 554, 343, 343, 454, 454, 454, 454, 232,
332, 443, 454, 454, 343, 121, 232, 343, 444, 443, 343, 121, 232, 454, 554, 222,
343, 343, 343, 232, 121, 232, 454, 454, 454, 454, 454, 332, 454, 454, 454, 454,
232, 232, 343, 454, 454, 454, 121, 221, 343, 443, 343, 343, 221, 222, 443, 454,
343, 343, 454, 454, 454, 454, 232, 232, 443, 454, 454, 343, 232, 444, 454, 454,
454, 343, 232, 343, 454, 444, 454, 232, 121, 333, 443, 443, 343, 232, 121, 343,
454, 454, 222, 343, 343, 332, 222, 121, 343, 454, 454, 454, 554, 343, 343, 454,
454, 454, 454, 232, 332, 443, 454, 454, 343, 121, 232, 343, 444, 443, 343, 121,
232, 454, 554, 222, 343, 343, 343, 232, 121, 232, 454, 454, 454, 454, 454, 332,
454, 454, 454, 454, 232, 232, 343, 454, 454, 454, 121, 221, 343, 443, 343, 343,
221, 222, 443, 454, 343, 343, 454, 454, 454, 454, 232, 232, 443, 454, 454, 343,
232, 454, 454, 454, 565, 343, 232, 221, 343, 343, 343, 221, 121, 222, 232, 232,
333, 232, 121, 343, 454, 454, 121, 232, 232, 343, 232, 121, 343, 454, 454, 454,
565, 343, 343, 454, 454, 454, 454, 232, 222, 232, 343, 343, 232, 121, 121, 222,
232, 332, 332, 121, 232, 454, 454, 222, 232, 232, 343, 332, 121, 232, 454, 454,
454, 554, 454, 332, 454, 454, 454, 565, 332, 232, 232, 343, 343, 332, 121, 121,
121, 332, 333, 343, 221, 221, 443, 454, 343, 343, 454, 454, 454, 554, 232, 221,
232, 343, 343, 232, 232, 454, 454, 454, 565, 343, 232, 221, 343, 343, 343, 221,
121, 222, 232, 232, 333, 232, 121, 343, 454, 454, 121, 232, 232, 343, 232, 121,
343, 454, 454, 454, 565, 343, 343, 454, 454, 454, 454, 232, 222, 232, 343, 343,
232, 121, 121, 222, 232, 332, 332, 121, 232, 454, 454, 222, 232, 232, 343, 332,
121, 232, 454, 454, 454, 554, 454, 332, 454, 454, 454, 565, 332, 232, 232, 343,
343, 332, 121, 121, 121, 332, 333, 343, 221, 221, 443, 454, 343, 343, 454, 454,
454, 554, 232, 221, 232, 343, 343, 232, 232, 454, 454, 454, 565, 343, 232, 221,
343, 343, 343, 221, 121, 222, 232, 232, 333, 232, 121, 343, 454, 454, 121, 232,
232, 343, 232, 121, 343, 454, 454, 454, 565, 343, 343, 454, 454, 454, 454, 232,
222, 232, 343, 343, 232, 121, 121, 222, 232, 332, 332, 121, 232, 454, 454, 222,
232, 232, 343, 332, 121, 232, 454, 454, 454, 554, 454, 332, 454, 454, 454, 565,
332, 232, 232, 343, 343, 332, 121, 121, 121, 332, 333, 343, 221, 221, 443, 454,
343, 343, 454, 454, 454, 554, 232, 221, 232, 343, 343, 232, 232, 454, 454, 454,
565, 343, 232, 221, 343, 343, 343, 221, 121, 222, 232, 232, 333, 232, 121, 343,
454, 454, 121, 232, 232, 343, 232, 121, 343, 454, 454, 454, 565, 343, 343, 454,
454, 454, 454, 232, 222, 232, 343, 343, 232, 121, 121, 222, 232, 332, 332, 121,
232, 454, 454, 222, 232, 232, 343, 332, 121, 232, 454, 454, 454, 554, 454, 332,
454, 454, 454, 565, 332, 232, 232, 343, 343, 332, 121, 121, 121, 332, 333, 343,
221, 221, 443, 454, 343, 343, 454, 454, 454, 554, 232, 221, 232, 343, 343, 232,
232, 444, 454, 454, 565, 343, 121, 121, 121, 221, 121, 121, 222, 222, 222, 121,
232, 232, 222, 232, 454, 554, 121, 121, 221, 232, 232, 121, 232, 343, 444, 454,
554, 343, 343, 454, 454, 565, 554, 121, 121, 121, 221, 221, 121, 121, 221, 222,
222, 222, 332, 221, 232, 343, 565, 232, 121, 121, 232, 332, 221, 221, 343, 443,
454, 454, 454, 332, 454, 454, 554, 565, 232, 121, 121, 121, 221, 121, 121, 121,
121, 222, 232, 332, 221, 232, 333, 555, 443, 343, 454, 454, 565, 554, 121, 121,
121, 221, 221, 121, 232, 444, 454, 454, 565, 343, 121, 121, 121, 221, 121, 121,
222, 222, 222, 121, 232, 232, 222, 232, 454, 554, 121, 121, 221, 232, 232, 121,
232, 343, 444, 454, 554, 343, 343, 454, 454, 565, 554, 121, 121, 121, 221, 221,
121, 121, 221, 222, 222, 222, 332, 221, 232, 343, 565, 232, 121, 121, 232, 332,
221, 221, 343, 443, 454, 454, 454, 332, 454, 454, 554, 565, 232, 121, 121, 121,
221, 121, 121, 121, 121, 222, 232, 332, 221, 232, 333, 555, 443, 343, 454, 454,
565, 554, 121, 121, 121, 221, 221, 121, 232, 444, 454, 454, 565, 343, 121, 121,
121, 221, 121, 121, 222, 222, 222, 121, 232, 232, 222, 232, 454, 554, 121, 121,
221, 232, 232, 121, 232, 343, 444, 454, 554, 343, 343, 454, 454, 565, 554, 121,
121, 121, 221, 221, 121, 121, 221, 222, 222, 222, 332, 221, 232, 343, 565, 232,
121, 121, 232, 332, 221, 221, 343, 443, 454, 454, 454, 332, 454, 454, 554, 565,
232, 121, 121, 121, 221, 121, 121, 121, 121, 222, 232, 332, 221, 232, 333, 555,
443, 343, 454, 454, 565, 554, 121, 121, 121, 221, 221, 121, 232, 444, 454, 454,
565, 343, 121, 121, 121, 221, 121, 121, 222, 222, 222, 121, 232, 232, 222, 232,
454, 554, 121, 121, 221, 232, 232, 121, 232, 343, 444, 454, 554, 343, 343, 454,
454, 565, 554, 121, 121, 121, 221, 221, 121, 121, 221, 222, 222, 222, 332, 221,
232, 343, 565, 232, 121, 121, 232, 332, 221, 221, 343, 443, 454, 454, 454, 332,
454, 454, 554, 565, 232, 121, 121, 121, 221, 121, 121, 121, 121, 222, 232, 332,
221, 232, 333, 555, 443, 343, 454, 454, 565, 554, 121, 121, 121, 221, 221, 121,
232, 444, 454, 454, 676, 343, 444, 565, 676, 565, 665, 232, 232, 343, 232, 121,
221, 221, 343, 232, 343, 565, 121, 121, 121, 121, 121, 121, 232, 332, 343, 454,
454, 343, 343, 454, 454, 565, 565, 333, 565, 665, 665, 665, 343, 121, 332, 343,
221, 121, 221, 232, 332, 232, 565, 232, 121, 121, 121, 121, 121, 221, 332, 332,
454, 454, 454, 332, 454, 454, 554, 676, 232, 554, 565, 676, 565, 565, 121, 232,
332, 232, 221, 221, 222, 343, 232, 454, 443, 343, 454, 454, 565, 565, 332, 565,
665, 666, 665, 444, 232, 444, 454, 454, 676, 343, 444, 565, 676, 565, 665, 232,
232, 343, 232, 121, 221, 221, 343, 232, 343, 565, 121, 121, 121, 121, 121, 121,
232, 332, 343, 454, 454, 343, 343, 454, 454, 565, 565, 333, 565, 665, 665, 665,
343, 121, 332, 343, 221, 121, 221, 232, 332, 232, 565, 232, 121, 121, 121, 121,
121, 221, 332, 332, 454, 454, 454, 332, 454, 454, 554, 676, 232, 554, 565, 676,
565, 565, 121, 232, 332, 232, 221, 221, 222, 343, 232, 454, 443, 343, 454, 454,
565, 565, 332, 565, 665, 666, 665, 444, 232, 444, 454, 454, 676, 343, 444, 565,
676, 565, 665, 232, 232, 343, 232, 121, 221, 221, 343, 232, 343, 565, 121, 121,
121, 121, 121, 121, 232, 332, 343, 454, 454, 343, 343, 454, 454, 565, 565, 333,
565, 665, 665, 665, 343, 121, 332, 343, 221, 121, 221, 232, 332, 232, 565, 232,
121, 121, 121, 121, 121, 221, 332, 332, 454, 454, 454, 332, 454, 454, 554, 676,
232, 554, 565, 676, 565, 565, 121, 232, 332, 232, 221, 221, 222, 343, 232, 454,
443, 343, 454, 454, 565, 565, 332, 565, 665, 666, 665, 444, 232, 444, 454, 454,
676, 343, 444, 565, 676, 565, 665, 232, 232, 343, 232, 121, 221, 221, 343, 232,
343, 565, 121, 121, 121, 121, 121, 121, 232, 332, 343, 454, 454, 343, 343, 454,
454, 565, 565, 333, 565, 665, 665, 665, 343, 121, 332, 343, 221, 121, 221, 232,
332, 232, 565, 232, 121, 121, 121, 121, 121, 221, 332, 332, 454, 454, 454, 332,
454, 454, 554, 676, 232, 554, 565, 676, 565, 565, 121, 232, 332, 232, 221, 221,
222, 343, 232, 454, 443, 343, 454, 454, 565, 565, 332, 565, 665, 666, 665, 444,
232, 444, 454, 454, 676, 343, 443, 565, 787, 565, 676, 333, 332, 343, 232, 232,
221, 121, 343, 343, 443, 454, 332, 554, 555, 565, 565, 222, 221, 232, 343, 343,
343, 232, 343, 454, 444, 565, 565, 343, 565, 786, 675, 676, 454, 232, 443, 333,
332, 232, 121, 332, 443, 343, 554, 232, 454, 554, 565, 565, 333, 121, 222, 332,
343, 343, 333, 332, 454, 454, 454, 676, 332, 454, 676, 676, 565, 675, 121, 343,
343, 343, 232, 121, 222, 443, 343, 454, 343, 343, 454, 454, 565, 565, 333, 565,
776, 675, 676, 454, 232, 444, 454, 454, 676, 343, 443, 565, 787, 565, 676, 333,
332, 343, 232, 232, 221, 121, 343, 343, 443, 454, 332, 554, 555, 565, 565, 222,
221, 232, 343, 343, 343, 232, 343, 454, 444, 565, 565, 343, 565, 786, 675, 676,
454, 232, 443, 333, 332, 232, 121, 332, 443, 343, 554, 232, 454, 554, 565, 565,
333, 121, 222, 332, 343, 343, 333, 332, 454, 454, 454, 676, 332, 454, 676, 676,
565, 675, 121, 343, 343, 343, 232, 121, 222, 443, 343, 454, 343, 343, 454, 454,
565, 565, 333, 565, 776, 675, 676, 454, 232, 444, 454, 454, 676, 343, 443, 565,
787, 565, 676, 333, 332, 343, 232, 232, 221, 121, 343, 343, 443, 454, 332, 554,
555, 565, 565, 222, 221, 232, 343, 343, 343, 232, 343, 454, 444, 565, 565, 343,
565, 786, 675, 676, 454, 232, 443, 333, 332, 232, 121, 332, 443, 343, 554, 232,
454, 554, 565, 565, 333, 121, 222, 332, 343, 343, 333, 332, 454, 454, 454, 676,
332, 454, 676, 676, 565, 675, 121, 343, 343, 343, 232, 121, 222, 443, 343, 454,
343, 343, 454, 454, 565, 565, 333, 565, 776, 675, 676, 454, 232, 444, 454, 454,
676, 343, 443, 565, 787, 565, 676, 333, 332, 343, 232, 232, 221, 121, 343, 343,
443, 454, 332, 554, 555, 565, 565, 222, 221, 232, 343, 343, 343, 232, 343, 454,
444, 565, 565, 343, 565, 786, 675, 676, 454, 232, 443, 333, 332, 232, 121, 332,
443, 343, 554, 232, 454, 554, 565, 565, 333, 121, 222, 332, 343, 343, 333, 332,
454, 454, 454, 676, 332, 454, 676, 676, 565, 675, 121, 343, 343, 343, 232, 121,
222, 443, 343, 454, 343, 343, 454, 454, 565, 565, 333, 565, 776, 675, 676, 454,
232, 444, 454, 454, 565, 343, 343, 454, 554, 454, 565, 332, 332, 232, 343, 343,
332, 222, 343, 454, 454, 454, 332, 454, 565, 676, 565, 232, 221, 121, 221, 221,
221, 221, 343, 454, 454, 454, 454, 332, 454, 554, 454, 554, 443, 232, 332, 343,
343, 332, 232, 232, 454, 444, 565, 332, 454, 554, 676, 676, 343, 111, 121, 221,
221, 221, 121, 333, 454, 454, 454, 565, 332, 444, 454, 454, 454, 554, 221, 232,
343, 343, 332, 232, 232, 444, 444, 554, 343, 343, 454, 454, 454, 454, 332, 454,
554, 454, 454, 444, 232, 444, 454, 454, 565, 343, 343, 454, 554, 454, 565, 332,
332, 232, 343, 343, 332, 222, 343, 454, 454, 454, 332, 454, 565, 676, 565, 232,
221, 121, 221, 221, 221, 221, 343, 454, 454, 454, 454, 332, 454, 554, 454, 554,
443, 232, 332, 343, 343, 332, 232, 232, 454, 444, 565, 332, 454, 554, 676, 676,
343, 111, 121, 221, 221, 221, 121, 333, 454, 454, 454, 565, 332, 444, 454, 454,
454, 554, 221, 232, 343, 343, 332, 232, 232, 444, 444, 554, 343, 343, 454, 454,
454, 454, 332, 454, 554, 454, 454, 444, 232, 444, 454, 454, 565, 343, 343, 454,
554, 454, 565, 332, 332, 232, 343, 343, 332, 222, 343, 454, 454, 454, 332, 454,
565, 676, 565, 232, 221, 121, 221, 221, 221, 221, 343, 454, 454, 454, 454, 332,
454, 554, 454, 554, 443, 232, 332, 343, 343, 332, 232, 232, 454, 444, 565, 332,
454, 554, 676, 676, 343, 111, 121, 221, 221, 221, 121, 333, 454, 454, 454, 565,
332, 444, 454, 454, 454, 554, 221, 232, 343, 343, 332, 232, 232, 444, 444, 554,
343, 343, 454, 454, 454, 454, 332, 454, 554, 454, 454, 444, 232, 444, 454, 454,
565, 343, 343, 454, 554, 454, 565, 332, 332, 232, 343, 343, 332, 222, 343, 454,
454, 454, 332, 454, 565, 676, 565, 232, 221, 121, 221, 221, 221, 221, 343, 454,
454, 454, 454, 332, 454, 554, 454, 554, 443, 232, 332, 343, 343, 332, 232, 232,
454, 444, 565, 332, 454, 554, 676, 676, 343, 111, 121, 221, 221, 221, 121, 333,
454, 454, 454, 565, 332, 444, 454, 454, 454, 554, 221, 232, 343, 343, 332, 232,
232, 444, 444, 554, 343, 343, 454, 454, 454, 454, 332, 454, 554, 454, 454, 444,
232, 454, 454, 454, 454, 343, 343, 454, 444, 444, 565, 232, 232, 332, 332, 343,
333, 222, 343, 454, 454, 454, 232, 232, 443, 454, 454, 332, 454, 555, 555, 454,
554, 333, 343, 454, 454, 454, 444, 333, 454, 444, 444, 454, 454, 222, 332, 333,
232, 343, 232, 332, 454, 454, 555, 332, 222, 343, 454, 554, 343, 343, 454, 554,
454, 454, 443, 332, 454, 454, 454, 454, 332, 454, 454, 454, 454, 554, 222, 332,
343, 232, 343, 232, 232, 444, 454, 454, 343, 343, 454, 454, 454, 444, 333, 454,
454, 444, 454, 454, 232, 454, 454, 454, 454, 343, 343, 454, 444, 444, 565, 232,
232, 332, 332, 343, 333, 222, 343, 454, 454, 454, 232, 232, 443, 454, 454, 332,
454, 555, 555, 454, 554, 333, 343, 454, 454, 454, 444, 333, 454, 444, 444, 454,
454, 222, 332, 333, 232, 343, 232, 332, 454, 454, 555, 332, 222, 343, 454, 554,
343, 343, 454, 554, 454, 454, 443, 332, 454, 454, 454, 454, 332, 454, 454, 454,
454, 554, 222, 332, 343, 232, 343, 232, 232, 444, 454, 454, 343, 343, 454, 454,
454, 444, 333, 454, 454, 444, 454, 454, 232, 454, 454, 454, 454, 343, 343, 454,
444, 444, 565, 232, 232, 332, 332, 343, 333, 222, 343, 454, 454, 454, 232, 232,
443, 454, 454, 332, 454, 555, 555, 454, 554, 333, 343, 454, 454, 454, 444, 333,
454, 444, 444, 454, 454, 222, 332, 333, 232, 343, 232, 332, 454, 454, 555, 332,
222, 343, 454, 554, 343, 343, 454, 554, 454, 454, 443, 332, 454, 454, 454, 454,
332, 454, 454, 454, 454, 554, 222, 332, 343, 232, 343, 232, 232, 444, 454, 454,
343, 343, 454, 454, 454, 444, 333, 454, 454, 444, 454, 454, 232, 454, 454, 454,
454, 343, 343, 454, 444, 444, 565, 232, 232, 332, 332, 343, 333, 222, 343, 454,
454, 454, 232, 232, 443, 454, 454, 332, 454, 555, 555, 454, 554, 333, 343, 454,
454, 454, 444, 333, 454, 444, 444, 454, 454, 222, 332, 333, 232, 343, 232, 332,
454, 454, 555, 332, 222, 343, 454, 554, 343, 343, 454, 554, 454, 454, 443, 332,
454, 454, 454, 454, 332, 454, 454, 454, 454, 554, 222, 332, 343, 232, 343, 232,
232, 444, 454, 454, 343, 343, 454, 454, 454, 444, 333, 454, 454, 444, 454, 454,
222, 343, 454, 454, 565, 343, 333, 454, 454, 454, 676, 232, 121, 232, 121, 232,
232, 121, 332, 454, 454, 454, 221, 232, 443, 444, 565, 343, 565, 676, 665, 665,
787, 343, 332, 454, 454, 454, 454, 232, 454, 454, 454, 565, 454, 221, 232, 221,
222, 332, 121, 232, 443, 454, 565, 232, 232, 343, 454, 454, 343, 454, 676, 676,
565, 786, 565, 232, 454, 454, 454, 565, 232, 343, 454, 454, 454, 565, 222, 232,
232, 121, 332, 222, 121, 343, 454, 565, 343, 332, 454, 454, 454, 454, 232, 454,
454, 454, 565, 454, 222, 343, 454, 454, 565, 343, 333, 454, 454, 454, 676, 232,
121, 232, 121, 232, 232, 121, 332, 454, 454, 454, 221, 232, 443, 444, 565, 343,
565, 676, 665, 665, 787, 343, 332, 454, 454, 454, 454, 232, 454, 454, 454, 565,
454, 221, 232, 221, 222, 332, 121, 232, 443, 454, 565, 232, 232, 343, 454, 454,
343, 454, 676, 676, 565, 786, 565, 232, 454, 454, 454, 565, 232, 343, 454, 454,
454, 565, 222, 232, 232, 121, 332, 222, 121, 343, 454, 565, 343, 332, 454, 454,
454, 454, 232, 454, 454, 454, 565, 454, 222, 343, 454, 454, 565, 343, 333, 454,
454, 454, 676, 232, 121, 232, 121, 232, 232, 121, 332, 454, 454, 454, 221, 232,
443, 444, 565, 343, 565, 676, 665, 665, 787, 343, 332, 454, 454, 454, 454, 232,
454, 454, 454, 565, 454, 221, 232, 221, 222, 332, 121, 232, 443, 454, 565, 232,
232, 343, 454, 454, 343, 454, 676, 676, 565, 786, 565, 232, 454, 454, 454, 565,
232, 343, 454, 454, 454, 565, 222, 232, 232, 121, 332, 222, 121, 343, 454, 565,
343, 332, 454, 454, 454, 454, 232, 454, 454, 454, 565, 454, 222, 343, 454, 454,
565, 343, 333, 454, 454, 454, 676, 232, 121, 232, 121, 232, 232, 121, 332, 454,
454, 454, 221, 232, 443, 444, 565, 343, 565, 676, 665, 665, 787, 343, 332, 454,
454, 454, 454, 232, 454, 454, 454, 565, 454, 221, 232, 221, 222, 332, 121, 232,
443, 454, 565, 232, 232, 343, 454, 454, 343, 454, 676, 676, 565, 786, 565, 232,
454, 454, 454, 565, 232, 343, 454, 454, 454, 565, 222, 232, 232, 121, 332, 222,
121, 343, 454, 565, 343, 332, 454, 454, 454, 454, 232, 454, 454, 454, 565, 454,
121, 343, 454, 454, 676, 343, 232, 454, 454, 454, 776, 232, 121, 121, 121, 121,
121, 121, 332, 454, 565, 454, 221, 343, 454, 454, 665, 343, 454, 565, 454, 454,
565, 332, 232, 454, 444, 565, 565, 221, 444, 454, 444, 676, 444, 121, 121, 121,
121, 121, 121, 232, 443, 454, 565, 222, 332, 454, 454, 565, 443, 454, 565, 555,
454, 565, 454, 221, 443, 454, 454, 676, 222, 343, 454, 444, 565, 665, 222, 221,
121, 121, 121, 121, 221, 343, 454, 565, 343, 232, 454, 444, 565, 565, 221, 444,
454, 444, 665, 454, 121, 343, 454, 454, 676, 343, 232, 454, 454, 454, 776, 232,
121, 121, 121, 121, 121, 121, 332, 454, 565, 454, 221, 343, 454, 454, 665, 343,
454, 565, 454, 454, 565, 332, 232, 454, 444, 565, 565, 221, 444, 454, 444, 676,
444, 121, 121, 121, 121, 121, 121, 232, 443, 454, 565, 222, 332, 454, 454, 565,
443, 454, 565, 555, 454, 565, 454, 221, 443, 454, 454, 676, 222, 343, 454, 444,
565, 665, 222, 221, 121, 121, 121, 121, 221, 343, 454, 565, 343, 232, 454, 444,
565, 565, 221, 444, 454, 444, 665, 454, 121, 343, 454, 454, 676, 343, 232, 454,
454, 454, 776, 232, 121, 121, 121, 121, 121, 121, 332, 454, 565, 454, 221, 343,
454, 454, 665, 343, 454, 565, 454, 454, 565, 332, 232, 454, 444, 565, 565, 221,
444, 454, 444, 676, 444, 121, 121, 121, 121, 121, 121, 232, 443, 454, 565, 222,
332, 454, 454, 565, 443, 454, 565, 555, 454, 565, 454, 221, 443, 454, 454, 676,
222, 343, 454, 444, 565, 665, 222, 221, 121, 121, 121, 121, 221, 343, 454, 565,
343, 232, 454, 444, 565, 565, 221, 444, 454, 444, 665, 454, 121, 343, 454, 454,
676, 343, 232, 454, 454, 454, 776, 232, 121, 121, 121, 121, 121, 121, 332, 454,
565, 454, 221, 343, 454, 454, 665, 343, 454, 565, 454, 454, 565, 332, 232, 454,
444, 565, 565, 221, 444, 454, 444, 676, 444, 121, 121, 121, 121, 121, 121, 232,
443, 454, 565, 222, 332, 454, 454, 565, 443, 454, 565, 555, 454, 565, 454, 221,
443, 454, 454, 676, 222, 343, 454, 444, 565, 665, 222, 221, 121, 121, 121, 121,
221, 343, 454, 565, 343, 232, 454, 444, 565, 565, 221, 444, 454, 444, 665, 454,
121, 343, 454, 454, 676, 343, 222, 444, 454, 454, 676, 232, 333, 343, 343, 443,
443, 232, 332, 454, 565, 454, 232, 444, 454, 454, 676, 343, 444, 454, 454, 444,
565, 343, 232, 454, 454, 565, 565, 121, 343, 454, 444, 665, 443, 232, 343, 343,
443, 443, 343, 232, 444, 454, 565, 232, 343, 454, 454, 676, 443, 443, 454, 454,
454, 454, 454, 221, 443, 454, 454, 676, 222, 332, 454, 454, 554, 565, 232, 343,
343, 443, 443, 443, 232, 343, 454, 565, 343, 232, 454, 454, 565, 565, 222, 343,
454, 454, 565, 443, 121, 343, 454, 454, 676, 343, 222, 444, 454, 454, 676, 232,
333, 343, 343, 443, 443, 232, 332, 454, 565, 454, 232, 444, 454, 454, 676, 343,
444, 454, 454, 444, 565, 343, 232, 454, 454, 565, 565, 121, 343, 454, 444, 665,
443, 232, 343, 343, 443, 443, 343, 232, 444, 454, 565, 232, 343, 454, 454, 676,
443, 443, 454, 454, 454, 454, 454, 221, 443, 454, 454, 676, 222, 332, 454, 454,
554, 565, 232, 343, 343, 443, 443, 443, 232, 343, 454, 565, 343, 232, 454, 454,
565, 565, 222, 343, 454, 454, 565, 443, 121, 343, 454, 454, 676, 343, 222, 444,
454, 454, 676, 232, 333, 343, 343, 443, 443, 232, 332, 454, 565, 454, 232, 444,
454, 454, 676, 343, 444, 454, 454, 444, 565, 343, 232, 454, 454, 565, 565, 121,
343, 454, 444, 665, 443, 232, 343, 343, 443, 443, 343, 232, 444, 454, 565, 232,
343, 454, 454, 676, 443, 443, 454, 454, 454, 454, 454, 221, 443, 454, 454, 676,
222, 332, 454, 454, 554, 565, 232, 343, 343, 443, 443, 443, 232, 343, 454, 565,
343, 232, 454, 454, 565, 565, 222, 343, 454, 454, 565, 443, 121, 343, 454, 454,
676, 343, 222, 444, 454, 454, 676, 232, 333, 343, 343, 443, 443, 232, 332, 454,
565, 454, 232, 444, 454, 454, 676, 343, 444, 454, 454, 444, 565, 343, 232, 454,
454, 565, 565, 121, 343, 454, 444, 665, 443, 232, 343, 343, 443, 443, 343, 232,
444, 454, 565, 232, 343, 454, 454, 676, 443, 443, 454, 454, 454, 454, 454, 221,
443, 454, 454, 676, 222, 332, 454, 454, 554, 565, 232, 343, 343, 443, 443, 443,
232, 343, 454, 565, 343, 232, 454, 454, 565, 565, 222, 343, 454, 454, 565, 443,
121, 332, 454, 444, 565, 343, 121, 343, 454, 454, 554, 332, 554, 676, 676, 676,
676, 454, 222, 454, 565, 454, 332, 454, 454, 565, 665, 232, 343, 454, 454, 454,
565, 343, 222, 444, 454, 454, 454, 121, 332, 454, 454, 554, 443, 443, 565, 676,
676, 676, 565, 121, 343, 454, 565, 332, 444, 454, 454, 676, 343, 343, 454, 454,
454, 554, 565, 121, 343, 454, 454, 565, 222, 222, 454, 454, 454, 454, 343, 565,
676, 676, 676, 676, 232, 332, 454, 565, 343, 222, 444, 454, 454, 554, 222, 343,
454, 454, 454, 343, 121, 332, 454, 444, 565, 343, 121, 343, 454, 454, 554, 332,
554, 676, 676, 676, 676, 454, 222, 454, 565, 454, 332, 454, 454, 565, 665, 232,
343, 454, 454, 454, 565, 343, 222, 444, 454, 454, 454, 121, 332, 454, 454, 554,
443, 443, 565, 676, 676, 676, 565, 121, 343, 454, 565, 332, 444, 454, 454, 676,
343, 343, 454, 454, 454, 554, 565, 121, 343, 454, 454, 565, 222, 222, 454, 454,
454, 454, 343, 565, 676, 676, 676, 676, 232, 332, 454, 565, 343, 222, 444, 454,
454, 554, 222, 343, 454, 454, 454, 343, 121, 332, 454, 444, 565, 343, 121, 343,
454, 454, 554, 332, 554, 676, 676, 676, 676, 454, 222, 454, 565, 454, 332, 454,
454, 565, 665, 232, 343, 454, 454, 454, 565, 343, 222, 444, 454, 454, 454, 121,
332, 454, 454, 554, 443, 443, 565, 676, 676, 676, 565, 121, 343, 454, 565, 332,
444, 454, 454, 676, 343, 343, 454, 454, 454, 554, 565, 121, 343, 454, 454, 565,
222, 222, 454, 454, 454, 454, 343, 565, 676, 676, 676, 676, 232, 332, 454, 565,
343, 222, 444, 454, 454, 554, 222, 343, 454, 454, 454, 343, 121, 332, 454, 444,
565, 343, 121, 343, 454, 454, 554, 332, 554, 676, 676, 676, 676, 454, 222, 454,
565, 454, 332, 454, 454, 565, 665, 232, 343, 454, 454, 454, 565, 343, 222, 444,
454, 454, 454, 121, 332, 454, 454, 554, 443, 443, 565, 676, 676, 676, 565, 121,
343, 454, 565, 332, 444, 454, 454, 676, 343, 343, 454, 454, 454, 554, 565, 121,
343, 454, 454, 565, 222, 222, 454, 454, 454, 454, 343, 565, 676, 676, 676, 676,
232, 332, 454, 565, 343, 222, 444, 454, 454, 554, 222, 343, 454, 454, 454, 343,
221, 232, 343, 454, 565, 343, 221, 443, 454, 454, 554, 332, 332, 454, 565, 444,
554, 343, 232, 454, 555, 454, 332, 454, 454, 565, 565, 222, 343, 454, 454, 444,
554, 343, 221, 343, 454, 454, 554, 121, 343, 454, 454, 555, 443, 232, 443, 565,
454, 454, 554, 222, 443, 554, 554, 332, 443, 454, 454, 565, 343, 232, 454, 454,
454, 454, 454, 221, 232, 454, 454, 565, 222, 232, 454, 454, 454, 454, 232, 343,
554, 554, 444, 565, 232, 343, 454, 565, 343, 221, 343, 454, 454, 565, 221, 343,
454, 454, 454, 343, 221, 232, 343, 454, 565, 343, 221, 443, 454, 454, 554, 332,
332, 454, 565, 444, 554, 343, 232, 454, 555, 454, 332, 454, 454, 565, 565, 222,
343, 454, 454, 444, 554, 343, 221, 343, 454, 454, 554, 121, 343, 454, 454, 555,
443, 232, 443, 565, 454, 454, 554, 222, 443, 554, 554, 332, 443, 454, 454, 565,
343, 232, 454, 454, 454, 454, 454, 221, 232, 454, 454, 565, 222, 232, 454, 454,
454, 454, 232, 343, 554, 554, 444, 565, 232, 343, 454, 565, 343, 221, 343, 454,
454, 565, 221, 343, 454, 454, 454, 343, 221, 232, 343, 454, 565, 343, 221, 443,
454, 454, 554, 332, 332, 454, 565, 444, 554, 343, 232, 454, 555, 454, 332, 454,
454, 565, 565, 222, 343, 454, 454, 444, 554, 343, 221, 343, 454, 454, 554, 121,
343, 454, 454, 555, 443, 232, 443, 565, 454, 454, 554, 222, 443, 554, 554, 332,
443, 454, 454, 565, 343, 232, 454, 454, 454, 454, 454, 221, 232, 454, 454, 565,
222, 232, 454, 454, 454, 454, 232, 343, 554, 554, 444, 565, 232, 343, 454, 565,
343, 221, 343, 454, 454, 565, 221, 343, 454, 454, 454, 343, 221, 232, 343, 454,
565, 343, 221, 443, 454, 454, 554, 332, 332, 454, 565, 444, 554, 343, 232, 454,
555, 454, 332, 454, 454, 565, 565, 222, 343, 454, 454, 444, 554, 343, 221, 343,
454, 454, 554, 121, 343, 454, 454, 555, 443, 232, 443, 565, 454, 454, 554, 222,
443, 554, 554, 332, 443, 454, 454, 565, 343, 232, 454, 454, 454, 454, 454, 221,
232, 454, 454, 565, 222, 232, 454, 454, 454, 454, 232, 343, 554, 554, 444, 565,
232, 343, 454, 565, 343, 221, 343, 454, 454, 565, 221, 343, 454, 454, 454, 343,
232, 232, 343, 454, 665, 343, 332, 454, 454, 454, 554, 232, 232, 443, 454, 444,
565, 454, 343, 454, 454, 454, 232, 454, 454, 454, 554, 222, 333, 454, 454, 343,
454, 343, 332, 332, 444, 565, 554, 232, 444, 454, 454, 554, 343, 222, 343, 454,
444, 454, 565, 332, 454, 444, 454, 232, 443, 454, 454, 554, 343, 232, 444, 454,
443, 343, 454, 232, 232, 343, 454, 665, 232, 343, 454, 454, 454, 554, 232, 332,
454, 454, 454, 665, 333, 443, 454, 454, 343, 332, 332, 444, 555, 565, 232, 444,
454, 454, 454, 443, 232, 232, 343, 454, 665, 343, 332, 454, 454, 454, 554, 232,
232, 443, 454, 444, 565, 454, 343, 454, 454, 454, 232, 454, 454, 454, 554, 222,
333, 454, 454, 343, 454, 343, 332, 332, 444, 565, 554, 232, 444, 454, 454, 554,
343, 222, 343, 454, 444, 454, 565, 332, 454, 444, 454, 232, 443, 454, 454, 554,
343, 232, 444, 454, 443, 343, 454, 232, 232, 343, 454, 665, 232, 343, 454, 454,
454, 554, 232, 332, 454, 454, 454, 665, 333, 443, 454, 454, 343, 332, 332, 444,
555, 565, 232, 444, 454, 454, 454, 443, 232, 232, 343, 454, 665, 343, 332, 454,
454, 454, 554, 232, 232, 443, 454, 444, 565, 454, 343, 454, 454, 454, 232, 454,
454, 454, 554, 222, 333, 454, 454, 343, 454, 343, 332, 332, 444, 565, 554, 232,
444, 454, 454, 554, 343, 222, 343, 454, 444, 454, 565, 332, 454, 444, 454, 232,
443, 454, 454, 554, 343, 232, 444, 454, 443, 343, 454, 232, 232, 343, 454, 665,
232, 343, 454, 454, 454, 554, 232, 332, 454, 454, 454, 665, 333, 443, 454, 454,
343, 332, 332, 444, 555, 565, 232, 444, 454, 454, 454, 443, 232, 232, 343, 454,
665, 343, 332, 454, 454, 454, 554, 232, 232, 443, 454, 444, 565, 454, 343, 454,
454, 454, 232, 454, 454, 454, 554, 222, 333, 454, 454, 343, 454, 343, 332, 332,
444, 565, 554, 232, 444, 454, 454, 554, 343, 222, 343, 454, 444, 454, 565, 332,
454, 444, 454, 232, 443, 454, 454, 554, 343, 232, 444, 454, 443, 343, 454, 232,
232, 343, 454, 665, 232, 343, 454, 454, 454, 554, 232, 332, 454, 454, 454, 665,
333, 443, 454, 454, 343, 332, 332, 444, 555, 565, 232, 444, 454, 454, 454, 443,
232, 343, 443, 343, 454, 343, 343, 454, 454, 454, 565, 232, 333, 454, 454, 343,
454, 343, 343, 443, 343, 454, 221, 443, 454, 454, 454, 232, 232, 454, 343, 232,
443, 343, 343, 443, 343, 454, 454, 332, 454, 454, 454, 565, 343, 232, 454, 454,
343, 343, 454, 332, 454, 343, 454, 222, 343, 454, 454, 555, 343, 232, 343, 444,
232, 232, 454, 332, 343, 343, 343, 454, 232, 443, 454, 454, 565, 565, 121, 343,
454, 443, 343, 454, 332, 343, 343, 454, 343, 343, 443, 343, 454, 454, 333, 454,
454, 454, 565, 443, 232, 343, 443, 343, 454, 343, 343, 454, 454, 454, 565, 232,
333, 454, 454, 343, 454, 343, 343, 443, 343, 454, 221, 443, 454, 454, 454, 232,
232, 454, 343, 232, 443, 343, 343, 443, 343, 454, 454, 332, 454, 454, 454, 565,
343, 232, 454, 454, 343, 343, 454, 332, 454, 343, 454, 222, 343, 454, 454, 555,
343, 232, 343, 444, 232, 232, 454, 332, 343, 343, 343, 454, 232, 443, 454, 454,
565, 565, 121, 343, 454, 443, 343, 454, 332, 343, 343, 454, 343, 343, 443, 343,
454, 454, 333, 454, 454, 454, 565, 443, 232, 343, 443, 343, 454, 343, 343, 454,
454, 454, 565, 232, 333, 454, 454, 343, 454, 343, 343, 443, 343, 454, 221, 443,
454, 454, 454, 232, 232, 454, 343, 232, 443, 343, 343, 443, 343, 454, 454, 332,
454, 454, 454, 565, 343, 232, 454, 454, 343, 343, 454, 332, 454, 343, 454, 222,
343, 454, 454, 555, 343, 232, 343, 444, 232, 232, 454, 332, 343, 343, 343, 454,
232, 443, 454, 454, 565, 565, 121, 343, 454, 443, 343, 454, 332, 343, 343, 454,
343, 343, 443, 343, 454, 454, 333, 454, 454, 454, 565, 443, 232, 343, 443, 343,
454, 343, 343, 454, 454, 454, 565, 232, 333, 454, 454, 343, 454, 343, 343, 443,
343, 454, 221, 443, 454, 454, 454, 232, 232, 454, 343, 232, 443, 343, 343, 443,
343, 454, 454, 332, 454, 454, 454, 565, 343, 232, 454, 454, 343, 343, 454, 332,
454, 343, 454, 222, 343, 454, 454, 555, 343, 232, 343, 444, 232, 232, 454, 332,
343, 343, 343, 454, 232, 443, 454, 454, 565, 565, 121, 343, 454, 443, 343, 454,
332, 343, 343, 454, 343, 343, 443, 343, 454, 454, 333, 454, 454, 454, 565, 443,
121, 343, 343, 222, 454, 332, 232, 454, 454, 444, 454, 232, 332, 454, 343, 232,
443, 343, 232, 232, 232, 443, 221, 343, 443, 343, 454, 232, 343, 343, 232, 221,
454, 332, 232, 443, 232, 343, 443, 222, 444, 454, 454, 454, 343, 222, 444, 454,
232, 333, 454, 232, 332, 232, 443, 222, 232, 454, 343, 454, 343, 332, 443, 332,
221, 343, 444, 221, 343, 332, 232, 454, 222, 343, 454, 454, 454, 454, 221, 343,
454, 343, 232, 454, 332, 332, 232, 343, 333, 232, 443, 232, 343, 454, 221, 343,
454, 444, 454, 343, 121, 343, 343, 222, 454, 332, 232, 454, 454, 444, 454, 232,
332, 454, 343, 232, 443, 343, 232, 232, 232, 443, 221, 343, 443, 343, 454, 232,
343, 343, 232, 221, 454, 332, 232, 443, 232, 343, 443, 222, 444, 454, 454, 454,
343, 222, 444, 454, 232, 333, 454, 232, 332, 232, 443, 222, 232, 454, 343, 454,
343, 332, 443, 332, 221, 343, 444, 221, 343, 332, 232, 454, 222, 343, 454, 454,
454, 454, 221, 343, 454, 343, 232, 454, 332, 332, 232, 343, 333, 232, 443, 232,
343, 454, 221, 343, 454, 444, 454, 343, 121, 343, 343, 222, 454, 332, 232, 454,
454, 444, 454, 232, 332, 454, 343, 232, 443, 343, 232, 232, 232, 443, 221, 343,
443, 343, 454, 232, 343, 343, 232, 221, 454, 332, 232, 443, 232, 343, 443, 222,
444, 454, 454, 454, 343, 222, 444, 454, 232, 333, 454, 232, 332, 232, 443, 222,
232, 454, 343, 454, 343, 332, 443, 332, 221, 343, 444, 221, 343, 332, 232, 454,
222, 343, 454, 454, 454, 454, 221, 343, 454, 343, 232, 454, 332, 332, 232, 343,
333, 232, 443, 232, 343, 454, 221, 343, 454, 444, 454, 343, 121, 343, 343, 222,
454, 332, 232, 454, 454, 444, 454, 232, 332, 454, 343, 232, 443, 343, 232, 232,
232, 443, 221, 343, 443, 343, 454, 232, 343, 343, 232, 221, 454, 332, 232, 443,
232, 343, 443, 222, 444, 454, 454, 454, 343, 222, 444, 454, 232, 333, 454, 232,
332, 232, 443, 222, 232, 454, 343, 454, 343, 332, 443, 332, 221, 343, 444, 221,
343, 332, 232, 454, 222, 343, 454, 454, 454, 454, 221, 343, 454, 343, 232, 454,
332, 332, 232, 343, 333, 232, 443, 232, 343, 454, 221, 343, 454, 444, 454, 343,
121, 232, 232, 121, 232, 232, 222, 343, 333, 332, 332, 221, 221, 332, 232, 221,
332, 232, 222, 121, 232, 232, 121, 232, 332, 221, 232, 232, 332, 232, 221, 332,
332, 222, 121, 232, 121, 232, 232, 121, 343, 343, 343, 332, 222, 121, 332, 332,
221, 232, 232, 232, 121, 232, 332, 121, 121, 343, 232, 232, 232, 332, 232, 121,
232, 332, 232, 121, 232, 222, 121, 232, 121, 222, 343, 343, 343, 232, 121, 232,
332, 222, 222, 332, 232, 221, 221, 332, 222, 121, 332, 222, 232, 332, 121, 232,
332, 332, 332, 232, 121, 232, 232, 121, 232, 232, 222, 343, 333, 332, 332, 221,
221, 332, 232, 221, 332, 232, 222, 121, 232, 232, 121, 232, 332, 221, 232, 232,
332, 232, 221, 332, 332, 222, 121, 232, 121, 232, 232, 121, 343, 343, 343, 332,
222, 121, 332, 332, 221, 232, 232, 232, 121, 232, 332, 121, 121, 343, 232, 232,
232, 332, 232, 121, 232, 332, 232, 121, 232, 222, 121, 232, 121, 222, 343, 343,
343, 232, 121, 232, 332, 222, 222, 332, 232, 221, 221, 332, 222, 121, 332, 222,
232, 332, 121, 232, 332, 332, 332, 232, 121, 232, 232, 121, 232, 232, 222, 343,
333, 332, 332, 221, 221, 332, 232, 221, 332, 232, 222, 121, 232, 232, 121, 232,
332, 221, 232, 232, 332, 232, 221, 332, 332, 222, 121, 232, 121, 232, 232, 121,
343, 343, 343, 332, 222, 121, 332, 332, 221, 232, 232, 232, 121, 232, 332, 121,
121, 343, 232, 232, 232, 332, 232, 121, 232, 332, 232, 121, 232, 222, 121, 232,
121, 222, 343, 343, 343, 232, 121, 232, 332, 222, 222, 332, 232, 221, 221, 332,
222, 121, 332, 222, 232, 332, 121, 232, 332, 332, 332, 232, 121, 232, 232, 121,
232, 232, 222, 343, 333, 332, 332, 221, 221, 332, 232, 221, 332, 232, 222, 121,
232, 232, 121, 232, 332, 221, 232, 232, 332, 232, 221, 332, 332, 222, 121, 232,
121, 232, 232, 121, 343, 343, 343, 332, 222, 121, 332, 332, 221, 232, 232, 232,
121, 232, 332, 121, 121, 343, 232, 232, 232, 332, 232, 121, 232, 332, 232, 121,
232, 222, 121, 232, 121, 222, 343, 343, 343, 232, 121, 232, 332, 222, 222, 332,
232, 221, 221, 332, 222, 121, 332, 222, 232, 332, 121, 232, 332, 332, 332, 232,
121, 221, 221, 221, 221, 232, 232, 232, 222, 222, 221, 121, 221, 222, 222, 221,
121, 221, 221, 221, 221, 221, 221, 232, 222, 221, 221, 221, 222, 221, 222, 222,
222, 121, 221, 221, 221, 221, 221, 222, 232, 232, 222, 221, 121, 221, 222, 222,
221, 121, 221, 221, 221, 221, 222, 221, 121, 222, 232, 221, 222, 222, 221, 221,
222, 222, 221, 121, 221, 221, 221, 221, 222, 222, 232, 232, 222, 121, 221, 221,
222, 222, 221, 121, 221, 221, 221, 222, 221, 121, 232, 222, 232, 222, 221, 221,
222, 222, 222, 221, 121, 221, 221, 221, 221, 232, 232, 232, 222, 222, 221, 121,
221, 222, 222, 221, 121, 221, 221, 221, 221, 221, 221, 232, 222, 221, 221, 221,
222, 221, 222, 222, 222, 121, 221, 221, 221, 221, 221, 222, 232, 232, 222, 221,
121, 221, 222, 222, 221, 121, 221, 221, 221, 221, 222, 221, 121, 222, 232, 221,
222, 222, 221, 221, 222, 222, 221, 121, 221, 221, 221, 221, 222, 222, 232, 232,
222, 121, 221, 221, 222, 222, 221, 121, 221, 221, 221, 222, 221, 121, 232, 222,
232, 222, 221, 221, 222, 222, 222, 221, 121, 221, 221, 221, 221, 232, 232, 232,
222, 222, 221, 121, 221, 222, 222, 221, 121, 221, 221, 221, 221, 221, 221, 232,
222, 221, 221, 221, 222, 221, 222, 222, 222, 121, 221, 221, 221, 221, 221, 222,
232, 232, 222, 221, 121, 221, 222, 222, 221, 121, 221, 221, 221, 221, 222, 221,
121, 222, 232, 221, 222, 222, 221, 221, 222, 222, 221, 121, 221, 221, 221, 221,
222, 222, 232, 232, 222, 121, 221, 221, 222, 222, 221, 121, 221, 221, 221, 222,
221, 121, 232, 222, 232, 222, 221, 221, 222, 222, 222, 221, 121, 221, 221, 221,
221, 232, 232, 232, 222, 222, 221, 121, 221, 222, 222, 221, 121, 221, 221, 221,
221, 221, 221, 232, 222, 221, 221, 221, 222, 221, 222, 222, 222, 121, 221, 221,
221, 221, 221, 222, 232, 232, 222, 221, 121, 221, 222, 222, 221, 121, 221, 221,
221, 221, 222, 221, 121, 222, 232, 221, 222, 222, 221, 221, 222, 222, 221, 121,
221, 221, 221, 221, 222, 222, 232, 232, 222, 121, 221, 221, 222, 222, 221, 121,
221, 221, 221, 222, 221, 121, 232, 222, 232, 222, 221, 221, 222, 222, 222, 221,
232, 565, 565, 565, 665, 676, 676, 776, 676, 676, 454, 343, 565, 676, 676, 675,
232, 565, 565, 676, 665, 676, 343, 565, 565, 565, 565, 676, 676, 565, 676, 665,
676, 343, 454, 565, 565, 565, 676, 676, 676, 676, 665, 676, 232, 565, 676, 676,
776, 333, 454, 565, 565, 675, 676, 454, 443, 565, 565, 565, 665, 676, 565, 676,
676, 676, 565, 343, 565, 565, 565, 676, 676, 676, 787, 665, 676, 343, 454, 665,
676, 786, 454, 343, 565, 565, 676, 665, 665, 332, 565, 676, 565, 665, 676, 676,
776, 665, 676, 454, 232, 565, 565, 565, 665, 676, 676, 776, 676, 676, 454, 343,
565, 676, 676, 675, 232, 565, 565, 676, 665, 676, 343, 565, 565, 565, 565, 676,
676, 565, 676, 665, 676, 343, 454, 565, 565, 565, 676, 676, 676, 676, 665, 676,
232, 565, 676, 676, 776, 333, 454, 565, 565, 675, 676, 454, 443, 565, 565, 565,
665, 676, 565, 676, 676, 676, 565, 343, 565, 565, 565, 676, 676, 676, 787, 665,
676, 343, 454, 665, 676, 786, 454, 343, 565, 565, 676, 665, 665, 332, 565, 676,
565, 665, 676, 676, 776, 665, 676, 454, 232, 565, 565, 565, 665, 676, 676, 776,
676, 676, 454, 343, 565, 676, 676, 675, 232, 565, 565, 676, 665, 676, 343, 565,
565, 565, 565, 676, 676, 565, 676, 665, 676, 343, 454, 565, 565, 565, 676, 676,
676, 676, 665, 676, 232, 565, 676, 676, 776, 333, 454, 565, 565, 675, 676, 454,
443, 565, 565, 565, 665, 676, 565, 676, 676, 676, 565, 343, 565, 565, 565, 676,
676, 676, 787, 665, 676, 343, 454, 665, 676, 786, 454, 343, 565, 565, 676, 665,
665, 332, 565, 676, 565, 665, 676, 676, 776, 665, 676, 454, 232, 565, 565, 565,
665, 676, 676, 776, 676, 676, 454, 343, 565, 676, 676, 675, 232, 565, 565, 676,
665, 676, 343, 565, 565, 565, 565, 676, 676, 565, 676, 665, 676, 343, 454, 565,
565, 565, 676, 676, 676, 676, 665, 676, 232, 565, 676, 676, 776, 333, 454, 565,
565, 675, 676, 454, 443, 565, 565, 565, 665, 676, 565, 676, 676, 676, 565, 343,
565, 565, 565, 676, 676, 676, 787, 665, 676, 343, 454, 665, 676, 786, 454, 343,
565, 565, 676, 665, 665, 332, 565, 676, 565, 665, 676, 676, 776, 665, 676, 454,
232, 565, 676, 454, 554, 676, 454, 565, 554, 676, 454, 343, 565, 676, 676, 676,
232, 454, 665, 565, 554, 676, 343, 565, 565, 565, 675, 454, 565, 787, 676, 554,
676, 443, 454, 676, 565, 454, 676, 565, 565, 565, 565, 565, 232, 454, 676, 676,
787, 343, 443, 565, 565, 565, 565, 454, 454, 565, 554, 676, 565, 554, 776, 786,
565, 565, 565, 343, 676, 665, 454, 565, 565, 565, 565, 565, 676, 343, 443, 565,
676, 787, 554, 343, 565, 565, 565, 555, 565, 332, 665, 676, 454, 565, 665, 454,
565, 554, 676, 444, 232, 565, 676, 454, 554, 676, 454, 565, 554, 676, 454, 343,
565, 676, 676, 676, 232, 454, 665, 565, 554, 676, 343, 565, 565, 565, 675, 454,
565, 787, 676, 554, 676, 443, 454, 676, 565, 454, 676, 565, 565, 565, 565, 565,
232, 454, 676, 676, 787, 343, 443, 565, 565, 565, 565, 454, 454, 565, 554, 676,
565, 554, 776, 786, 565, 565, 565, 343, 676, 665, 454, 565, 565, 565, 565, 565,
676, 343, 443, 565, 676, 787, 554, 343, 565, 565, 565, 555, 565, 332, 665, 676,
454, 565, 665, 454, 565, 554, 676, 444, 232, 565, 676, 454, 554, 676, 454, 565,
554, 676, 454, 343, 565, 676, 676, 676, 232, 454, 665, 565, 554, 676, 343, 565,
565, 565, 675, 454, 565, 787, 676, 554, 676, 443, 454, 676, 565, 454, 676, 565,
565, 565, 565, 565, 232, 454, 676, 676, 787, 343, 443, 565, 565, 565, 565, 454,
454, 565, 554, 676, 565, 554, 776, 786, 565, 565, 565, 343, 676, 665, 454, 565,
565, 565, 565, 565, 676, 343, 443, 565, 676, 787, 554, 343, 565, 565, 565, 555,
565, 332, 665, 676, 454, 565, 665, 454, 565, 554, 676, 444, 232, 565, 676, 454,
554, 676, 454, 565, 554, 676, 454, 343, 565, 676, 676, 676, 232, 454, 665, 565,
554, 676, 343, 565, 565, 565, 675, 454, 565, 787, 676, 554, 676, 443, 454, 676,
565, 454, 676, 565, 565, 565, 565, 565, 232, 454, 676, 676, 787, 343, 443, 565,
565, 565, 565, 454, 454, 565, 554, 676, 565, 554, 776, 786, 565, 565, 565, 343,
676, 665, 454, 565, 565, 565, 565, 565, 676, 343, 443, 565, 676, 787, 554, 343,
565, 565, 565, 555, 565, 332, 665, 676, 454, 565, 665, 454, 565, 554, 676, 444,
232, 454, 565, 565, 454, 454, 454, 454, 454, 343, 222, 232, 454, 554, 776, 676,
232, 454, 454, 454, 454, 676, 443, 443, 454, 454, 454, 554, 454, 565, 565, 454,
565, 443, 343, 454, 565, 454, 454, 454, 454, 454, 343, 232, 221, 343, 454, 676,
786, 343, 343, 454, 454, 454, 565, 554, 443, 454, 454, 454, 555, 454, 554, 676,
454, 454, 554, 333, 454, 565, 454, 454, 454, 454, 454, 443, 232, 221, 332, 454,
565, 787, 454, 333, 454, 454, 454, 454, 665, 343, 454, 565, 565, 454, 454, 454,
454, 454, 332, 221, 232, 454, 565, 565, 454, 454, 454, 454, 454, 343, 222, 232,
454, 554, 776, 676, 232, 454, 454, 454, 454, 676, 443, 443, 454, 454, 454, 554,
454, 565, 565, 454, 565, 443, 343, 454, 565, 454, 454, 454, 454, 454, 343, 232,
221, 343, 454, 676, 786, 343, 343, 454, 454, 454, 565, 554, 443, 454, 454, 454,
555, 454, 554, 676, 454, 454, 554, 333, 454, 565, 454, 454, 454, 454, 454, 443,
232, 221, 332, 454, 565, 787, 454, 333, 454, 454, 454, 454, 665, 343, 454, 565,
565, 454, 454, 454, 454, 454, 332, 221, 232, 454, 565, 565, 454, 454, 454, 454,
454, 343, 222, 232, 454, 554, 776, 676, 232, 454, 454, 454, 454, 676, 443, 443,
454, 454, 454, 554, 454, 565, 565, 454, 565, 443, 343, 454, 565, 454, 454, 454,
454, 454, 343, 232, 221, 343, 454, 676, 786, 343, 343, 454, 454, 454, 565, 554,
443, 454, 454, 454, 555, 454, 554, 676, 454, 454, 554, 333, 454, 565, 454, 454,
454, 454, 454, 443, 232, 221, 332, 454, 565, 787, 454, 333, 454, 454, 454, 454,
665, 343, 454, 565, 565, 454, 454, 454, 454, 454, 332, 221, 232, 454, 565, 565,
454, 454, 454, 454, 454, 343, 222, 232, 454, 554, 776, 676, 232, 454, 454, 454,
454, 676, 443, 443, 454, 454, 454, 554, 454, 565, 565, 454, 565, 443, 343, 454,
565, 454, 454, 454, 454, 454, 343, 232, 221, 343, 454, 676, 786, 343, 343, 454,
454, 454, 565, 554, 443, 454, 454, 454, 555, 454, 554, 676, 454, 454, 554, 333,
454, 565, 454, 454, 454, 454, 454, 443, 232, 221, 332, 454, 565, 787, 454, 333,
454, 454, 454, 454, 665, 343, 454, 565, 565, 454, 454, 454, 454, 454, 332, 221,
232, 444, 454, 454, 454, 454, 454, 333, 343, 221, 121, 121, 343, 454, 565, 565,
232, 444, 454, 454, 454, 676, 343, 343, 454, 454, 454, 454, 454, 454, 454, 454,
565, 443, 343, 454, 454, 454, 454, 454, 343, 343, 232, 121, 121, 232, 454, 454,
676, 232, 343, 454, 454, 444, 565, 554, 333, 444, 454, 454, 454, 454, 454, 454,
454, 454, 554, 332, 454, 454, 454, 454, 454, 454, 333, 343, 121, 121, 222, 343,
454, 565, 454, 232, 454, 454, 454, 454, 565, 343, 454, 454, 454, 454, 454, 454,
333, 343, 121, 121, 232, 444, 454, 454, 454, 454, 454, 333, 343, 221, 121, 121,
343, 454, 565, 565, 232, 444, 454, 454, 454, 676, 343, 343, 454, 454, 454, 454,
454, 454, 454, 454, 565, 443, 343, 454, 454, 454, 454, 454, 343, 343, 232, 121,
121, 232, 454, 454, 676, 232, 343, 454, 454, 444, 565, 554, 333, 444, 454, 454,
454, 454, 454, 454, 454, 454, 554, 332, 454, 454, 454, 454, 454, 454, 333, 343,
121, 121, 222, 343, 454, 565, 454, 232, 454, 454, 454, 454, 565, 343, 454, 454,
454, 454, 454, 454, 333, 343, 121, 121, 232, 444, 454, 454, 454, 454, 454, 333,
343, 221, 121, 121, 343, 454, 565, 565, 232, 444, 454, 454, 454, 676, 343, 343,
454, 454, 454, 454, 454, 454, 454, 454, 565, 443, 343, 454, 454, 454, 454, 454,
343, 343, 232, 121, 121, 232, 454, 454, 676, 232, 343, 454, 454, 444, 565, 554,
333, 444, 454, 454, 454, 454, 454, 454, 454, 454, 554, 332, 454, 454, 454, 454,
454, 454, 333, 343, 121, 121, 222, 343, 454, 565, 454, 232, 454, 454, 454, 454,
565, 343, 454, 454, 454, 454, 454, 454, 333, 343, 121, 121, 232, 444, 454, 454,
454, 454, 454, 333, 343, 221, 121, 121, 343, 454, 565, 565, 232, 444, 454, 454,
454, 676, 343, 343, 454, 454, 454, 454, 454, 454, 454, 454, 565, 443, 343, 454,
454, 454, 454, 454, 343, 343, 232, 121, 121, 232, 454, 454, 676, 232, 343, 454,
454, 444, 565, 554, 333, 444, 454, 454, 454, 454, 454, 454, 454, 454, 554, 332,
454, 454, 454, 454, 454, 454, 333, 343, 121, 121, 222, 343, 454, 565, 454, 232,
454, 454, 454, 454, 565, 343, 454, 454, 454, 454, 454, 454, 333, 343, 121, 121,
232, 443, 444, 454, 454, 454, 454, 343, 222, 222, 232, 221, 343, 454, 454, 454,
221, 343, 454, 454, 454, 565, 332, 222, 444, 454, 454, 454, 454, 454, 454, 454,
454, 343, 343, 443, 454, 454, 454, 454, 444, 232, 221, 232, 121, 343, 454, 454,
565, 232, 333, 454, 454, 454, 554, 454, 221, 343, 454, 454, 454, 454, 454, 454,
454, 454, 454, 332, 443, 454, 454, 454, 454, 454, 333, 221, 232, 221, 232, 454,
454, 454, 443, 222, 454, 454, 454, 454, 565, 343, 454, 444, 454, 454, 454, 454,
343, 222, 232, 222, 232, 443, 444, 454, 454, 454, 454, 343, 222, 222, 232, 221,
343, 454, 454, 454, 221, 343, 454, 454, 454, 565, 332, 222, 444, 454, 454, 454,
454, 454, 454, 454, 454, 343, 343, 443, 454, 454, 454, 454, 444, 232, 221, 232,
121, 343, 454, 454, 565, 232, 333, 454, 454, 454, 554, 454, 221, 343, 454, 454,
454, 454, 454, 454, 454, 454, 454, 332, 443, 454, 454, 454, 454, 454, 333, 221,
232, 221, 232, 454, 454, 454, 443, 222, 454, 454, 454, 454, 565, 343, 454, 444,
454, 454, 454, 454, 343, 222, 232, 222, 232, 443, 444, 454, 454, 454, 454, 343,
222, 222, 232, 221, 343, 454, 454, 454, 221, 343, 454, 454, 454, 565, 332, 222,
444, 454, 454, 454, 454, 454, 454, 454, 454, 343, 343, 443, 454, 454, 454, 454,
444, 232, 221, 232, 121, 343, 454, 454, 565, 232, 333, 454, 454, 454, 554, 454,
221, 343, 454, 454, 454, 454, 454, 454, 454, 454, 454, 332, 443, 454, 454, 454,
454, 454, 333, 221, 232, 221, 232, 454, 454, 454, 443, 222, 454, 454, 454, 454,
565, 343, 454, 444, 454, 454, 454, 454, 343, 222, 232, 222, 232, 443, 444, 454,
454, 454, 454, 343, 222, 222, 232, 221, 343, 454, 454, 454, 221, 343, 454, 454,
454, 565, 332, 222, 444, 454, 454, 454, 454, 454, 454, 454, 454, 343, 343, 443,
454, 454, 454, 454, 444, 232, 221, 232, 121, 343, 454, 454, 565, 232, 333, 454,
454, 454, 554, 454, 221, 343, 454, 454, 454, 454, 454, 454, 454, 454, 454, 332,
443, 454, 454, 454, 454, 454, 333, 221, 232, 221, 232, 454, 454, 454, 443, 222,
454, 454, 454, 454, 565, 343, 454, 444, 454, 454, 454, 454, 343, 222, 232, 222,
221, 232, 343, 454, 444, 343, 333, 232, 222, 343, 222, 222, 444, 454, 454, 565,
221, 332, 454, 454, 454, 565, 232, 121, 232, 454, 454, 454, 454, 454, 454, 454,
565, 343, 232, 332, 454, 454, 343, 343, 333, 222, 332, 232, 121, 343, 454, 444,
565, 332, 222, 443, 454, 454, 554, 454, 121, 222, 443, 454, 454, 454, 454, 454,
454, 554, 454, 232, 232, 443, 454, 443, 343, 333, 232, 232, 343, 121, 332, 454,
454, 454, 454, 121, 343, 454, 454, 454, 565, 232, 232, 343, 454, 444, 343, 333,
232, 222, 343, 222, 221, 232, 343, 454, 444, 343, 333, 232, 222, 343, 222, 222,
444, 454, 454, 565, 221, 332, 454, 454, 454, 565, 232, 121, 232, 454, 454, 454,
454, 454, 454, 454, 565, 343, 232, 332, 454, 454, 343, 343, 333, 222, 332, 232,
121, 343, 454, 444, 565, 332, 222, 443, 454, 454, 554, 454, 121, 222, 443, 454,
454, 454, 454, 454, 454, 554, 454, 232, 232, 443, 454, 443, 343, 333, 232, 232,
343, 121, 332, 454, 454, 454, 454, 121, 343, 454, 454, 454, 565, 232, 232, 343,
454, 444, 343, 333, 232, 222, 343, 222, 221, 232, 343, 454, 444, 343, 333, 232,
222, 343, 222, 222, 444, 454, 454, 565, 221, 332, 454, 454, 454, 565, 232, 121,
232, 454, 454, 454, 454, 454, 454, 454, 565, 343, 232, 332, 454, 454, 343, 343,
333, 222, 332, 232, 121, 343, 454, 444, 565, 332, 222, 443, 454, 454, 554, 454,
121, 222, 443, 454, 454, 454, 454, 454, 454, 554, 454, 232, 232, 443, 454, 443,
343, 333, 232, 232, 343, 121, 332, 454, 454, 454, 454, 121, 343, 454, 454, 454,
565, 232, 232, 343, 454, 444, 343, 333, 232, 222, 343, 222, 221, 232, 343, 454,
444, 343, 333, 232, 222, 343, 222, 222, 444, 454, 454, 565, 221, 332, 454, 454,
454, 565, 232, 121, 232, 454, 454, 454, 454, 454, 454, 454, 565, 343, 232, 332,
454, 454, 343, 343, 333, 222, 332, 232, 121, 343, 454, 444, 565, 332, 222, 443,
454, 454, 554, 454, 121, 222, 443, 454, 454, 454, 454, 454, 454, 554, 454, 232,
232, 443, 454, 443, 343, 333, 232, 232, 343, 121, 332, 454, 454, 454, 454, 121,
343, 454, 454, 454, 565, 232, 232, 343, 454, 444, 343, 333, 232, 222, 343, 222,
121, 232, 343, 343, 343, 232, 221, 121, 221, 332, 121, 232, 454, 454, 454, 565,
121, 232, 443, 454, 454, 343, 222, 121, 121, 343, 454, 454, 454, 454, 454, 444,
665, 343, 121, 332, 343, 343, 232, 221, 221, 121, 332, 222, 222, 443, 454, 454,
565, 232, 121, 343, 454, 454, 444, 232, 121, 121, 332, 454, 454, 454, 454, 454,
444, 565, 565, 121, 232, 343, 343, 232, 232, 221, 121, 232, 232, 121, 343, 454,
454, 565, 454, 121, 332, 454, 454, 444, 343, 221, 232, 343, 343, 343, 222, 221,
121, 232, 232, 121, 121, 232, 343, 343, 343, 232, 221, 121, 221, 332, 121, 232,
454, 454, 454, 565, 121, 232, 443, 454, 454, 343, 222, 121, 121, 343, 454, 454,
454, 454, 454, 444, 665, 343, 121, 332, 343, 343, 232, 221, 221, 121, 332, 222,
222, 443, 454, 454, 565, 232, 121, 343, 454, 454, 444, 232, 121, 121, 332, 454,
454, 454, 454, 454, 444, 565, 565, 121, 232, 343, 343, 232, 232, 221, 121, 232,
232, 121, 343, 454, 454, 565, 454, 121, 332, 454, 454, 444, 343, 221, 232, 343,
343, 343, 222, 221, 121, 232, 232, 121, 121, 232, 343, 343, 343, 232, 221, 121,
221, 332, 121, 232, 454, 454, 454, 565, 121, 232, 443, 454, 454, 343, 222, 121,
121, 343, 454, 454, 454, 454, 454, 444, 665, 343, 121, 332, 343, 343, 232, 221,
221, 121, 332, 222, 222, 443, 454, 454, 565, 232, 121, 343, 454, 454, 444, 232,
121, 121, 332, 454, 454, 454, 454, 454, 444, 565, 565, 121, 232, 343, 343, 232,
232, 221, 121, 232, 232, 121, 343, 454, 454, 565, 454, 121, 332, 454, 454, 444,
343, 221, 232, 343, 343, 343, 222, 221, 121, 232, 232, 121, 121, 232, 343, 343,
343, 232, 221, 121, 221, 332, 121, 232, 454, 454, 454, 565, 121, 232, 443, 454,
454, 343, 222, 121, 121, 343, 454, 454, 454, 454, 454, 444, 665, 343, 121, 332,
343, 343, 232, 221, 221, 121, 332, 222, 222, 443, 454, 454, 565, 232, 121, 343,
454, 454, 444, 232, 121, 121, 332, 454, 454, 454, 454, 454, 444, 565, 565, 121,
232, 343, 343, 232, 232, 221, 121, 232, 232, 121, 343, 454, 454, 565, 454, 121,
332, 454, 454, 444, 343, 221, 232, 343, 343, 343, 222, 221, 121, 232, 232, 121,
121, 121, 222, 222, 221, 111, 121, 121, 121, 121, 121, 343, 454, 454, 454, 565,
221, 232, 343, 454, 343, 232, 222, 121, 222, 232, 343, 454, 443, 343, 454, 454,
676, 343, 121, 222, 222, 222, 121, 121, 121, 121, 121, 121, 232, 454, 454, 454,
676, 332, 221, 232, 443, 454, 332, 232, 121, 222, 221, 343, 454, 454, 343, 443,
454, 565, 554, 121, 221, 222, 222, 121, 111, 121, 121, 121, 121, 221, 443, 454,
454, 565, 454, 121, 232, 343, 454, 343, 343, 121, 121, 222, 222, 221, 111, 121,
121, 121, 121, 121, 121, 121, 222, 222, 221, 111, 121, 121, 121, 121, 121, 343,
454, 454, 454, 565, 221, 232, 343, 454, 343, 232, 222, 121, 222, 232, 343, 454,
443, 343, 454, 454, 676, 343, 121, 222, 222, 222, 121, 121, 121, 121, 121, 121,
232, 454, 454, 454, 676, 332, 221, 232, 443, 454, 332, 232, 121, 222, 221, 343,
454, 454, 343, 443, 454, 565, 554, 121, 221, 222, 222, 121, 111, 121, 121, 121,
121, 221, 443, 454, 454, 565, 454, 121, 232, 343, 454, 343, 343, 121, 121, 222,
222, 221, 111, 121, 121, 121, 121, 121, 121, 121, 222, 222, 221, 111, 121, 121,
121, 121, 121, 343, 454, 454, 454, 565, 221, 232, 343, 454, 343, 232, 222, 121,
222, 232, 343, 454, 443, 343, 454, 454, 676, 343, 121, 222, 222, 222, 121, 121,
121, 121, 121, 121, 232, 454, 454, 454, 676, 332, 221, 232, 443, 454, 332, 232,
121, 222, 221, 343, 454, 454, 343, 443, 454, 565, 554, 121, 221, 222, 222, 121,
111, 121, 121, 121, 121, 221, 443, 454, 454, 565, 454, 121, 232, 343, 454, 343,
343, 121, 121, 222, 222, 221, 111, 121, 121, 121, 121, 121, 121, 121, 222, 222,
221, 111, 121, 121, 121, 121, 121, 343, 454, 454, 454, 565, 221, 232, 343, 454,
343, 232, 222, 121, 222, 232, 343, 454, 443, 343, 454, 454, 676, 343, 121, 222,
222, 222, 121, 121, 121, 121, 121, 121, 232, 454, 454, 454, 676, 332, 221, 232,
443, 454, 332, 232, 121, 222, 221, 343, 454, 454, 343, 443, 454, 565, 554, 121,
221, 222, 222, 121, 111, 121, 121, 121, 121, 221, 443, 454, 454, 565, 454, 121,
232, 343, 454, 343, 343, 121, 121, 222, 222, 221, 111, 121, 121, 121, 121, 121,
222, 343, 343, 443, 443, 454, 232, 332, 443, 443, 333, 343, 454, 443, 454, 565,
222, 232, 232, 343, 232, 343, 232, 232, 343, 121, 232, 454, 343, 232, 343, 454,
676, 343, 332, 343, 443, 343, 454, 343, 232, 443, 443, 343, 232, 454, 444, 454,
565, 332, 232, 232, 332, 343, 232, 343, 221, 343, 232, 121, 443, 343, 232, 333,
454, 565, 454, 232, 343, 343, 443, 444, 444, 222, 343, 443, 343, 232, 343, 454,
443, 565, 454, 222, 232, 232, 343, 232, 454, 232, 343, 343, 443, 443, 454, 232,
333, 443, 443, 332, 222, 343, 343, 443, 443, 454, 232, 332, 443, 443, 333, 343,
454, 443, 454, 565, 222, 232, 232, 343, 232, 343, 232, 232, 343, 121, 232, 454,
343, 232, 343, 454, 676, 343, 332, 343, 443, 343, 454, 343, 232, 443, 443, 343,
232, 454, 444, 454, 565, 332, 232, 232, 332, 343, 232, 343, 221, 343, 232, 121,
443, 343, 232, 333, 454, 565, 454, 232, 343, 343, 443, 444, 444, 222, 343, 443,
343, 232, 343, 454, 443, 565, 454, 222, 232, 232, 343, 232, 454, 232, 343, 343,
443, 443, 454, 232, 333, 443, 443, 332, 222, 343, 343, 443, 443, 454, 232, 332,
443, 443, 333, 343, 454, 443, 454, 565, 222, 232, 232, 343, 232, 343, 232, 232,
343, 121, 232, 454, 343, 232, 343, 454, 676, 343, 332, 343, 443, 343, 454, 343,
232, 443, 443, 343, 232, 454, 444, 454, 565, 332, 232, 232, 332, 343, 232, 343,
221, 343, 232, 121, 443, 343, 232, 333, 454, 565, 454, 232, 343, 343, 443, 444,
444, 222, 343, 443, 343, 232, 343, 454, 443, 565, 454, 222, 232, 232, 343, 232,
454, 232, 343, 343, 443, 443, 454, 232, 333, 443, 443, 332, 222, 343, 343, 443,
443, 454, 232, 332, 443, 443, 333, 343, 454, 443, 454, 565, 222, 232, 232, 343,
232, 343, 232, 232, 343, 121, 232, 454, 343, 232, 343, 454, 676, 343, 332, 343,
443, 343, 454, 343, 232, 443, 443, 343, 232, 454, 444, 454, 565, 332, 232, 232,
332, 343, 232, 343, 221, 343, 232, 121, 443, 343, 232, 333, 454, 565, 454, 232,
343, 343, 443, 444, 444, 222, 343, 443, 343, 232, 343, 454, 443, 565, 454, 222,
232, 232, 343, 232, 454, 232, 343, 343, 443, 443, 454, 232, 333, 443, 443, 332,
232, 565, 665, 676, 565, 787, 443, 454, 676, 676, 564, 333, 443, 332, 444, 454,
232, 343, 343, 232, 232, 454, 232, 232, 343, 232, 221, 343, 232, 222, 343, 454,
565, 343, 454, 565, 676, 565, 776, 565, 343, 676, 676, 676, 332, 444, 343, 343,
454, 232, 343, 443, 232, 332, 443, 343, 221, 343, 343, 221, 332, 332, 222, 332,
454, 554, 454, 343, 565, 676, 676, 676, 786, 332, 565, 676, 676, 343, 343, 343,
343, 454, 343, 232, 343, 232, 232, 343, 454, 332, 565, 675, 676, 565, 787, 343,
454, 676, 676, 454, 232, 565, 665, 676, 565, 787, 443, 454, 676, 676, 564, 333,
443, 332, 444, 454, 232, 343, 343, 232, 232, 454, 232, 232, 343, 232, 221, 343,
232, 222, 343, 454, 565, 343, 454, 565, 676, 565, 776, 565, 343, 676, 676, 676,
332, 444, 343, 343, 454, 232, 343, 443, 232, 332, 443, 343, 221, 343, 343, 221,
332, 332, 222, 332, 454, 554, 454, 343, 565, 676, 676, 676, 786, 332, 565, 676,
676, 343, 343, 343, 343, 454, 343, 232, 343, 232, 232, 343, 454, 332, 565, 675,
676, 565, 787, 343, 454, 676, 676, 454, 232, 565, 665, 676, 565, 787, 443, 454,
676, 676, 564, 333, 443, 332, 444, 454, 232, 343, 343, 232, 232, 454, 232, 232,
343, 232, 221, 343, 232, 222, 343, 454, 565, 343, 454, 565, 676, 565, 776, 565,
343, 676, 676, 676, 332, 444, 343, 343, 454, 232, 343, 443, 232, 332, 443, 343,
221, 343, 343, 221, 332, 332, 222, 332, 454, 554, 454, 343, 565, 676, 676, 676,
786, 332, 565, 676, 676, 343, 343, 343, 343, 454, 343, 232, 343, 232, 232, 343,
454, 332, 565, 675, 676, 565, 787, 343, 454, 676, 676, 454, 232, 565, 665, 676,
565, 787, 443, 454, 676, 676, 564, 333, 443, 332, 444, 454, 232, 343, 343, 232,
232, 454, 232, 232, 343, 232, 221, 343, 232, 222, 343, 454, 565, 343, 454, 565,
676, 565, 776, 565, 343, 676, 676, 676, 332, 444, 343, 343, 454, 232, 343, 443,
232, 332, 443, 343, 221, 343, 343, 221, 332, 332, 222, 332, 454, 554, 454, 343,
565, 676, 676, 676, 786, 332, 565, 676, 676, 343, 343, 343, 343, 454, 343, 232,
343, 232, 232, 343, 454, 332, 565, 675, 676, 565, 787, 343, 454, 676, 676, 454,
232, 443, 454, 565, 444, 565, 343, 343, 565, 565, 554, 232, 232, 232, 444, 454,
332, 454, 454, 332, 343, 565, 332, 121, 232, 343, 221, 221, 232, 343, 343, 443,
454, 332, 343, 454, 565, 454, 454, 554, 332, 565, 554, 665, 232, 333, 232, 343,
554, 333, 343, 454, 443, 333, 454, 454, 121, 232, 343, 232, 121, 232, 343, 343,
443, 443, 343, 332, 454, 565, 454, 454, 565, 332, 454, 554, 565, 343, 333, 232,
332, 454, 443, 343, 454, 343, 333, 454, 554, 332, 444, 454, 554, 444, 565, 343,
443, 565, 565, 454, 232, 443, 454, 565, 444, 565, 343, 343, 565, 565, 554, 232,
232, 232, 444, 454, 332, 454, 454, 332, 343, 565, 332, 121, 232, 343, 221, 221,
232, 343, 343, 443, 454, 332, 343, 454, 565, 454, 454, 554, 332, 565, 554, 665,
232, 333, 232, 343, 554, 333, 343, 454, 443, 333, 454, 454, 121, 232, 343, 232,
121, 232, 343, 343, 443, 443, 343, 332, 454, 565, 454, 454, 565, 332, 454, 554,
565, 343, 333, 232, 332, 454, 443, 343, 454, 343, 333, 454, 554, 332, 444, 454,
554, 444, 565, 343, 443, 565, 565, 454, 232, 443, 454, 565, 444, 565, 343, 343,
565, 565, 554, 232, 232, 232, 444, 454, 332, 454, 454, 332, 343, 565, 332, 121,
232, 343, 221, 221, 232, 343, 343, 443, 454, 332, 343, 454, 565, 454, 454, 554,
332, 565, 554, 665, 232, 333, 232, 343, 554, 333, 343, 454, 443, 333, 454, 454,
121, 232, 343, 232, 121, 232, 343, 343, 443, 443, 343, 332, 454, 565, 454, 454,
565, 332, 454, 554, 565, 343, 333, 232, 332, 454, 443, 343, 454, 343, 333, 454,
554, 332, 444, 454, 554, 444, 565, 343, 443, 565, 565, 454, 232, 443, 454, 565,
444, 565, 343, 343, 565, 565, 554, 232, 232, 232, 444, 454, 332, 454, 454, 332,
343, 565, 332, 121, 232, 343, 221, 221, 232, 343, 343, 443, 454, 332, 343, 454,
565, 454, 454, 554, 332, 565, 554, 665, 232, 333, 232, 343, 554, 333, 343, 454,
443, 333, 454, 454, 121, 232, 343, 232, 121, 232, 343, 343, 443, 443, 343, 332,
454, 565, 454, 454, 565, 332, 454, 554, 565, 343, 333, 232, 332, 454, 443, 343,
454, 343, 333, 454, 554, 332, 444, 454, 554, 444, 565, 343, 443, 565, 565, 454,
232, 454, 454, 454, 454, 454, 343, 343, 454, 454, 454, 221, 222, 333, 443, 454,
232, 454, 454, 443, 443, 565, 333, 121, 232, 221, 121, 121, 232, 232, 232, 232,
232, 222, 343, 454, 454, 454, 454, 454, 332, 454, 454, 565, 222, 222, 232, 443,
454, 332, 343, 454, 454, 343, 454, 454, 121, 221, 232, 121, 121, 232, 232, 232,
232, 232, 222, 333, 454, 454, 454, 454, 454, 332, 443, 444, 565, 333, 222, 222,
343, 454, 343, 343, 454, 454, 454, 454, 565, 332, 454, 454, 454, 454, 454, 333,
343, 454, 454, 454, 232, 454, 454, 454, 454, 454, 343, 343, 454, 454, 454, 221,
222, 333, 443, 454, 232, 454, 454, 443, 443, 565, 333, 121, 232, 221, 121, 121,
232, 232, 232, 232, 232, 222, 343, 454, 454, 454, 454, 454, 332, 454, 454, 565,
222, 222, 232, 443, 454, 332, 343, 454, 454, 343, 454, 454, 121, 221, 232, 121,
121, 232, 232, 232, 232, 232, 222, 333, 454, 454, 454, 454, 454, 332, 443, 444,
565, 333, 222, 222, 343, 454, 343, 343, 454, 454, 454, 454, 565, 332, 454, 454,
454, 454, 454, 333, 343, 454, 454, 454, 232, 454, 454, 454, 454, 454, 343, 343,
454, 454, 454, 221, 222, 333, 443, 454, 232, 454, 454, 443, 443, 565, 333, 121,
232, 221, 121, 121, 232, 232, 232, 232, 232, 222, 343, 454, 454, 454, 454, 454,
332, 454, 454, 565, 222, 222, 232, 443, 454, 332, 343, 454, 454, 343, 454, 454,
121, 221, 232, 121, 121, 232, 232, 232, 232, 232, 222, 333, 454, 454, 454, 454,
454, 332, 443, 444, 565, 333, 222, 222, 343, 454, 343, 343, 454, 454, 454, 454,
565, 332, 454, 454, 454, 454, 454, 333, 343, 454, 454, 454, 232, 454, 454, 454,
454, 454, 343, 343, 454, 454, 454, 221, 222, 333, 443, 454, 232, 454, 454, 443,
443, 565, 333, 121, 232, 221, 121, 121, 232, 232, 232, 232, 232, 222, 343, 454,
454, 454, 454, 454, 332, 454, 454, 565, 222, 222, 232, 443, 454, 332, 343, 454,
454, 343, 454, 454, 121, 221, 232, 121, 121, 232, 232, 232, 232, 232, 222, 333,
454, 454, 454, 454, 454, 332, 443, 444, 565, 333, 222, 222, 343, 454, 343, 343,
454, 454, 454, 454, 565, 332, 454, 454, 454, 454, 454, 333, 343, 454, 454, 454,
232, 444, 454, 454, 454, 554, 343, 343, 454, 454, 454, 121, 232, 332, 232, 232,
232, 454, 454, 454, 454, 565, 333, 121, 232, 232, 332, 232, 222, 232, 232, 232,
232, 222, 343, 454, 454, 454, 454, 454, 332, 454, 454, 564, 221, 222, 332, 232,
232, 232, 443, 454, 454, 454, 454, 454, 121, 232, 232, 332, 232, 221, 232, 232,
232, 232, 232, 332, 454, 454, 454, 454, 565, 332, 444, 454, 565, 332, 121, 232,
232, 232, 232, 343, 454, 454, 454, 454, 565, 232, 454, 454, 454, 454, 555, 343,
343, 454, 454, 443, 232, 444, 454, 454, 454, 554, 343, 343, 454, 454, 454, 121,
232, 332, 232, 232, 232, 454, 454, 454, 454, 565, 333, 121, 232, 232, 332, 232,
222, 232, 232, 232, 232, 222, 343, 454, 454, 454, 454, 454, 332, 454, 454, 564,
221, 222, 332, 232, 232, 232, 443, 454, 454, 454, 454, 454, 121, 232, 232, 332,
232, 221, 232, 232, 232, 232, 232, 332, 454, 454, 454, 454, 565, 332, 444, 454,
565, 332, 121, 232, 232, 232, 232, 343, 454, 454, 454, 454, 565, 232, 454, 454,
454, 454, 555, 343, 343, 454, 454, 443, 232, 444, 454, 454, 454, 554, 343, 343,
454, 454, 454, 121, 232, 332, 232, 232, 232, 454, 454, 454, 454, 565, 333, 121,
232, 232, 332, 232, 222, 232, 232, 232, 232, 222, 343, 454, 454, 454, 454, 454,
332, 454, 454, 564, 221, 222, 332, 232, 232, 232, 443, 454, 454, 454, 454, 454,
121, 232, 232, 332, 232, 221, 232, 232, 232, 232, 232, 332, 454, 454, 454, 454,
565, 332, 444, 454, 565, 332, 121, 232, 232, 232, 232, 343, 454, 454, 454, 454,
565, 232, 454, 454, 454, 454, 555, 343, 343, 454, 454, 443, 232, 444, 454, 454,
454, 554, 343, 343, 454, 454, 454, 121, 232, 332, 232, 232, 232, 454, 454, 454,
454, 565, 333, 121, 232, 232, 332, 232, 222, 232, 232, 232, 232, 222, 343, 454,
454, 454, 454, 454, 332, 454, 454, 564, 221, 222, 332, 232, 232, 232, 443, 454,
454, 454, 454, 454, 121, 232, 232, 332, 232, 221, 232, 232, 232, 232, 232, 332,
454, 454, 454, 454, 565, 332, 444, 454, 565, 332, 121, 232, 232, 232, 232, 343,
454, 454, 454, 454, 565, 232, 454, 454, 454, 454, 555, 343, 343, 454, 454, 443,
222, 443, 454, 454, 454, 676, 443, 343, 454, 565, 554, 121, 121, 121, 121, 121,
232, 454, 454, 454, 454, 565, 232, 232, 665, 676, 786, 454, 443, 665, 665, 676,
787, 343, 332, 454, 454, 454, 565, 565, 332, 454, 454, 676, 221, 121, 121, 121,
121, 221, 443, 454, 454, 454, 565, 454, 121, 565, 676, 676, 676, 332, 565, 565,
676, 776, 565, 222, 454, 454, 454, 454, 676, 332, 444, 454, 676, 343, 121, 121,
121, 121, 121, 343, 454, 454, 454, 454, 565, 222, 444, 454, 454, 454, 676, 343,
343, 454, 565, 454, 222, 443, 454, 454, 454, 676, 443, 343, 454, 565, 554, 121,
121, 121, 121, 121, 232, 454, 454, 454, 454, 565, 232, 232, 665, 676, 786, 454,
443, 665, 665, 676, 787, 343, 332, 454, 454, 454, 565, 565, 332, 454, 454, 676,
221, 121, 121, 121, 121, 221, 443, 454, 454, 454, 565, 454, 121, 565, 676, 676,
676, 332, 565, 565, 676, 776, 565, 222, 454, 454, 454, 454, 676, 332, 444, 454,
676, 343, 121, 121, 121, 121, 121, 343, 454, 454, 454, 454, 565, 222, 444, 454,
454, 454, 676, 343, 343, 454, 565, 454, 222, 443, 454, 454, 454, 676, 443, 343,
454, 565, 554, 121, 121, 121, 121, 121, 232, 454, 454, 454, 454, 565, 232, 232,
665, 676, 786, 454, 443, 665, 665, 676, 787, 343, 332, 454, 454, 454, 565, 565,
332, 454, 454, 676, 221, 121, 121, 121, 121, 221, 443, 454, 454, 454, 565, 454,
121, 565, 676, 676, 676, 332, 565, 565, 676, 776, 565, 222, 454, 454, 454, 454,
676, 332, 444, 454, 676, 343, 121, 121, 121, 121, 121, 343, 454, 454, 454, 454,
565, 222, 444, 454, 454, 454, 676, 343, 343, 454, 565, 454, 222, 443, 454, 454,
454, 676, 443, 343, 454, 565, 554, 121, 121, 121, 121, 121, 232, 454, 454, 454,
454, 565, 232, 232, 665, 676, 786, 454, 443, 665, 665, 676, 787, 343, 332, 454,
454, 454, 565, 565, 332, 454, 454, 676, 221, 121, 121, 121, 121, 221, 443, 454,
454, 454, 565, 454, 121, 565, 676, 676, 676, 332, 565, 565, 676, 776, 565, 222,
454, 454, 454, 454, 676, 332, 444, 454, 676, 343, 121, 121, 121, 121, 121, 343,
454, 454, 454, 454, 565, 222, 444, 454, 454, 454, 676, 343, 343, 454, 565, 454,
121, 343, 454, 454, 454, 676, 443, 343, 454, 665, 454, 121, 221, 121, 121, 121,
232, 454, 454, 454, 454, 565, 232, 232, 454, 565, 565, 443, 343, 454, 454, 565,
665, 343, 332, 454, 454, 454, 565, 565, 232, 454, 554, 665, 121, 121, 121, 121,
121, 221, 443, 454, 454, 454, 565, 454, 221, 454, 565, 565, 565, 232, 454, 454,
565, 565, 454, 222, 454, 454, 454, 454, 676, 332, 443, 454, 676, 332, 121, 221,
121, 121, 121, 343, 454, 454, 454, 454, 565, 222, 343, 454, 454, 454, 676, 343,
343, 454, 676, 454, 121, 343, 454, 454, 454, 676, 443, 343, 454, 665, 454, 121,
221, 121, 121, 121, 232, 454, 454, 454, 454, 565, 232, 232, 454, 565, 565, 443,
343, 454, 454, 565, 665, 343, 332, 454, 454, 454, 565, 565, 232, 454, 554, 665,
121, 121, 121, 121, 121, 221, 443, 454, 454, 454, 565, 454, 221, 454, 565, 565,
565, 232, 454, 454, 565, 565, 454, 222, 454, 454, 454, 454, 676, 332, 443, 454,
676, 332, 121, 221, 121, 121, 121, 343, 454, 454, 454, 454, 565, 222, 343, 454,
454, 454, 676, 343, 343, 454, 676, 454, 121, 343, 454, 454, 454, 676, 443, 343,
454, 665, 454, 121, 221, 121, 121, 121, 232, 454, 454, 454, 454, 565, 232, 232,
454, 565, 565, 443, 343, 454, 454, 565, 665, 343, 332, 454, 454, 454, 565, 565,
232, 454, 554, 665, 121, 121, 121, 121, 121, 221, 443, 454, 454, 454, 565, 454,
221, 454, 565, 565, 565, 232, 454, 454, 565, 565, 454, 222, 454, 454, 454, 454,
676, 332, 443, 454, 676, 332, 121, 221, 121, 121, 121, 343, 454, 454, 454, 454,
565, 222, 343, 454, 454, 454, 676, 343, 343, 454, 676, 454, 121, 343, 454, 454,
454, 676, 443, 343, 454, 665, 454, 121, 221, 121, 121, 121, 232, 454, 454, 454,
454, 565, 232, 232, 454, 565, 565, 443, 343, 454, 454, 565, 665, 343, 332, 454,
454, 454, 565, 565, 232, 454, 554, 665, 121, 121, 121, 121, 121, 221, 443, 454,
454, 454, 565, 454, 221, 454, 565, 565, 565, 232, 454, 454, 565, 565, 454, 222,
454, 454, 454, 454, 676, 332, 443, 454, 676, 332, 121, 221, 121, 121, 121, 343,
454, 454, 454, 454, 565, 222, 343, 454, 454, 454, 676, 343, 343, 454, 676, 454,
121, 232, 444, 454, 454, 565, 333, 232, 444, 565, 454, 121, 343, 232, 232, 121,
232, 454, 454, 454, 454, 676, 333, 232, 454, 454, 454, 443, 232, 443, 454, 454,
565, 343, 121, 343, 454, 454, 565, 454, 221, 343, 454, 565, 121, 332, 333, 222,
221, 221, 443, 454, 454, 444, 565, 454, 222, 444, 454, 454, 454, 232, 343, 454,
454, 454, 454, 121, 332, 454, 454, 554, 554, 222, 343, 454, 565, 232, 222, 343,
222, 222, 121, 343, 454, 454, 454, 454, 665, 221, 232, 444, 454, 454, 565, 232,
232, 454, 565, 443, 121, 232, 444, 454, 454, 565, 333, 232, 444, 565, 454, 121,
343, 232, 232, 121, 232, 454, 454, 454, 454, 676, 333, 232, 454, 454, 454, 443,
232, 443, 454, 454, 565, 343, 121, 343, 454, 454, 565, 454, 221, 343, 454, 565,
121, 332, 333, 222, 221, 221, 443, 454, 454, 444, 565, 454, 222, 444, 454, 454,
454, 232, 343, 454, 454, 454, 454, 121, 332, 454, 454, 554, 554, 222, 343, 454,
565, 232, 222, 343, 222, 222, 121, 343, 454, 454, 454, 454, 665, 221, 232, 444,
454, 454, 565, 232, 232, 454, 565, 443, 121, 232, 444, 454, 454, 565, 333, 232,
444, 565, 454, 121, 343, 232, 232, 121, 232, 454, 454, 454, 454, 676, 333, 232,
454, 454, 454, 443, 232, 443, 454, 454, 565, 343, 121, 343, 454, 454, 565, 454,
221, 343, 454, 565, 121, 332, 333, 222, 221, 221, 443, 454, 454, 444, 565, 454,
222, 444, 454, 454, 454, 232, 343, 454, 454, 454, 454, 121, 332, 454, 454, 554,
554, 222, 343, 454, 565, 232, 222, 343, 222, 222, 121, 343, 454, 454, 454, 454,
665, 221, 232, 444, 454, 454, 565, 232, 232, 454, 565, 443, 121, 232, 444, 454,
454, 565, 333, 232, 444, 565, 454, 121, 343, 232, 232, 121, 232, 454, 454, 454,
454, 676, 333, 232, 454, 454, 454, 443, 232, 443, 454, 454, 565, 343, 121, 343,
454, 454, 565, 454, 221, 343, 454, 565, 121, 332, 333, 222, 221, 221, 443, 454,
454, 444, 565, 454, 222, 444, 454, 454, 454, 232, 343, 454, 454, 454, 454, 121,
332, 454, 454, 554, 554, 222, 343, 454, 565, 232, 222, 343, 222, 222, 121, 343,
454, 454, 454, 454, 665, 221, 232, 444, 454, 454, 565, 232, 232, 454, 565, 443,
121, 121, 332, 343, 343, 343, 222, 121, 343, 454, 443, 232, 343, 343, 232, 221,
121, 343, 454, 454, 454, 554, 333, 343, 454, 454, 454, 443, 232, 332, 443, 454,
554, 343, 121, 232, 343, 343, 343, 332, 121, 332, 454, 454, 222, 343, 343, 343,
232, 121, 332, 454, 454, 454, 454, 444, 333, 454, 454, 454, 454, 232, 232, 343,
454, 454, 454, 121, 222, 343, 343, 343, 343, 121, 232, 444, 554, 232, 332, 343,
343, 232, 121, 232, 454, 454, 454, 454, 554, 221, 121, 332, 343, 343, 343, 221,
221, 343, 454, 343, 121, 121, 332, 343, 343, 343, 222, 121, 343, 454, 443, 232,
343, 343, 232, 221, 121, 343, 454, 454, 454, 554, 333, 343, 454, 454, 454, 443,
232, 332, 443, 454, 554, 343, 121, 232, 343, 343, 343, 332, 121, 332, 454, 454,
222, 343, 343, 343, 232, 121, 332, 454, 454, 454, 454, 444, 333, 454, 454, 454,
454, 232, 232, 343, 454, 454, 454, 121, 222, 343, 343, 343, 343, 121, 232, 444,
554, 232, 332, 343, 343, 232, 121, 232, 454, 454, 454, 454, 554, 221, 121, 332,
343, 343, 343, 221, 221, 343, 454, 343, 121, 121, 332, 343, 343, 343, 222, 121,
343, 454, 443, 232, 343, 343, 232, 221, 121, 343, 454, 454, 454, 554, 333, 343,
454, 454, 454, 443, 232, 332, 443, 454, 554, 343, 121, 232, 343, 343, 343, 332,
121, 332, 454, 454, 222, 343, 343, 343, 232, 121, 332, 454, 454, 454, 454, 444,
333, 454, 454, 454, 454, 232, 232, 343, 454, 454, 454, 121, 222, 343, 343, 343,
343, 121, 232, 444, 554, 232, 332, 343, 343, 232, 121, 232, 454, 454, 454, 454,
554, 221, 121, 332, 343, 343, 343, 221, 221, 343, 454, 343, 121, 121, 332, 343,
343, 343, 222, 121, 343, 454, 443, 232, 343, 343, 232, 221, 121, 343, 454, 454,
454, 554, 333, 343, 454, 454, 454, 443, 232, 332, 443, 454, 554, 343, 121, 232,
343, 343, 343, 332, 121, 332, 454, 454, 222, 343, 343, 343, 232, 121, 332, 454,
454, 454, 454, 444, 333, 454, 454, 454, 454, 232, 232, 343, 454, 454, 454, 121,
222, 343, 343, 343, 343, 121, 232, 444, 554, 232, 332, 343, 343, 232, 121, 232,
454, 454, 454, 454, 554, 221, 121, 332, 343, 343, 343, 221, 221, 343, 454, 343,
121, 121, 121, 222, 232, 343, 222, 121, 343, 454, 443, 121, 232, 332, 343, 222,
121, 343, 454, 454, 454, 565, 333, 343, 454, 454, 454, 454, 232, 221, 332, 343,
343, 232, 121, 121, 221, 232, 332, 232, 121, 332, 454, 454, 221, 232, 232, 343,
232, 121, 332, 454, 454, 454, 565, 454, 343, 454, 454, 454, 565, 232, 222, 232,
343, 343, 343, 121, 121, 221, 232, 232, 332, 121, 222, 444, 454, 232, 221, 232,
343, 343, 121, 222, 444, 454, 454, 454, 565, 121, 121, 121, 232, 232, 343, 221,
221, 343, 454, 443, 121, 121, 121, 222, 232, 343, 222, 121, 343, 454, 443, 121,
232, 332, 343, 222, 121, 343, 454, 454, 454, 565, 333, 343, 454, 454, 454, 454,
232, 221, 332, 343, 343, 232, 121, 121, 221, 232, 332, 232, 121, 332, 454, 454,
221, 232, 232, 343, 232, 121, 332, 454, 454, 454, 565, 454, 343, 454, 454, 454,
565, 232, 222, 232, 343, 343, 343, 121, 121, 221, 232, 232, 332, 121, 222, 444,
454, 232, 221, 232, 343, 343, 121, 222, 444, 454, 454, 454, 565, 121, 121, 121,
232, 232, 343, 221, 221, 343, 454, 443, 121, 121, 121, 222, 232, 343, 222, 121,
343, 454, 443, 121, 232, 332, 343, 222, 121, 343, 454, 454, 454, 565, 333, 343,
454, 454, 454, 454, 232, 221, 332, 343, 343, 232, 121, 121, 221, 232, 332, 232,
121, 332, 454, 454, 221, 232, 232, 343, 232, 121, 332, 454, 454, 454, 565, 454,
343, 454, 454, 454, 565, 232, 222, 232, 343, 343, 343, 121, 121, 221, 232, 232,
332, 121, 222, 444, 454, 232, 221, 232, 343, 343, 121, 222, 444, 454, 454, 454,
565, 121, 121, 121, 232, 232, 343, 221, 221, 343, 454, 443, 121, 121, 121, 222,
232, 343, 222, 121, 343, 454, 443, 121, 232, 332, 343, 222, 121, 343, 454, 454,
454, 565, 333, 343, 454, 454, 454, 454, 232, 221, 332, 343, 343, 232, 121, 121,
221, 232, 332, 232, 121, 332, 454, 454, 221, 232, 232, 343, 232, 121, 332, 454,
454, 454, 565, 454, 343, 454, 454, 454, 565, 232, 222, 232, 343, 343, 343, 121,
121, 221, 232, 232, 332, 121, 222, 444, 454, 232, 221, 232, 343, 343, 121, 222,
444, 454, 454, 454, 565, 121, 121, 121, 232, 232, 343, 221, 221, 343, 454, 443,
121, 121, 121, 121, 121, 232, 222, 222, 232, 454, 454, 121, 121, 222, 232, 232,
121, 232, 343, 444, 454, 554, 333, 343, 454, 454, 565, 454, 121, 121, 222, 232,
222, 121, 121, 121, 121, 121, 232, 232, 221, 232, 443, 565, 222, 121, 221, 232,
232, 221, 222, 343, 443, 454, 454, 443, 343, 454, 454, 555, 565, 221, 121, 121,
222, 222, 222, 121, 121, 121, 121, 221, 332, 221, 232, 343, 565, 333, 121, 121,
232, 232, 232, 121, 343, 343, 454, 454, 554, 221, 121, 121, 121, 121, 332, 221,
222, 332, 565, 454, 121, 121, 121, 121, 121, 232, 222, 222, 232, 454, 454, 121,
121, 222, 232, 232, 121, 232, 343, 444, 454, 554, 333, 343, 454, 454, 565, 454,
121, 121, 222, 232, 222, 121, 121, 121, 121, 121, 232, 232, 221, 232, 443, 565,
222, 121, 221, 232, 232, 221, 222, 343, 443, 454, 454, 443, 343, 454, 454, 555,
565, 221, 121, 121, 222, 222, 222, 121, 121, 121, 121, 221, 332, 221, 232, 343,
565, 333, 121, 121, 232, 232, 232, 121, 343, 343, 454, 454, 554, 221, 121, 121,
121, 121, 332, 221, 222, 332, 565, 454, 121, 121, 121, 121, 121, 232, 222, 222,
232, 454, 454, 121, 121, 222, 232, 232, 121, 232, 343, 444, 454, 554, 333, 343,
454, 454, 565, 454, 121, 121, 222, 232, 222, 121, 121, 121, 121, 121, 232, 232,
221, 232, 443, 565, 222, 121, 221, 232, 232, 221, 222, 343, 443, 454, 454, 443,
343, 454, 454, 555, 565, 221, 121, 121, 222, 222, 222, 121, 121, 121, 121, 221,
332, 221, 232, 343, 565, 333, 121, 121, 232, 232, 232, 121, 343, 343, 454, 454,
554, 221, 121, 121, 121, 121, 332, 221, 222, 332, 565, 454, 121, 121, 121, 121,
121, 232, 222, 222, 232, 454, 454, 121, 121, 222, 232, 232, 121, 232, 343, 444,
454, 554, 333, 343, 454, 454, 565, 454, 121, 121, 222, 232, 222, 121, 121, 121,
121, 121, 232, 232, 221, 232, 443, 565, 222, 121, 221, 232, 232, 221, 222, 343,
443, 454, 454, 443, 343, 454, 454, 555, 565, 221, 121, 121, 222, 222, 222, 121,
121, 121, 121, 221, 332, 221, 232, 343, 565, 333, 121, 121, 232, 232, 232, 121,
343, 343, 454, 454, 554, 221, 121, 121, 121, 121, 332, 221, 222, 332, 565, 454,
121, 222, 332, 232, 121, 121, 221, 343, 232, 443, 454, 121, 121, 121, 121, 221,
121, 232, 232, 343, 454, 454, 333, 343, 454, 454, 676, 454, 343, 565, 676, 676,
675, 343, 121, 232, 232, 121, 121, 121, 332, 332, 332, 565, 222, 121, 121, 121,
121, 121, 221, 332, 332, 454, 454, 443, 343, 454, 454, 565, 676, 232, 554, 565,
676, 676, 454, 121, 232, 332, 221, 121, 221, 232, 343, 232, 565, 343, 121, 121,
121, 121, 121, 121, 332, 232, 443, 454, 454, 121, 222, 332, 232, 121, 221, 221,
343, 232, 454, 555, 121, 222, 332, 232, 121, 121, 221, 343, 232, 443, 454, 121,
121, 121, 121, 221, 121, 232, 232, 343, 454, 454, 333, 343, 454, 454, 676, 454,
343, 565, 676, 676, 675, 343, 121, 232, 232, 121, 121, 121, 332, 332, 332, 565,
222, 121, 121, 121, 121, 121, 221, 332, 332, 454, 454, 443, 343, 454, 454, 565,
676, 232, 554, 565, 676, 676, 454, 121, 232, 332, 221, 121, 221, 232, 343, 232,
565, 343, 121, 121, 121, 121, 121, 121, 332, 232, 443, 454, 454, 121, 222, 332,
232, 121, 221, 221, 343, 232, 454, 555, 121, 222, 332, 232, 121, 121, 221, 343,
232, 443, 454, 121, 121, 121, 121, 221, 121, 232, 232, 343, 454, 454, 333, 343,
454, 454, 676, 454, 343, 565, 676, 676, 675, 343, 121, 232, 232, 121, 121, 121,
332, 332, 332, 565, 222, 121, 121, 121, 121, 121, 221, 332, 332, 454, 454, 443,
343, 454, 454, 565, 676, 232, 554, 565, 676, 676, 454, 121, 232, 332, 221, 121,
221, 232, 343, 232, 565, 343, 121, 121, 121, 121, 121, 121, 332, 232, 443, 454,
454, 121, 222, 332, 232, 121, 221, 221, 343, 232, 454, 555, 121, 222, 332, 232,
121, 121, 221, 343, 232, 443, 454, 121, 121, 121, 121, 221, 121, 232, 232, 343,
454, 454, 333, 343, 454, 454, 676, 454, 343, 565, 676, 676, 675, 343, 121, 232,
232, 121, 121, 121, 332, 332, 332, 565, 222, 121, 121, 121, 121, 121, 221, 332,
332, 454, 454, 443, 343, 454, 454, 565, 676, 232, 554, 565, 676, 676, 454, 121,
232, 332, 221, 121, 221, 232, 343, 232, 565, 343, 121, 121, 121, 121, 121, 121,
332, 232, 443, 454, 454, 121, 222, 332, 232, 121, 221, 221, 343, 232, 454, 555,
121, 332, 343, 232, 232, 221, 121, 343, 343, 454, 454, 343, 565, 565, 565, 565,
121, 121, 232, 343, 343, 343, 232, 443, 454, 444, 665, 454, 343, 665, 787, 665,
676, 343, 222, 343, 232, 232, 232, 121, 333, 343, 343, 554, 232, 554, 555, 565,
665, 232, 121, 222, 332, 343, 343, 332, 343, 454, 454, 554, 676, 332, 554, 676,
776, 665, 565, 121, 343, 332, 232, 232, 121, 232, 443, 343, 454, 333, 454, 555,
565, 565, 443, 121, 221, 232, 343, 343, 343, 121, 332, 333, 232, 232, 121, 221,
443, 343, 454, 454, 121, 332, 343, 232, 232, 221, 121, 343, 343, 454, 454, 343,
565, 565, 565, 565, 121, 121, 232, 343, 343, 343, 232, 443, 454, 444, 665, 454,
343, 665, 787, 665, 676, 343, 222, 343, 232, 232, 232, 121, 333, 343, 343, 554,
232, 554, 555, 565, 665, 232, 121, 222, 332, 343, 343, 332, 343, 454, 454, 554,
676, 332, 554, 676, 776, 665, 565, 121, 343, 332, 232, 232, 121, 232, 443, 343,
454, 333, 454, 555, 565, 565, 443, 121, 221, 232, 343, 343, 343, 121, 332, 333,
232, 232, 121, 221, 443, 343, 454, 454, 121, 332, 343, 232, 232, 221, 121, 343,
343, 454, 454, 343, 565, 565, 565, 565, 121, 121, 232, 343, 343, 343, 232, 443,
454, 444, 665, 454, 343, 665, 787, 665, 676, 343, 222, 343, 232, 232, 232, 121,
333, 343, 343, 554, 232, 554, 555, 565, 665, 232, 121, 222, 332, 343, 343, 332,
343, 454, 454, 554, 676, 332, 554, 676, 776, 665, 565, 121, 343, 332, 232, 232,
121, 232, 443, 343, 454, 333, 454, 555, 565, 565, 443, 121, 221, 232, 343, 343,
343, 121, 332, 333, 232, 232, 121, 221, 443, 343, 454, 454, 121, 332, 343, 232,
232, 221, 121, 343, 343, 454, 454, 343, 565, 565, 565, 565, 121, 121, 232, 343,
343, 343, 232, 443, 454, 444, 665, 454, 343, 665, 787, 665, 676, 343, 222, 343,
232, 232, 232, 121, 333, 343, 343, 554, 232, 554, 555, 565, 665, 232, 121, 222,
332, 343, 343, 332, 343, 454, 454, 554, 676, 332, 554, 676, 776, 665, 565, 121,
343, 332, 232, 232, 121, 232, 443, 343, 454, 333, 454, 555, 565, 565, 443, 121,
221, 232, 343, 343, 343, 121, 332, 333, 232, 232, 121, 221, 443, 343, 454, 454,
121, 232, 232, 343, 343, 232, 222, 343, 444, 454, 454, 343, 554, 565, 676, 565,
121, 121, 121, 221, 221, 121, 222, 443, 454, 454, 554, 444, 343, 454, 565, 454,
565, 343, 232, 232, 343, 343, 332, 232, 333, 454, 454, 565, 332, 454, 554, 676,
676, 232, 121, 121, 221, 221, 221, 121, 343, 454, 454, 454, 554, 232, 454, 565,
554, 454, 454, 221, 232, 343, 343, 332, 232, 232, 454, 443, 565, 343, 343, 454,
675, 676, 454, 121, 121, 221, 221, 221, 121, 221, 232, 332, 343, 332, 232, 222,
343, 454, 565, 454, 121, 232, 232, 343, 343, 232, 222, 343, 444, 454, 454, 343,
554, 565, 676, 565, 121, 121, 121, 221, 221, 121, 222, 443, 454, 454, 554, 444,
343, 454, 565, 454, 565, 343, 232, 232, 343, 343, 332, 232, 333, 454, 454, 565,
332, 454, 554, 676, 676, 232, 121, 121, 221, 221, 221, 121, 343, 454, 454, 454,
554, 232, 454, 565, 554, 454, 454, 221, 232, 343, 343, 332, 232, 232, 454, 443,
565, 343, 343, 454, 675, 676, 454, 121, 121, 221, 221, 221, 121, 221, 232, 332,
343, 332, 232, 222, 343, 454, 565, 454, 121, 232, 232, 343, 343, 232, 222, 343,
444, 454, 454, 343, 554, 565, 676, 565, 121, 121, 121, 221, 221, 121, 222, 443,
454, 454, 554, 444, 343, 454, 565, 454, 565, 343, 232, 232, 343, 343, 332, 232,
333, 454, 454, 565, 332, 454, 554, 676, 676, 232, 121, 121, 221, 221, 221, 121,
343, 454, 454, 454, 554, 232, 454, 565, 554, 454, 454, 221, 232, 343, 343, 332,
232, 232, 454, 443, 565, 343, 343, 454, 675, 676, 454, 121, 121, 221, 221, 221,
121, 221, 232, 332, 343, 332, 232, 222, 343, 454, 565, 454, 121, 232, 232, 343,
343, 232, 222, 343, 444, 454, 454, 343, 554, 565, 676, 565, 121, 121, 121, 221,
221, 121, 222, 443, 454, 454, 554, 444, 343, 454, 565, 454, 565, 343, 232, 232,
343, 343, 332, 232, 333, 454, 454, 565, 332, 454, 554, 676, 676, 232, 121, 121,
221, 221, 221, 121, 343, 454, 454, 454, 554, 232, 454, 565, 554, 454, 454, 221,
232, 343, 343, 332, 232, 232, 454, 443, 565, 343, 343, 454, 675, 676, 454, 121,
121, 221, 221, 221, 121, 221, 232, 332, 343, 332, 232, 222, 343, 454, 565, 454,
121, 222, 332, 232, 343, 332, 222, 343, 454, 454, 454, 232, 332, 454, 454, 454,
232, 454, 554, 565, 454, 555, 332, 343, 454, 454, 454, 343, 343, 454, 454, 444,
554, 343, 221, 232, 332, 332, 343, 222, 333, 454, 454, 554, 332, 232, 343, 454,
554, 332, 343, 554, 564, 454, 554, 343, 343, 454, 454, 454, 454, 332, 454, 454,
454, 454, 454, 121, 232, 333, 232, 343, 232, 232, 454, 454, 554, 343, 222, 332,
454, 454, 343, 332, 454, 554, 565, 454, 454, 121, 232, 332, 232, 343, 332, 221,
443, 454, 554, 444, 121, 222, 332, 232, 343, 332, 222, 343, 454, 454, 454, 232,
332, 454, 454, 454, 232, 454, 554, 565, 454, 555, 332, 343, 454, 454, 454, 343,
343, 454, 454, 444, 554, 343, 221, 232, 332, 332, 343, 222, 333, 454, 454, 554,
332, 232, 343, 454, 554, 332, 343, 554, 564, 454, 554, 343, 343, 454, 454, 454,
454, 332, 454, 454, 454, 454, 454, 121, 232, 333, 232, 343, 232, 232, 454, 454,
554, 343, 222, 332, 454, 454, 343, 332, 454, 554, 565, 454, 454, 121, 232, 332,
232, 343, 332, 221, 443, 454, 554, 444, 121, 222, 332, 232, 343, 332, 222, 343,
454, 454, 454, 232, 332, 454, 454, 454, 232, 454, 554, 565, 454, 555, 332, 343,
454, 454, 454, 343, 343, 454, 454, 444, 554, 343, 221, 232, 332, 332, 343, 222,
333, 454, 454, 554, 332, 232, 343, 454, 554, 332, 343, 554, 564, 454, 554, 343,
343, 454, 454, 454, 454, 332, 454, 454, 454, 454, 454, 121, 232, 333, 232, 343,
232, 232, 454, 454, 554, 343, 222, 332, 454, 454, 343, 332, 454, 554, 565, 454,
454, 121, 232, 332, 232, 343, 332, 221, 443, 454, 554, 444, 121, 222, 332, 232,
343, 332, 222, 343, 454, 454, 454, 232, 332, 454, 454, 454, 232, 454, 554, 565,
454, 555, 332, 343, 454, 454, 454, 343, 343, 454, 454, 444, 554, 343, 221, 232,
332, 332, 343, 222, 333, 454, 454, 554, 332, 232, 343, 454, 554, 332, 343, 554,
564, 454, 554, 343, 343, 454, 454, 454, 454, 332, 454, 454, 454, 454, 454, 121,
232, 333, 232, 343, 232, 232, 454, 454, 554, 343, 222, 332, 454, 454, 343, 332,
454, 554, 565, 454, 454, 121, 232, 332, 232, 343, 332, 221, 443, 454, 554, 444,
121, 221, 232, 121, 232, 232, 121, 333, 454, 554, 454, 232, 332, 444, 454, 554,
332, 665, 676, 565, 675, 787, 332, 343, 454, 454, 565, 454, 232, 454, 454, 444,
565, 343, 121, 232, 221, 222, 232, 121, 232, 444, 454, 555, 232, 332, 443, 444,
555, 343, 454, 676, 675, 565, 787, 454, 232, 454, 454, 454, 565, 232, 444, 454,
454, 454, 565, 121, 222, 222, 121, 332, 221, 221, 343, 454, 565, 332, 222, 343,
454, 454, 454, 343, 676, 676, 565, 676, 676, 121, 221, 232, 121, 232, 232, 221,
343, 454, 565, 443, 121, 221, 232, 121, 232, 232, 121, 333, 454, 554, 454, 232,
332, 444, 454, 554, 332, 665, 676, 565, 675, 787, 332, 343, 454, 454, 565, 454,
232, 454, 454, 444, 565, 343, 121, 232, 221, 222, 232, 121, 232, 444, 454, 555,
232, 332, 443, 444, 555, 343, 454, 676, 675, 565, 787, 454, 232, 454, 454, 454,
565, 232, 444, 454, 454, 454, 565, 121, 222, 222, 121, 332, 221, 221, 343, 454,
565, 332, 222, 343, 454, 454, 454, 343, 676, 676, 565, 676, 676, 121, 221, 232,
121, 232, 232, 221, 343, 454, 565, 443, 121, 221, 232, 121, 232, 232, 121, 333,
454, 554, 454, 232, 332, 444, 454, 554, 332, 665, 676, 565, 675, 787, 332, 343,
454, 454, 565, 454, 232, 454, 454, 444, 565, 343, 121, 232, 221, 222, 232, 121,
232, 444, 454, 555, 232, 332, 443, 444, 555, 343, 454, 676, 675, 565, 787, 454,
232, 454, 454, 454, 565, 232, 444, 454, 454, 454, 565, 121, 222, 222, 121, 332,
221, 221, 343, 454, 565, 332, 222, 343, 454, 454, 454, 343, 676, 676, 565, 676,
676, 121, 221, 232, 121, 232, 232, 221, 343, 454, 565, 443, 121, 221, 232, 121,
232, 232, 121, 333, 454, 554, 454, 232, 332, 444, 454, 554, 332, 665, 676, 565,
675, 787, 332, 343, 454, 454, 565, 454, 232, 454, 454, 444, 565, 343, 121, 232,
221, 222, 232, 121, 232, 444, 454, 555, 232, 332, 443, 444, 555, 343, 454, 676,
675, 565, 787, 454, 232, 454, 454, 454, 565, 232, 444, 454, 454, 454, 565, 121,
222, 222, 121, 332, 221, 221, 343, 454, 565, 332, 222, 343, 454, 454, 454, 343,
676, 676, 565, 676, 676, 121, 221, 232, 121, 232, 232, 221, 343, 454, 565, 443,
121, 121, 121, 121, 121, 121, 121, 343, 454, 565, 454, 232, 443, 454, 454, 565,
332, 454, 565, 454, 454, 565, 232, 232, 454, 444, 675, 554, 222, 454, 454, 454,
676, 343, 111, 121, 121, 121, 121, 121, 232, 444, 454, 565, 222, 343, 454, 454,
565, 343, 443, 565, 554, 454, 565, 443, 221, 444, 454, 554, 676, 222, 454, 454,
444, 565, 565, 121, 121, 121, 121, 121, 121, 221, 343, 454, 565, 332, 332, 444,
454, 565, 454, 333, 555, 565, 454, 565, 564, 121, 121, 121, 121, 121, 121, 222,
343, 454, 565, 443, 121, 121, 121, 121, 121, 121, 121, 343, 454, 565, 454, 232,
443, 454, 454, 565, 332, 454, 565, 454, 454, 565, 232, 232, 454, 444, 675, 554,
222, 454, 454, 454, 676, 343, 111, 121, 121, 121, 121, 121, 232, 444, 454, 565,
222, 343, 454, 454, 565, 343, 443, 565, 554, 454, 565, 443, 221, 444, 454, 554,
676, 222, 454, 454, 444, 565, 565, 121, 121, 121, 121, 121, 121, 221, 343, 454,
565, 332, 332, 444, 454, 565, 454, 333, 555, 565, 454, 565, 564, 121, 121, 121,
121, 121, 121, 222, 343, 454, 565, 443, 121, 121, 121, 121, 121, 121, 121, 343,
454, 565, 454, 232, 443, 454, 454, 565, 332, 454, 565, 454, 454, 565, 232, 232,
454, 444, 675, 554, 222, 454, 454, 454, 676, 343, 111, 121, 121, 121, 121, 121,
232, 444, 454, 565, 222, 343, 454, 454, 565, 343, 443, 565, 554, 454, 565, 443,
221, 444, 454, 554, 676, 222, 454, 454, 444, 565, 565, 121, 121, 121, 121, 121,
121, 221, 343, 454, 565, 332, 332, 444, 454, 565, 454, 333, 555, 565, 454, 565,
564, 121, 121, 121, 121, 121, 121, 222, 343, 454, 565, 443, 121, 121, 121, 121,
121, 121, 121, 343, 454, 565, 454, 232, 443, 454, 454, 565, 332, 454, 565, 454,
454, 565, 232, 232, 454, 444, 675, 554, 222, 454, 454, 454, 676, 343, 111, 121,
121, 121, 121, 121, 232, 444, 454, 565, 222, 343, 454, 454, 565, 343, 443, 565,
554, 454, 565, 443, 221, 444, 454, 554, 676, 222, 454, 454, 444, 565, 565, 121,
121, 121, 121, 121, 121, 221, 343, 454, 565, 332, 332, 444, 454, 565, 454, 333,
555, 565, 454, 565, 564, 121, 121, 121, 121, 121, 121, 222, 343, 454, 565, 443,
221, 343, 443, 443, 444, 444, 232, 343, 454, 565, 454, 232, 454, 454, 454, 665,
232, 454, 454, 454, 454, 565, 332, 332, 454, 444, 565, 554, 222, 343, 454, 454,
565, 343, 332, 343, 443, 454, 443, 343, 232, 454, 454, 565, 232, 443, 454, 454,
676, 343, 343, 454, 454, 454, 554, 454, 222, 454, 454, 454, 665, 221, 343, 454,
454, 565, 454, 232, 343, 443, 444, 443, 443, 232, 343, 454, 565, 333, 343, 454,
444, 565, 454, 343, 454, 454, 454, 454, 565, 232, 343, 443, 443, 443, 454, 232,
443, 454, 565, 443, 221, 343, 443, 443, 444, 444, 232, 343, 454, 565, 454, 232,
454, 454, 454, 665, 232, 454, 454, 454, 454, 565, 332, 332, 454, 444, 565, 554,
222, 343, 454, 454, 565, 343, 332, 343, 443, 454, 443, 343, 232, 454, 454, 565,
232, 443, 454, 454, 676, 343, 343, 454, 454, 454, 554, 454, 222, 454, 454, 454,
665, 221, 343, 454, 454, 565, 454, 232, 343, 443, 444, 443, 443, 232, 343, 454,
565, 333, 343, 454, 444, 565, 454, 343, 454, 454, 454, 454, 565, 232, 343, 443,
443, 443, 454, 232, 443, 454, 565, 443, 221, 343, 443, 443, 444, 444, 232, 343,
454, 565, 454, 232, 454, 454, 454, 665, 232, 454, 454, 454, 454, 565, 332, 332,
454, 444, 565, 554, 222, 343, 454, 454, 565, 343, 332, 343, 443, 454, 443, 343,
232, 454, 454, 565, 232, 443, 454, 454, 676, 343, 343, 454, 454, 454, 554, 454,
222, 454, 454, 454, 665, 221, 343, 454, 454, 565, 454, 232, 343, 443, 444, 443,
443, 232, 343, 454, 565, 333, 343, 454, 444, 565, 454, 343, 454, 454, 454, 454,
565, 232, 343, 443, 443, 443, 454, 232, 443, 454, 565, 443, 221, 343, 443, 443,
444, 444, 232, 343, 454, 565, 454, 232, 454, 454, 454, 665, 232, 454, 454, 454,
454, 565, 332, 332, 454, 444, 565, 554, 222, 343, 454, 454, 565, 343, 332, 343,
443, 454, 443, 343, 232, 454, 454, 565, 232, 443, 454, 454, 676, 343, 343, 454,
454, 454, 554, 454, 222, 454, 454, 454, 665, 221, 343, 454, 454, 565, 454, 232,
343, 443, 444, 443, 443, 232, 343, 454, 565, 333, 343, 454, 444, 565, 454, 343,
454, 454, 454, 454, 565, 232, 343, 443, 443, 443, 454, 232, 443, 454, 565, 443,
232, 565, 676, 676, 676, 676, 343, 232, 454, 565, 454, 343, 454, 454, 565, 565,
232, 443, 454, 454, 454, 665, 333, 232, 454, 454, 554, 554, 121, 343, 454, 454,
454, 343, 454, 665, 676, 676, 676, 565, 121, 343, 554, 565, 343, 454, 454, 454,
675, 332, 343, 454, 454, 444, 565, 454, 121, 343, 454, 454, 565, 221, 232, 454,
454, 454, 454, 343, 565, 676, 676, 676, 676, 222, 343, 454, 565, 343, 454, 454,
454, 565, 444, 232, 454, 454, 454, 454, 665, 332, 565, 676, 676, 676, 676, 343,
332, 454, 565, 443, 232, 565, 676, 676, 676, 676, 343, 232, 454, 565, 454, 343,
454, 454, 565, 565, 232, 443, 454, 454, 454, 665, 333, 232, 454, 454, 554, 554,
121, 343, 454, 454, 454, 343, 454, 665, 676, 676, 676, 565, 121, 343, 554, 565,
343, 454, 454, 454, 675, 332, 343, 454, 454, 444, 565, 454, 121, 343, 454, 454,
565, 221, 232, 454, 454, 454, 454, 343, 565, 676, 676, 676, 676, 222, 343, 454,
565, 343, 454, 454, 454, 565, 444, 232, 454, 454, 454, 454, 665, 332, 565, 676,
676, 676, 676, 343, 332, 454, 565, 443, 232, 565, 676, 676, 676, 676, 343, 232,
454, 565, 454, 343, 454, 454, 565, 565, 232, 443, 454, 454, 454, 665, 333, 232,
454, 454, 554, 554, 121, 343, 454, 454, 454, 343, 454, 665, 676, 676, 676, 565,
121, 343, 554, 565, 343, 454, 454, 454, 675, 332, 343, 454, 454, 444, 565, 454,
121, 343, 454, 454, 565, 221, 232, 454, 454, 454, 454, 343, 565, 676, 676, 676,
676, 222, 343, 454, 565, 343, 454, 454, 454, 565, 444, 232, 454, 454, 454, 454,
665, 332, 565, 676, 676, 676, 676, 343, 332, 454, 565, 443, 232, 565, 676, 676,
676, 676, 343, 232, 454, 565, 454, 343, 454, 454, 565, 565, 232, 443, 454, 454,
454, 665, 333, 232, 454, 454, 554, 554, 121, 343, 454, 454, 454, 343, 454, 665,
676, 676, 676, 565, 121, 343, 554, 565, 343, 454, 454, 454, 675, 332, 343, 454,
454, 444, 565, 454, 121, 343, 454, 454, 565, 221, 232, 454, 454, 454, 454, 343,
565, 676, 676, 676, 676, 222, 343, 454, 565, 343, 454, 454, 454, 565, 444, 232,
454, 454, 454, 454, 665, 332, 565, 676, 676, 676, 676, 343, 332, 454, 565, 443,
232, 333, 454, 565, 444, 565, 343, 332, 454, 565, 454, 343, 454, 454, 554, 454,
221, 343, 454, 454, 444, 565, 333, 221, 343, 454, 565, 454, 121, 343, 454, 454,
454, 343, 232, 443, 565, 454, 454, 454, 222, 443, 555, 554, 333, 454, 454, 454,
565, 232, 232, 454, 454, 454, 454, 454, 121, 332, 454, 454, 665, 222, 332, 454,
454, 454, 454, 232, 343, 565, 454, 444, 565, 232, 343, 454, 554, 343, 443, 454,
454, 565, 343, 222, 454, 454, 454, 444, 565, 232, 343, 454, 554, 443, 565, 343,
343, 454, 565, 343, 232, 333, 454, 565, 444, 565, 343, 332, 454, 565, 454, 343,
454, 454, 554, 454, 221, 343, 454, 454, 444, 565, 333, 221, 343, 454, 565, 454,
121, 343, 454, 454, 454, 343, 232, 443, 565, 454, 454, 454, 222, 443, 555, 554,
333, 454, 454, 454, 565, 232, 232, 454, 454, 454, 454, 454, 121, 332, 454, 454,
665, 222, 332, 454, 454, 454, 454, 232, 343, 565, 454, 444, 565, 232, 343, 454,
554, 343, 443, 454, 454, 565, 343, 222, 454, 454, 454, 444, 565, 232, 343, 454,
554, 443, 565, 343, 343, 454, 565, 343, 232, 333, 454, 565, 444, 565, 343, 332,
454, 565, 454, 343, 454, 454, 554, 454, 221, 343, 454, 454, 444, 565, 333, 221,
343, 454, 565, 454, 121, 343, 454, 454, 454, 343, 232, 443, 565, 454, 454, 454,
222, 443, 555, 554, 333, 454, 454, 454, 565, 232, 232, 454, 454, 454, 454, 454,
121, 332, 454, 454, 665, 222, 332, 454, 454, 454, 454, 232, 343, 565, 454, 444,
565, 232, 343, 454, 554, 343, 443, 454, 454, 565, 343, 222, 454, 454, 454, 444,
565, 232, 343, 454, 554, 443, 565, 343, 343, 454, 565, 343, 232, 333, 454, 565,
444, 565, 343, 332, 454, 565, 454, 343, 454, 454, 554, 454, 221, 343, 454, 454,
444, 565, 333, 221, 343, 454, 565, 454, 121, 343, 454, 454, 454, 343, 232, 443,
565, 454, 454, 454, 222, 443, 555, 554, 333, 454, 454, 454, 565, 232, 232, 454,
454, 454, 454, 454, 121, 332, 454, 454, 665, 222, 332, 454, 454, 454, 454, 232,
343, 565, 454, 444, 565, 232, 343, 454, 554, 343, 443, 454, 454, 565, 343, 222,
454, 454, 454, 444, 565, 232, 343, 454, 554, 443, 565, 343, 343, 454, 565, 343,
222, 232, 444, 454, 443, 565, 443, 343, 454, 454, 444, 332, 454, 454, 454, 454,
222, 343, 454, 454, 343, 454, 343, 332, 332, 454, 565, 454, 232, 454, 454, 454,
554, 343, 232, 343, 454, 444, 554, 565, 332, 454, 454, 555, 332, 443, 454, 454,
454, 232, 232, 454, 454, 343, 343, 454, 232, 232, 443, 554, 676, 232, 343, 454,
454, 454, 454, 222, 343, 454, 454, 454, 665, 332, 454, 444, 554, 343, 443, 454,
454, 454, 443, 222, 343, 454, 444, 343, 454, 232, 232, 454, 454, 454, 676, 343,
343, 454, 454, 343, 222, 232, 444, 454, 443, 565, 443, 343, 454, 454, 444, 332,
454, 454, 454, 454, 222, 343, 454, 454, 343, 454, 343, 332, 332, 454, 565, 454,
232, 454, 454, 454, 554, 343, 232, 343, 454, 444, 554, 565, 332, 454, 454, 555,
332, 443, 454, 454, 454, 232, 232, 454, 454, 343, 343, 454, 232, 232, 443, 554,
676, 232, 343, 454, 454, 454, 454, 222, 343, 454, 454, 454, 665, 332, 454, 444,
554, 343, 443, 454, 454, 454, 443, 222, 343, 454, 444, 343, 454, 232, 232, 454,
454, 454, 676, 343, 343, 454, 454, 343, 222, 232, 444, 454, 443, 565, 443, 343,
454, 454, 444, 332, 454, 454, 454, 454, 222, 343, 454, 454, 343, 454, 343, 332,
332, 454, 565, 454, 232, 454, 454, 454, 554, 343, 232, 343, 454, 444, 554, 565,
332, 454, 454, 555, 332, 443, 454, 454, 454, 232, 232, 454, 454, 343, 343, 454,
232, 232, 443, 554, 676, 232, 343, 454, 454, 454, 454, 222, 343, 454, 454, 454,
665, 332, 454, 444, 554, 343, 443, 454, 454, 454, 443, 222, 343, 454, 444, 343,
454, 232, 232, 454, 454, 454, 676, 343, 343, 454, 454, 343, 222, 232, 444, 454,
443, 565, 443, 343, 454, 454, 444, 332, 454, 454, 454, 454, 222, 343, 454, 454,
343, 454, 343, 332, 332, 454, 565, 454, 232, 454, 454, 454, 554, 343, 232, 343,
454, 444, 554, 565, 332, 454, 454, 555, 332, 443, 454, 454, 454, 232, 232, 454,
454, 343, 343, 454, 232, 232, 443, 554, 676, 232, 343, 454, 454, 454, 454, 222,
343, 454, 454, 454, 665, 332, 454, 444, 554, 343, 443, 454, 454, 454, 443, 222,
343, 454, 444, 343, 454, 232, 232, 454, 454, 454, 676, 343, 343, 454, 454, 343,
121, 343, 454, 454, 343, 454, 343, 343, 454, 443, 443, 221, 443, 454, 454, 454,
232, 332, 454, 343, 232, 454, 343, 343, 444, 443, 454, 443, 332, 454, 454, 454,
565, 333, 232, 454, 454, 343, 443, 454, 332, 454, 343, 554, 222, 343, 454, 443,
454, 333, 232, 443, 443, 232, 343, 454, 332, 443, 443, 454, 554, 232, 454, 454,
454, 555, 454, 221, 443, 454, 443, 343, 454, 332, 443, 343, 454, 333, 232, 454,
444, 454, 443, 232, 343, 454, 333, 232, 554, 222, 343, 454, 444, 343, 565, 333,
343, 343, 443, 443, 121, 343, 454, 454, 343, 454, 343, 343, 454, 443, 443, 221,
443, 454, 454, 454, 232, 332, 454, 343, 232, 454, 343, 343, 444, 443, 454, 443,
332, 454, 454, 454, 565, 333, 232, 454, 454, 343, 443, 454, 332, 454, 343, 554,
222, 343, 454, 443, 454, 333, 232, 443, 443, 232, 343, 454, 332, 443, 443, 454,
554, 232, 454, 454, 454, 555, 454, 221, 443, 454, 443, 343, 454, 332, 443, 343,
454, 333, 232, 454, 444, 454, 443, 232, 343, 454, 333, 232, 554, 222, 343, 454,
444, 343, 565, 333, 343, 343, 443, 443, 121, 343, 454, 454, 343, 454, 343, 343,
454, 443, 443, 221, 443, 454, 454, 454, 232, 332, 454, 343, 232, 454, 343, 343,
444, 443, 454, 443, 332, 454, 454, 454, 565, 333, 232, 454, 454, 343, 443, 454,
332, 454, 343, 554, 222, 343, 454, 443, 454, 333, 232, 443, 443, 232, 343, 454,
332, 443, 443, 454, 554, 232, 454, 454, 454, 555, 454, 221, 443, 454, 443, 343,
454, 332, 443, 343, 454, 333, 232, 454, 444, 454, 443, 232, 343, 454, 333, 232,
554, 222, 343, 454, 444, 343, 565, 333, 343, 343, 443, 443, 121, 343, 454, 454,
343, 454, 343, 343, 454, 443, 443, 221, 443, 454, 454, 454, 232, 332, 454, 343,
232, 454, 343, 343, 444, 443, 454, 443, 332, 454, 454, 454, 565, 333, 232, 454,
454, 343, 443, 454, 332, 454, 343, 554, 222, 343, 454, 443, 454, 333, 232, 443,
443, 232, 343, 454, 332, 443, 443, 454, 554, 232, 454, 454, 454, 555, 454, 221,
443, 454, 443, 343, 454, 332, 443, 343, 454, 333, 232, 454, 444, 454, 443, 232,
343, 454, 333, 232, 554, 222, 343, 454, 444, 343, 565, 333, 343, 343, 443, 443,
121, 343, 454, 343, 232, 454, 343, 332, 332, 332, 343, 221, 343, 343, 343, 454,
232, 343, 343, 232, 232, 454, 232, 232, 454, 232, 443, 343, 222, 443, 444, 443,
454, 332, 232, 454, 444, 232, 343, 444, 232, 343, 332, 454, 221, 332, 443, 332,
454, 332, 343, 443, 232, 221, 343, 343, 221, 443, 332, 343, 454, 221, 343, 454,
444, 454, 443, 221, 343, 454, 333, 232, 454, 232, 332, 332, 443, 333, 232, 343,
343, 343, 343, 332, 443, 343, 221, 332, 454, 221, 343, 454, 343, 332, 454, 333,
332, 232, 332, 343, 121, 343, 454, 343, 232, 454, 343, 332, 332, 332, 343, 221,
343, 343, 343, 454, 232, 343, 343, 232, 232, 454, 232, 232, 454, 232, 443, 343,
222, 443, 444, 443, 454, 332, 232, 454, 444, 232, 343, 444, 232, 343, 332, 454,
221, 332, 443, 332, 454, 332, 343, 443, 232, 221, 343, 343, 221, 443, 332, 343,
454, 221, 343, 454, 444, 454, 443, 221, 343, 454, 333, 232, 454, 232, 332, 332,
443, 333, 232, 343, 343, 343, 343, 332, 443, 343, 221, 332, 454, 221, 343, 454,
343, 332, 454, 333, 332, 232, 332, 343, 121, 343, 454, 343, 232, 454, 343, 332,
332, 332, 343, 221, 343, 343, 343, 454, 232, 343, 343, 232, 232, 454, 232, 232,
454, 232, 443, 343, 222, 443, 444, 443, 454, 332, 232, 454, 444, 232, 343, 444,
232, 343, 332, 454, 221, 332, 443, 332, 454, 332, 343, 443, 232, 221, 343, 343,
221, 443, 332, 343, 454, 221, 343, 454, 444, 454, 443, 221, 343, 454, 333, 232,
454, 232, 332, 332, 443, 333, 232, 343, 343, 343, 343, 332, 443, 343, 221, 332,
454, 221, 343, 454, 343, 332, 454, 333, 332, 232, 332, 343, 121, 343, 454, 343,
232, 454, 343, 332, 332, 332, 343, 221, 343, 343, 343, 454, 232, 343, 343, 232,
232, 454, 232, 232, 454, 232, 443, 343, 222, 443, 444, 443, 454, 332, 232, 454,
444, 232, 343, 444, 232, 343, 332, 454, 221, 332, 443, 332, 454, 332, 343, 443,
232, 221, 343, 343, 221, 443, 332, 343, 454, 221, 343, 454, 444, 454, 443, 221,
343, 454, 333, 232, 454, 232, 332, 332, 443, 333, 232, 343, 343, 343, 343, 332,
443, 343, 221, 332, 454, 221, 343, 454, 343, 332, 454, 333, 332, 232, 332, 343,
121, 222, 332, 232, 221, 332, 232, 232, 121, 332, 232, 121, 221, 232, 221, 232,
232, 332, 232, 222, 332, 332, 221, 221, 343, 222, 232, 232, 121, 232, 332, 332,
332, 222, 121, 332, 332, 121, 232, 232, 232, 221, 332, 232, 121, 121, 232, 221,
232, 232, 332, 232, 121, 232, 332, 232, 121, 232, 232, 232, 332, 121, 232, 332,
332, 332, 232, 121, 232, 332, 222, 232, 332, 232, 222, 232, 343, 221, 121, 232,
222, 232, 232, 232, 332, 221, 232, 332, 232, 121, 232, 333, 332, 232, 332, 232,
221, 121, 332, 232, 121, 222, 332, 232, 221, 332, 232, 232, 121, 332, 232, 121,
221, 232, 221, 232, 232, 332, 232, 222, 332, 332, 221, 221, 343, 222, 232, 232,
121, 232, 332, 332, 332, 222, 121, 332, 332, 121, 232, 232, 232, 221, 332, 232,
121, 121, 232, 221, 232, 232, 332, 232, 121, 232, 332, 232, 121, 232, 232, 232,
332, 121, 232, 332, 332, 332, 232, 121, 232, 332, 222, 232, 332, 232, 222, 232,
343, 221, 121, 232, 222, 232, 232, 232, 332, 221, 232, 332, 232, 121, 232, 333,
332, 232, 332, 232, 221, 121, 332, 232, 121, 222, 332, 232, 221, 332, 232, 232,
121, 332, 232, 121, 221, 232, 221, 232, 232, 332, 232, 222, 332, 332, 221, 221,
343, 222, 232, 232, 121, 232, 332, 332, 332, 222, 121, 332, 332, 121, 232, 232,
232, 221, 332, 232, 121, 121, 232, 221, 232, 232, 332, 232, 121, 232, 332, 232,
121, 232, 232, 232, 332, 121, 232, 332, 332, 332, 232, 121, 232, 332, 222, 232,
332, 232, 222, 232, 343, 221, 121, 232, 222, 232, 232, 232, 332, 221, 232, 332,
232, 121, 232, 333, 332, 232, 332, 232, 221, 121, 332, 232, 121, 222, 332, 232,
221, 332, 232, 232, 121, 332, 232, 121, 221, 232, 221, 232, 232, 332, 232, 222,
332, 332, 221, 221, 343, 222, 232, 232, 121, 232, 332, 332, 332, 222, 121, 332,
332, 121, 232, 232, 232, 221, 332, 232, 121, 121, 232, 221, 232, 232, 332, 232,
121, 232, 332, 232, 121, 232, 232, 232, 332, 121, 232, 332, 332, 332, 232, 121,
232, 332, 222, 232, 332, 232, 222, 232, 343, 221, 121, 232, 222, 232, 232, 232,
332, 221, 232, 332, 232, 121, 232, 333, 332, 232, 332, 232, 221, 121, 332, 232,
121, 222, 222, 222, 222, 222, 222, 232, 222, 221, 222, 222, 222, 221, 222, 222,
222, 221, 221, 222, 221, 222, 222, 222, 232, 222, 221, 222, 121, 221, 222, 222,
222, 121, 221, 222, 222, 222, 222, 221, 221, 222, 232, 221, 221, 221, 221, 222,
222, 222, 222, 121, 221, 222, 222, 222, 222, 232, 232, 232, 222, 121, 221, 222,
222, 222, 221, 121, 222, 222, 222, 222, 222, 221, 232, 232, 232, 221, 222, 222,
222, 222, 222, 222, 221, 221, 221, 222, 222, 222, 222, 222, 232, 232, 221, 121,
221, 221, 222, 221, 121, 222, 222, 222, 222, 222, 222, 232, 222, 221, 222, 222,
222, 221, 222, 222, 222, 221, 221, 222, 221, 222, 222, 222, 232, 222, 221, 222,
121, 221, 222, 222, 222, 121, 221, 222, 222, 222, 222, 221, 221, 222, 232, 221,
221, 221, 221, 222, 222, 222, 222, 121, 221, 222, 222, 222, 222, 232, 232, 232,
222, 121, 221, 222, 222, 222, 221, 121, 222, 222, 222, 222, 222, 221, 232, 232,
232, 221, 222, 222, 222, 222, 222, 222, 221, 221, 221, 222, 222, 222, 222, 222,
232, 232, 221, 121, 221, 221, 222, 221, 121, 222, 222, 222, 222, 222, 222, 232,
222, 221, 222, 222, 222, 221, 222, 222, 222, 221, 221, 222, 221, 222, 222, 222,
232, 222, 221, 222, 121, 221, 222, 222, 222, 121, 221, 222, 222, 222, 222, 221,
221, 222, 232, 221, 221, 221, 221, 222, 222, 222, 222, 121, 221, 222, 222, 222,
222, 232, 232, 232, 222, 121, 221, 222, 222, 222, 221, 121, 222, 222, 222, 222,
222, 221, 232, 232, 232, 221, 222, 222, 222, 222, 222, 222, 221, 221, 221, 222,
222, 222, 222, 222, 232, 232, 221, 121, 221, 221, 222, 221, 121, 222, 222, 222,
222, 222, 222, 232, 222, 221, 222, 222, 222, 221, 222, 222, 222, 221, 221, 222,
221, 222, 222, 222, 232, 222, 221, 222, 121, 221, 222, 222, 222, 121, 221, 222,
222, 222, 222, 221, 221, 222, 232, 221, 221, 221, 221, 222, 222, 222, 222, 121,
221, 222, 222, 222, 222, 232, 232, 232, 222, 121, 221, 222, 222, 222, 221, 121,
222, 222, 222, 222, 222, 221, 232, 232, 232, 221, 222, 222, 222, 222, 222, 222,
221, 221, 221, 222, 222, 222, 222, 222, 232, 232, 221, 121, 221, 221, 222, 221,
232, 565, 565, 675, 675, 776, 444, 454, 565, 565, 565, 676, 676, 565, 676, 676,
676, 454, 443, 565, 565, 565, 676, 676, 776, 676, 665, 676, 332, 565, 676, 676,
787, 343, 454, 565, 565, 676, 676, 565, 343, 565, 565, 565, 565, 676, 565, 676,
676, 676, 565, 332, 565, 565, 565, 676, 676, 676, 787, 665, 676, 343, 454, 665,
676, 776, 565, 343, 565, 565, 676, 665, 676, 332, 565, 665, 565, 565, 676, 676,
565, 676, 665, 676, 332, 555, 565, 565, 665, 676, 676, 776, 676, 676, 565, 333,
565, 565, 676, 454, 232, 565, 565, 675, 675, 776, 444, 454, 565, 565, 565, 676,
676, 565, 676, 676, 676, 454, 443, 565, 565, 565, 676, 676, 776, 676, 665, 676,
332, 565, 676, 676, 787, 343, 454, 565, 565, 676, 676, 565, 343, 565, 565, 565,
565, 676, 565, 676, 676, 676, 565, 332, 565, 565, 565, 676, 676, 676, 787, 665,
676, 343, 454, 665, 676, 776, 565, 343, 565, 565, 676, 665, 676, 332, 565, 665,
565, 565, 676, 676, 565, 676, 665, 676, 332, 555, 565, 565, 665, 676, 676, 776,
676, 676, 565, 333, 565, 565, 676, 454, 232, 565, 565, 675, 675, 776, 444, 454,
565, 565, 565, 676, 676, 565, 676, 676, 676, 454, 443, 565, 565, 565, 676, 676,
776, 676, 665, 676, 332, 565, 676, 676, 787, 343, 454, 565, 565, 676, 676, 565,
343, 565, 565, 565, 565, 676, 565, 676, 676, 676, 565, 332, 565, 565, 565, 676,
676, 676, 787, 665, 676, 343, 454, 665, 676, 776, 565, 343, 565, 565, 676, 665,
676, 332, 565, 665, 565, 565, 676, 676, 565, 676, 665, 676, 332, 555, 565, 565,
665, 676, 676, 776, 676, 676, 565, 333, 565, 565, 676, 454, 232, 565, 565, 675,
675, 776, 444, 454, 565, 565, 565, 676, 676, 565, 676, 676, 676, 454, 443, 565,
565, 565, 676, 676, 776, 676, 665, 676, 332, 565, 676, 676, 787, 343, 454, 565,
565, 676, 676, 565, 343, 565, 565, 565, 565, 676, 565, 676, 676, 676, 565, 332,
565, 565, 565, 676, 676, 676, 787, 665, 676, 343, 454, 665, 676, 776, 565, 343,
565, 565, 676, 665, 676, 332, 565, 665, 565, 565, 676, 676, 565, 676, 665, 676,
332, 555, 565, 565, 665, 676, 676, 776, 676, 676, 565, 333, 565, 565, 676, 454,
232, 454, 665, 565, 554, 676, 343, 454, 565, 565, 676, 454, 565, 787, 676, 554,
665, 454, 454, 676, 565, 454, 676, 565, 565, 565, 565, 675, 232, 454, 665, 676,
787, 443, 343, 565, 565, 565, 565, 554, 443, 665, 454, 676, 565, 454, 676, 787,
565, 565, 565, 343, 676, 675, 454, 565, 565, 554, 565, 554, 676, 343, 343, 565,
676, 786, 565, 332, 554, 665, 565, 554, 565, 333, 565, 555, 565, 565, 454, 665,
787, 676, 454, 676, 343, 565, 676, 554, 454, 675, 554, 565, 565, 665, 554, 332,
554, 565, 565, 454, 232, 454, 665, 565, 554, 676, 343, 454, 565, 565, 676, 454,
565, 787, 676, 554, 665, 454, 454, 676, 565, 454, 676, 565, 565, 565, 565, 675,
232, 454, 665, 676, 787, 443, 343, 565, 565, 565, 565, 554, 443, 665, 454, 676,
565, 454, 676, 787, 565, 565, 565, 343, 676, 675, 454, 565, 565, 554, 565, 554,
676, 343, 343, 565, 676, 786, 565, 332, 554, 665, 565, 554, 565, 333, 565, 555,
565, 565, 454, 665, 787, 676, 454, 676, 343, 565, 676, 554, 454, 675, 554, 565,
565, 665, 554, 332, 554, 565, 565, 454, 232, 454, 665, 565, 554, 676, 343, 454,
565, 565, 676, 454, 565, 787, 676, 554, 665, 454, 454, 676, 565, 454, 676, 565,
565, 565, 565, 675, 232, 454, 665, 676, 787, 443, 343, 565, 565, 565, 565, 554,
443, 665, 454, 676, 565, 454, 676, 787, 565, 565, 565, 343, 676, 675, 454, 565,
565, 554, 565, 554, 676, 343, 343, 565, 676, 786, 565, 332, 554, 665, 565, 554,
565, 333, 565, 555, 565, 565, 454, 665, 787, 676, 454, 676, 343, 565, 676, 554,
454, 675, 554, 565, 565, 665, 554, 332, 554, 565, 565, 454, 232, 454, 665, 565,
554, 676, 343, 454, 565, 565, 676, 454, 565, 787, 676, 554, 665, 454, 454, 676,
565, 454, 676, 565, 565, 565, 565, 675, 232, 454, 665, 676, 787, 443, 343, 565,
565, 565, 565, 554, 443, 665, 454, 676, 565, 454, 676, 787, 565, 565, 565, 343,
676, 675, 454, 565, 565, 554, 565, 554, 676, 343, 343, 565, 676, 786, 565, 332,
554, 665, 565, 554, 565, 333, 565, 555, 565, 565, 454, 665, 787, 676, 454, 676,
343, 565, 676, 554, 454, 675, 554, 565, 565, 665, 554, 332, 554, 565, 565, 454,
232, 444, 454, 454, 454, 676, 454, 343, 454, 454, 454, 555, 454, 565, 665, 454,
554, 454, 343, 454, 565, 454, 454, 454, 454, 454, 343, 232, 221, 343, 454, 675,
787, 443, 343, 454, 454, 454, 565, 565, 343, 454, 454, 454, 555, 454, 454, 676,
454, 454, 565, 332, 454, 565, 555, 454, 454, 454, 454, 444, 332, 221, 232, 454,
565, 787, 565, 332, 454, 454, 454, 454, 676, 343, 454, 454, 454, 554, 454, 454,
565, 565, 444, 565, 343, 454, 555, 565, 454, 454, 454, 454, 454, 343, 222, 332,
454, 454, 565, 454, 232, 444, 454, 454, 454, 676, 454, 343, 454, 454, 454, 555,
454, 565, 665, 454, 554, 454, 343, 454, 565, 454, 454, 454, 454, 454, 343, 232,
221, 343, 454, 675, 787, 443, 343, 454, 454, 454, 565, 565, 343, 454, 454, 454,
555, 454, 454, 676, 454, 454, 565, 332, 454, 565, 555, 454, 454, 454, 454, 444,
332, 221, 232, 454, 565, 787, 565, 332, 454, 454, 454, 454, 676, 343, 454, 454,
454, 554, 454, 454, 565, 565, 444, 565, 343, 454, 555, 565, 454, 454, 454, 454,
454, 343, 222, 332, 454, 454, 565, 454, 232, 444, 454, 454, 454, 676, 454, 343,
454, 454, 454, 555, 454, 565, 665, 454, 554, 454, 343, 454, 565, 454, 454, 454,
454, 454, 343, 232, 221, 343, 454, 675, 787, 443, 343, 454, 454, 454, 565, 565,
343, 454, 454, 454, 555, 454, 454, 676, 454, 454, 565, 332, 454, 565, 555, 454,
454, 454, 454, 444, 332, 221, 232, 454, 565, 787, 565, 332, 454, 454, 454, 454,
676, 343, 454, 454, 454, 554, 454, 454, 565, 565, 444, 565, 343, 454, 555, 565,
454, 454, 454, 454, 454, 343, 222, 332, 454, 454, 565, 454, 232, 444, 454, 454,
454, 676, 454, 343, 454, 454, 454, 555, 454, 565, 665, 454, 554, 454, 343, 454,
565, 454, 454, 454, 454, 454, 343, 232, 221, 343, 454, 675, 787, 443, 343, 454,
454, 454, 565, 565, 343, 454, 454, 454, 555, 454, 454, 676, 454, 454, 565, 332,
454, 565, 555, 454, 454, 454, 454, 444, 332, 221, 232, 454, 565, 787, 565, 332,
454, 454, 454, 454, 676, 343, 454, 454, 454, 554, 454, 454, 565, 565, 444, 565,
343, 454, 555, 565, 454, 454, 454, 454, 454, 343, 222, 332, 454, 454, 565, 454,
221, 443, 454, 454, 454, 665, 343, 343, 454, 454, 454, 454, 454, 454, 454, 454,
454, 454, 343, 454, 454, 454, 454, 454, 343, 333, 332, 121, 121, 232, 444, 454,
675, 343, 333, 454, 454, 444, 565, 565, 232, 443, 454, 454, 454, 454, 454, 454,
454, 454, 565, 332, 454, 454, 454, 454, 454, 454, 332, 343, 121, 121, 221, 343,
454, 565, 454, 232, 454, 454, 454, 454, 665, 343, 443, 454, 454, 454, 454, 454,
454, 454, 444, 565, 343, 343, 454, 454, 454, 454, 454, 343, 343, 222, 121, 232,
454, 444, 565, 454, 221, 443, 454, 454, 454, 665, 343, 343, 454, 454, 454, 454,
454, 454, 454, 454, 454, 454, 343, 454, 454, 454, 454, 454, 343, 333, 332, 121,
121, 232, 444, 454, 675, 343, 333, 454, 454, 444, 565, 565, 232, 443, 454, 454,
454, 454, 454, 454, 454, 454, 565, 332, 454, 454, 454, 454, 454, 454, 332, 343,
121, 121, 221, 343, 454, 565, 454, 232, 454, 454, 454, 454, 665, 343, 443, 454,
454, 454, 454, 454, 454, 454, 444, 565, 343, 343, 454, 454, 454, 454, 454, 343,
343, 222, 121, 232, 454, 444, 565, 454, 221, 443, 454, 454, 454, 665, 343, 343,
454, 454, 454, 454, 454, 454, 454, 454, 454, 454, 343, 454, 454, 454, 454, 454,
343, 333, 332, 121, 121, 232, 444, 454, 675, 343, 333, 454, 454, 444, 565, 565,
232, 443, 454, 454, 454, 454, 454, 454, 454, 454, 565, 332, 454, 454, 454, 454,
454, 454, 332, 343, 121, 121, 221, 343, 454, 565, 454, 232, 454, 454, 454, 454,
665, 343, 443, 454, 454, 454, 454, 454, 454, 454, 444, 565, 343, 343, 454, 454,
454, 454, 454, 343, 343, 222, 121, 232, 454, 444, 565, 454, 221, 443, 454, 454,
454, 665, 343, 343, 454, 454, 454, 454, 454, 454, 454, 454, 454, 454, 343, 454,
454, 454, 454, 454, 343, 333, 332, 121, 121, 232, 444, 454, 675, 343, 333, 454,
454, 444, 565, 565, 232, 443, 454, 454, 454, 454, 454, 454, 454, 454, 565, 332,
454, 454, 454, 454, 454, 454, 332, 343, 121, 121, 221, 343, 454, 565, 454, 232,
454, 454, 454, 454, 665, 343, 443, 454, 454, 454, 454, 454, 454, 454, 444, 565,
343, 343, 454, 454, 454, 454, 454, 343, 343, 222, 121, 232, 454, 444, 565, 454,
121, 343, 454, 454, 454, 565, 343, 221, 343, 454, 454, 454, 454, 454, 454, 454,
454, 443, 343, 443, 454, 454, 454, 454, 454, 232, 221, 232, 121, 332, 454, 444,
554, 333, 232, 454, 454, 454, 554, 554, 221, 343, 454, 454, 454, 454, 454, 454,
454, 454, 454, 332, 443, 454, 454, 454, 454, 454, 343, 221, 232, 222, 232, 444,
454, 454, 454, 221, 444, 454, 454, 454, 565, 232, 232, 454, 454, 454, 454, 454,
454, 454, 454, 554, 333, 343, 444, 454, 454, 454, 454, 444, 222, 222, 232, 221,
444, 454, 454, 443, 121, 343, 454, 454, 454, 565, 343, 221, 343, 454, 454, 454,
454, 454, 454, 454, 454, 443, 343, 443, 454, 454, 454, 454, 454, 232, 221, 232,
121, 332, 454, 444, 554, 333, 232, 454, 454, 454, 554, 554, 221, 343, 454, 454,
454, 454, 454, 454, 454, 454, 454, 332, 443, 454, 454, 454, 454, 454, 343, 221,
232, 222, 232, 444, 454, 454, 454, 221, 444, 454, 454, 454, 565, 232, 232, 454,
454, 454, 454, 454, 454, 454, 454, 554, 333, 343, 444, 454, 454, 454, 454, 444,
222, 222, 232, 221, 444, 454, 454, 443, 121, 343, 454, 454, 454, 565, 343, 221,
343, 454, 454, 454, 454, 454, 454, 454, 454, 443, 343, 443, 454, 454, 454, 454,
454, 232, 221, 232, 121, 332, 454, 444, 554, 333, 232, 454, 454, 454, 554, 554,
221, 343, 454, 454, 454, 454, 454, 454, 454, 454, 454, 332, 443, 454, 454, 454,
454, 454, 343, 221, 232, 222, 232, 444, 454, 454, 454, 221, 444, 454, 454, 454,
565, 232, 232, 454, 454, 454, 454, 454, 454, 454, 454, 554, 333, 343, 444, 454,
454, 454, 454, 444, 222, 222, 232, 221, 444, 454, 454, 443, 121, 343, 454, 454,
454, 565, 343, 221, 343, 454, 454, 454, 454, 454, 454, 454, 454, 443, 343, 443,
454, 454, 454, 454, 454, 232, 221, 232, 121, 332, 454, 444, 554, 333, 232, 454,
454, 454, 554, 554, 221, 343, 454, 454, 454, 454, 454, 454, 454, 454, 454, 332,
443, 454, 454, 454, 454, 454, 343, 221, 232, 222, 232, 444, 454, 454, 454, 221,
444, 454, 454, 454, 565, 232, 232, 454, 454, 454, 454, 454, 454, 454, 454, 554,
333, 343, 444, 454, 454, 454, 454, 444, 222, 222, 232, 221, 444, 454, 454, 443,
121, 232, 454, 454, 454, 454, 343, 121, 232, 454, 454, 454, 454, 454, 454, 454,
565, 343, 232, 332, 454, 454, 343, 343, 333, 222, 232, 332, 121, 343, 454, 454,
554, 343, 221, 443, 454, 454, 454, 454, 121, 221, 343, 454, 454, 454, 454, 454,
454, 454, 554, 222, 232, 343, 454, 443, 343, 333, 232, 232, 343, 221, 232, 454,
454, 454, 454, 121, 343, 454, 454, 454, 565, 232, 121, 333, 454, 454, 454, 454,
454, 454, 454, 565, 232, 232, 343, 454, 454, 444, 343, 332, 222, 333, 232, 121,
343, 454, 454, 443, 121, 232, 454, 454, 454, 454, 343, 121, 232, 454, 454, 454,
454, 454, 454, 454, 565, 343, 232, 332, 454, 454, 343, 343, 333, 222, 232, 332,
121, 343, 454, 454, 554, 343, 221, 443, 454, 454, 454, 454, 121, 221, 343, 454,
454, 454, 454, 454, 454, 454, 554, 222, 232, 343, 454, 443, 343, 333, 232, 232,
343, 221, 232, 454, 454, 454, 454, 121, 343, 454, 454, 454, 565, 232, 121, 333,
454, 454, 454, 454, 454, 454, 454, 565, 232, 232, 343, 454, 454, 444, 343, 332,
222, 333, 232, 121, 343, 454, 454, 443, 121, 232, 454, 454, 454, 454, 343, 121,
232, 454, 454, 454, 454, 454, 454, 454, 565, 343, 232, 332, 454, 454, 343, 343,
333, 222, 232, 332, 121, 343, 454, 454, 554, 343, 221, 443, 454, 454, 454, 454,
121, 221, 343, 454, 454, 454, 454, 454, 454, 454, 554, 222, 232, 343, 454, 443,
343, 333, 232, 232, 343, 221, 232, 454, 454, 454, 454, 121, 343, 454, 454, 454,
565, 232, 121, 333, 454, 454, 454, 454, 454, 454, 454, 565, 232, 232, 343, 454,
454, 444, 343, 332, 222, 333, 232, 121, 343, 454, 454, 443, 121, 232, 454, 454,
454, 454, 343, 121, 232, 454, 454, 454, 454, 454, 454, 454, 565, 343, 232, 332,
454, 454, 343, 343, 333, 222, 232, 332, 121, 343, 454, 454, 554, 343, 221, 443,
454, 454, 454, 454, 121, 221, 343, 454, 454, 454, 454, 454, 454, 454, 554, 222,
232, 343, 454, 443, 343, 333, 232, 232, 343, 221, 232, 454, 454, 454, 454, 121,
343, 454, 454, 454, 565, 232, 121, 333, 454, 454, 454, 454, 454, 454, 454, 565,
232, 232, 343, 454, 454, 444, 343, 332, 222, 333, 232, 121, 343, 454, 454, 443,
121, 232, 443, 454, 454, 343, 222, 121, 121, 343, 454, 454, 454, 454, 454, 444,
565, 444, 121, 232, 343, 343, 232, 221, 221, 121, 232, 222, 221, 343, 454, 454,
565, 343, 121, 343, 454, 454, 454, 232, 121, 121, 232, 454, 454, 454, 454, 454,
454, 454, 565, 121, 232, 343, 343, 332, 222, 221, 121, 232, 232, 121, 343, 454,
454, 554, 454, 121, 332, 444, 454, 454, 343, 221, 121, 221, 444, 454, 454, 454,
454, 454, 454, 676, 232, 221, 333, 343, 343, 232, 221, 121, 221, 332, 221, 121,
232, 454, 443, 232, 121, 232, 443, 454, 454, 343, 222, 121, 121, 343, 454, 454,
454, 454, 454, 444, 565, 444, 121, 232, 343, 343, 232, 221, 221, 121, 232, 222,
221, 343, 454, 454, 565, 343, 121, 343, 454, 454, 454, 232, 121, 121, 232, 454,
454, 454, 454, 454, 454, 454, 565, 121, 232, 343, 343, 332, 222, 221, 121, 232,
232, 121, 343, 454, 454, 554, 454, 121, 332, 444, 454, 454, 343, 221, 121, 221,
444, 454, 454, 454, 454, 454, 454, 676, 232, 221, 333, 343, 343, 232, 221, 121,
221, 332, 221, 121, 232, 454, 443, 232, 121, 232, 443, 454, 454, 343, 222, 121,
121, 343, 454, 454, 454, 454, 454, 444, 565, 444, 121, 232, 343, 343, 232, 221,
221, 121, 232, 222, 221, 343, 454, 454, 565, 343, 121, 343, 454, 454, 454, 232,
121, 121, 232, 454, 454, 454, 454, 454, 454, 454, 565, 121, 232, 343, 343, 332,
222, 221, 121, 232, 232, 121, 343, 454, 454, 554, 454, 121, 332, 444, 454, 454,
343, 221, 121, 221, 444, 454, 454, 454, 454, 454, 454, 676, 232, 221, 333, 343,
343, 232, 221, 121, 221, 332, 221, 121, 232, 454, 443, 232, 121, 232, 443, 454,
454, 343, 222, 121, 121, 343, 454, 454, 454, 454, 454, 444, 565, 444, 121, 232,
343, 343, 232, 221, 221, 121, 232, 222, 221, 343, 454, 454, 565, 343, 121, 343,
454, 454, 454, 232, 121, 121, 232, 454, 454, 454, 454, 454, 454, 454, 565, 121,
232, 343, 343, 332, 222, 221, 121, 232, 232, 121, 343, 454, 454, 554, 454, 121,
332, 444, 454, 454, 343, 221, 121, 221, 444, 454, 454, 454, 454, 454, 454, 676,
232, 221, 333, 343, 343, 232, 221, 121, 221, 332, 221, 121, 232, 454, 443, 232,
121, 232, 343, 454, 343, 232, 232, 121, 222, 222, 343, 454, 444, 343, 444, 454,
675, 443, 121, 222, 222, 222, 121, 121, 121, 121, 121, 121, 232, 454, 454, 454,
665, 343, 221, 232, 443, 454, 232, 232, 121, 222, 222, 333, 454, 454, 343, 443,
454, 565, 565, 121, 221, 222, 222, 121, 111, 121, 121, 121, 121, 121, 343, 454,
454, 565, 555, 121, 232, 343, 454, 343, 333, 221, 221, 222, 232, 443, 454, 443,
343, 454, 454, 676, 232, 121, 222, 221, 221, 121, 121, 121, 121, 121, 121, 221,
232, 343, 333, 232, 121, 232, 343, 454, 343, 232, 232, 121, 222, 222, 343, 454,
444, 343, 444, 454, 675, 443, 121, 222, 222, 222, 121, 121, 121, 121, 121, 121,
232, 454, 454, 454, 665, 343, 221, 232, 443, 454, 232, 232, 121, 222, 222, 333,
454, 454, 343, 443, 454, 565, 565, 121, 221, 222, 222, 121, 111, 121, 121, 121,
121, 121, 343, 454, 454, 565, 555, 121, 232, 343, 454, 343, 333, 221, 221, 222,
232, 443, 454, 443, 343, 454, 454, 676, 232, 121, 222, 221, 221, 121, 121, 121,
121, 121, 121, 221, 232, 343, 333, 232, 121, 232, 343, 454, 343, 232, 232, 121,
222, 222, 343, 454, 444, 343, 444, 454, 675, 443, 121, 222, 222, 222, 121, 121,
121, 121, 121, 121, 232, 454, 454, 454, 665, 343, 221, 232, 443, 454, 232, 232,
121, 222, 222, 333, 454, 454, 343, 443, 454, 565, 565, 121, 221, 222, 222, 121,
111, 121, 121, 121, 121, 121, 343, 454, 454, 565, 555, 121, 232, 343, 454, 343,
333, 221, 221, 222, 232, 443, 454, 443, 343, 454, 454, 676, 232, 121, 222, 221,
221, 121, 121, 121, 121, 121, 121, 221, 232, 343, 333, 232, 121, 232, 343, 454,
343, 232, 232, 121, 222, 222, 343, 454, 444, 343, 444, 454, 675, 443, 121, 222,
222, 222, 121, 121, 121, 121, 121, 121, 232, 454, 454, 454, 665, 343, 221, 232,
443, 454, 232, 232, 121, 222, 222, 333, 454, 454, 343, 443, 454, 565, 565, 121,
221, 222, 222, 121, 111, 121, 121, 121, 121, 121, 343, 454, 454, 565, 555, 121,
232, 343, 454, 343, 333, 221, 221, 222, 232, 443, 454, 443, 343, 454, 454, 676,
232, 121, 222, 221, 221, 121, 121, 121, 121, 121, 121, 221, 232, 343, 333, 232,
121, 332, 232, 332, 232, 343, 343, 222, 343, 221, 222, 454, 343, 222, 343, 454,
665, 343, 232, 343, 443, 443, 454, 343, 232, 443, 443, 343, 232, 444, 454, 444,
565, 343, 232, 232, 232, 343, 232, 443, 121, 343, 232, 121, 343, 443, 232, 232,
454, 565, 555, 232, 343, 343, 444, 444, 454, 232, 343, 444, 443, 332, 343, 454,
443, 554, 554, 222, 232, 232, 343, 232, 443, 222, 232, 343, 121, 332, 454, 232,
232, 343, 454, 665, 232, 343, 343, 444, 443, 454, 332, 232, 444, 443, 343, 222,
232, 222, 332, 343, 121, 332, 232, 332, 232, 343, 343, 222, 343, 221, 222, 454,
343, 222, 343, 454, 665, 343, 232, 343, 443, 443, 454, 343, 232, 443, 443, 343,
232, 444, 454, 444, 565, 343, 232, 232, 232, 343, 232, 443, 121, 343, 232, 121,
343, 443, 232, 232, 454, 565, 555, 232, 343, 343, 444, 444, 454, 232, 343, 444,
443, 332, 343, 454, 443, 554, 554, 222, 232, 232, 343, 232, 443, 222, 232, 343,
121, 332, 454, 232, 232, 343, 454, 665, 232, 343, 343, 444, 443, 454, 332, 232,
444, 443, 343, 222, 232, 222, 332, 343, 121, 332, 232, 332, 232, 343, 343, 222,
343, 221, 222, 454, 343, 222, 343, 454, 665, 343, 232, 343, 443, 443, 454, 343,
232, 443, 443, 343, 232, 444, 454, 444, 565, 343, 232, 232, 232, 343, 232, 443,
121, 343, 232, 121, 343, 443, 232, 232, 454, 565, 555, 232, 343, 343, 444, 444,
454, 232, 343, 444, 443, 332, 343, 454, 443, 554, 554, 222, 232, 232, 343, 232,
443, 222, 232, 343, 121, 332, 454, 232, 232, 343, 454, 665, 232, 343, 343, 444,
443, 454, 332, 232, 444, 443, 343, 222, 232, 222, 332, 343, 121, 332, 232, 332,
232, 343, 343, 222, 343, 221, 222, 454, 343, 222, 343, 454, 665, 343, 232, 343,
443, 443, 454, 343, 232, 443, 443, 343, 232, 444, 454, 444, 565, 343, 232, 232,
232, 343, 232, 443, 121, 343, 232, 121, 343, 443, 232, 232, 454, 565, 555, 232,
343, 343, 444, 444, 454, 232, 343, 444, 443, 332, 343, 454, 443, 554, 554, 222,
232, 232, 343, 232, 443, 222, 232, 343, 121, 332, 454, 232, 232, 343, 454, 665,
232, 343, 343, 444, 443, 454, 332, 232, 444, 443, 343, 222, 232, 222, 332, 343,
222, 343, 343, 222, 232, 454, 333, 222, 343, 332, 221, 333, 232, 222, 343, 454,
565, 343, 443, 565, 676, 665, 676, 676, 332, 676, 676, 676, 332, 443, 343, 343,
454, 333, 343, 443, 232, 232, 343, 454, 121, 343, 343, 222, 232, 333, 222, 232,
454, 454, 554, 333, 565, 676, 676, 665, 787, 343, 565, 676, 676, 444, 343, 343,
333, 454, 454, 232, 443, 232, 232, 343, 454, 222, 332, 343, 232, 222, 343, 232,
232, 343, 454, 565, 332, 554, 565, 676, 565, 787, 454, 443, 676, 676, 565, 232,
443, 232, 343, 343, 222, 343, 343, 222, 232, 454, 333, 222, 343, 332, 221, 333,
232, 222, 343, 454, 565, 343, 443, 565, 676, 665, 676, 676, 332, 676, 676, 676,
332, 443, 343, 343, 454, 333, 343, 443, 232, 232, 343, 454, 121, 343, 343, 222,
232, 333, 222, 232, 454, 454, 554, 333, 565, 676, 676, 665, 787, 343, 565, 676,
676, 444, 343, 343, 333, 454, 454, 232, 443, 232, 232, 343, 454, 222, 332, 343,
232, 222, 343, 232, 232, 343, 454, 565, 332, 554, 565, 676, 565, 787, 454, 443,
676, 676, 565, 232, 443, 232, 343, 343, 222, 343, 343, 222, 232, 454, 333, 222,
343, 332, 221, 333, 232, 222, 343, 454, 565, 343, 443, 565, 676, 665, 676, 676,
332, 676, 676, 676, 332, 443, 343, 343, 454, 333, 343, 443, 232, 232, 343, 454,
121, 343, 343, 222, 232, 333, 222, 232, 454, 454, 554, 333, 565, 676, 676, 665,
787, 343, 565, 676, 676, 444, 343, 343, 333, 454, 454, 232, 443, 232, 232, 343,
454, 222, 332, 343, 232, 222, 343, 232, 232, 343, 454, 565, 332, 554, 565, 676,
565, 787, 454, 443, 676, 676, 565, 232, 443, 232, 343, 343, 222, 343, 343, 222,
232, 454, 333, 222, 343, 332, 221, 333, 232, 222, 343, 454, 565, 343, 443, 565,
676, 665, 676, 676, 332, 676, 676, 676, 332, 443, 343, 343, 454, 333, 343, 443,
232, 232, 343, 454, 121, 343, 343, 222, 232, 333, 222, 232, 454, 454, 554, 333,
565, 676, 676, 665, 787, 343, 565, 676, 676, 444, 343, 343, 333, 454, 454, 232,
443, 232, 232, 343, 454, 222, 332, 343, 232, 222, 343, 232, 232, 343, 454, 565,
332, 554, 565, 676, 565, 787, 454, 443, 676, 676, 565, 232, 443, 232, 343, 343,
232, 444, 454, 332, 343, 554, 343, 121, 232, 343, 222, 121, 232, 343, 343, 443,
454, 343, 343, 454, 565, 454, 454, 565, 232, 554, 554, 665, 332, 333, 232, 343,
454, 343, 343, 454, 343, 332, 454, 454, 121, 222, 333, 232, 121, 232, 332, 343,
443, 443, 443, 232, 444, 554, 454, 444, 565, 333, 454, 565, 565, 443, 332, 232,
232, 454, 454, 332, 454, 443, 343, 443, 565, 222, 221, 232, 332, 121, 221, 332,
343, 443, 343, 454, 232, 343, 454, 565, 444, 565, 454, 343, 565, 555, 565, 332,
454, 343, 454, 444, 232, 444, 454, 332, 343, 554, 343, 121, 232, 343, 222, 121,
232, 343, 343, 443, 454, 343, 343, 454, 565, 454, 454, 565, 232, 554, 554, 665,
332, 333, 232, 343, 454, 343, 343, 454, 343, 332, 454, 454, 121, 222, 333, 232,
121, 232, 332, 343, 443, 443, 443, 232, 444, 554, 454, 444, 565, 333, 454, 565,
565, 443, 332, 232, 232, 454, 454, 332, 454, 443, 343, 443, 565, 222, 221, 232,
332, 121, 221, 332, 343, 443, 343, 454, 232, 343, 454, 565, 444, 565, 454, 343,
565, 555, 565, 332, 454, 343, 454, 444, 232, 444, 454, 332, 343, 554, 343, 121,
232, 343, 222, 121, 232, 343, 343, 443, 454, 343, 343, 454, 565, 454, 454, 565,
232, 554, 554, 665, 332, 333, 232, 343, 454, 343, 343, 454, 343, 332, 454, 454,
121, 222, 333, 232, 121, 232, 332, 343, 443, 443, 443, 232, 444, 554, 454, 444,
565, 333, 454, 565, 565, 443, 332, 232, 232, 454, 454, 332, 454, 443, 343, 443,
565, 222, 221, 232, 332, 121, 221, 332, 343, 443, 343, 454, 232, 343, 454, 565,
444, 565, 454, 343, 565, 555, 565, 332, 454, 343, 454, 444, 232, 444, 454, 332,
343, 554, 343, 121, 232, 343, 222, 121, 232, 343, 343, 443, 454, 343, 343, 454,
565, 454, 454, 565, 232, 554, 554, 665, 332, 333, 232, 343, 454, 343, 343, 454,
343, 332, 454, 454, 121, 222, 333, 232, 121, 232, 332, 343, 443, 443, 443, 232,
444, 554, 454, 444, 565, 333, 454, 565, 565, 443, 332, 232, 232, 454, 454, 332,
454, 443, 343, 443, 565, 222, 221, 232, 332, 121, 221, 332, 343, 443, 343, 454,
232, 343, 454, 565, 444, 565, 454, 343, 565, 555, 565, 332, 454, 343, 454, 444,
343, 555, 454, 443, 443, 565, 343, 121, 222, 222, 121, 121, 232, 232, 232, 232,
232, 222, 343, 454, 454, 454, 454, 454, 332, 454, 444, 565, 232, 222, 232, 343,
454, 333, 343, 454, 454, 343, 454, 565, 121, 121, 232, 121, 121, 222, 232, 232,
232, 232, 222, 232, 454, 454, 454, 454, 454, 332, 443, 454, 554, 343, 221, 222,
343, 454, 343, 332, 454, 454, 454, 444, 565, 232, 121, 232, 121, 121, 121, 232,
232, 232, 232, 232, 232, 443, 454, 454, 454, 454, 343, 343, 454, 454, 454, 332,
454, 454, 454, 454, 343, 555, 454, 443, 443, 565, 343, 121, 222, 222, 121, 121,
232, 232, 232, 232, 232, 222, 343, 454, 454, 454, 454, 454, 332, 454, 444, 565,
232, 222, 232, 343, 454, 333, 343, 454, 454, 343, 454, 565, 121, 121, 232, 121,
121, 222, 232, 232, 232, 232, 222, 232, 454, 454, 454, 454, 454, 332, 443, 454,
554, 343, 221, 222, 343, 454, 343, 332, 454, 454, 454, 444, 565, 232, 121, 232,
121, 121, 121, 232, 232, 232, 232, 232, 232, 443, 454, 454, 454, 454, 343, 343,
454, 454, 454, 332, 454, 454, 454, 454, 343, 555, 454, 443, 443, 565, 343, 121,
222, 222, 121, 121, 232, 232, 232, 232, 232, 222, 343, 454, 454, 454, 454, 454,
332, 454, 444, 565, 232, 222, 232, 343, 454, 333, 343, 454, 454, 343, 454, 565,
121, 121, 232, 121, 121, 222, 232, 232, 232, 232, 222, 232, 454, 454, 454, 454,
454, 332, 443, 454, 554, 343, 221, 222, 343, 454, 343, 332, 454, 454, 454, 444,
565, 232, 121, 232, 121, 121, 121, 232, 232, 232, 232, 232, 232, 443, 454, 454,
454, 454, 343, 343, 454, 454, 454, 332, 454, 454, 454, 454, 343, 555, 454, 443,
443, 565, 343, 121, 222, 222, 121, 121, 232, 232, 232, 232, 232, 222, 343, 454,
454, 454, 454, 454, 332, 454, 444, 565, 232, 222, 232, 343, 454, 333, 343, 454,
454, 343, 454, 565, 121, 121, 232, 121, 121, 222, 232, 232, 232, 232, 222, 232,
454, 454, 454, 454, 454, 332, 443, 454, 554, 343, 221, 222, 343, 454, 343, 332,
454, 454, 454, 444, 565, 232, 121, 232, 121, 121, 121, 232, 232, 232, 232, 232,
232, 443, 454, 454, 454, 454, 343, 343, 454, 454, 454, 332, 454, 454, 454, 454,
333, 565, 454, 454, 454, 565, 343, 121, 232, 232, 332, 232, 222, 232, 232, 232,
332, 232, 343, 454, 454, 454, 454, 454, 332, 454, 454, 565, 222, 221, 332, 232,
232, 222, 343, 454, 454, 454, 454, 554, 121, 232, 232, 332, 332, 221, 232, 232,
232, 332, 232, 232, 454, 454, 454, 454, 565, 332, 443, 454, 554, 343, 121, 232,
232, 232, 232, 332, 454, 454, 454, 454, 565, 222, 221, 232, 332, 332, 222, 232,
232, 232, 332, 332, 232, 443, 454, 454, 454, 454, 443, 343, 454, 454, 454, 332,
454, 454, 554, 454, 333, 565, 454, 454, 454, 565, 343, 121, 232, 232, 332, 232,
222, 232, 232, 232, 332, 232, 343, 454, 454, 454, 454, 454, 332, 454, 454, 565,
222, 221, 332, 232, 232, 222, 343, 454, 454, 454, 454, 554, 121, 232, 232, 332,
332, 221, 232, 232, 232, 332, 232, 232, 454, 454, 454, 454, 565, 332, 443, 454,
554, 343, 121, 232, 232, 232, 232, 332, 454, 454, 454, 454, 565, 222, 221, 232,
332, 332, 222, 232, 232, 232, 332, 332, 232, 443, 454, 454, 454, 454, 443, 343,
454, 454, 454, 332, 454, 454, 554, 454, 333, 565, 454, 454, 454, 565, 343, 121,
232, 232, 332, 232, 222, 232, 232, 232, 332, 232, 343, 454, 454, 454, 454, 454,
332, 454, 454, 565, 222, 221, 332, 232, 232, 222, 343, 454, 454, 454, 454, 554,
121, 232, 232, 332, 332, 221, 232, 232, 232, 332, 232, 232, 454, 454, 454, 454,
565, 332, 443, 454, 554, 343, 121, 232, 232, 232, 232, 332, 454, 454, 454, 454,
565, 222, 221, 232, 332, 332, 222, 232, 232, 232, 332, 332, 232, 443, 454, 454,
454, 454, 443, 343, 454, 454, 454, 332, 454, 454, 554, 454, 333, 565, 454, 454,
454, 565, 343, 121, 232, 232, 332, 232, 222, 232, 232, 232, 332, 232, 343, 454,
454, 454, 454, 454, 332, 454, 454, 565, 222, 221, 332, 232, 232, 222, 343, 454,
454, 454, 454, 554, 121, 232, 232, 332, 332, 221, 232, 232, 232, 332, 232, 232,
454, 454, 454, 454, 565, 332, 443, 454, 554, 343, 121, 232, 232, 232, 232, 332,
454, 454, 454, 454, 565, 222, 221, 232, 332, 332, 222, 232, 232, 232, 332, 332,
232, 443, 454, 454, 454, 454, 443, 343, 454, 454, 454, 332, 454, 454, 554, 454,
343, 565, 454, 454, 454, 565, 343, 222, 565, 676, 776, 565, 343, 665, 665, 676,
787, 454, 232, 454, 454, 454, 554, 665, 332, 454, 454, 676, 232, 121, 121, 121,
121, 221, 343, 454, 454, 454, 565, 454, 121, 454, 676, 676, 676, 332, 565, 565,
676, 676, 665, 222, 454, 454, 454, 454, 676, 343, 443, 454, 676, 443, 121, 121,
121, 121, 121, 333, 454, 454, 454, 454, 565, 221, 343, 676, 676, 787, 343, 454,
665, 676, 676, 786, 232, 343, 454, 454, 444, 665, 454, 343, 454, 565, 565, 332,
454, 454, 565, 443, 343, 565, 454, 454, 454, 565, 343, 222, 565, 676, 776, 565,
343, 665, 665, 676, 787, 454, 232, 454, 454, 454, 554, 665, 332, 454, 454, 676,
232, 121, 121, 121, 121, 221, 343, 454, 454, 454, 565, 454, 121, 454, 676, 676,
676, 332, 565, 565, 676, 676, 665, 222, 454, 454, 454, 454, 676, 343, 443, 454,
676, 443, 121, 121, 121, 121, 121, 333, 454, 454, 454, 454, 565, 221, 343, 676,
676, 787, 343, 454, 665, 676, 676, 786, 232, 343, 454, 454, 444, 665, 454, 343,
454, 565, 565, 332, 454, 454, 565, 443, 343, 565, 454, 454, 454, 565, 343, 222,
565, 676, 776, 565, 343, 665, 665, 676, 787, 454, 232, 454, 454, 454, 554, 665,
332, 454, 454, 676, 232, 121, 121, 121, 121, 221, 343, 454, 454, 454, 565, 454,
121, 454, 676, 676, 676, 332, 565, 565, 676, 676, 665, 222, 454, 454, 454, 454,
676, 343, 443, 454, 676, 443, 121, 121, 121, 121, 121, 333, 454, 454, 454, 454,
565, 221, 343, 676, 676, 787, 343, 454, 665, 676, 676, 786, 232, 343, 454, 454,
444, 665, 454, 343, 454, 565, 565, 332, 454, 454, 565, 443, 343, 565, 454, 454,
454, 565, 343, 222, 565, 676, 776, 565, 343, 665, 665, 676, 787, 454, 232, 454,
454, 454, 554, 665, 332, 454, 454, 676, 232, 121, 121, 121, 121, 221, 343, 454,
454, 454, 565, 454, 121, 454, 676, 676, 676, 332, 565, 565, 676, 676, 665, 222,
454, 454, 454, 454, 676, 343, 443, 454, 676, 443, 121, 121, 121, 121, 121, 333,
454, 454, 454, 454, 565, 221, 343, 676, 676, 787, 343, 454, 665, 676, 676, 786,
232, 343, 454, 454, 444, 665, 454, 343, 454, 565, 565, 332, 454, 454, 565, 443,
343, 565, 444, 454, 454, 565, 343, 232, 454, 565, 565, 454, 332, 454, 454, 565,
665, 443, 232, 454, 454, 454, 565, 676, 232, 454, 454, 676, 222, 121, 221, 121,
121, 221, 343, 454, 454, 454, 565, 454, 221, 443, 565, 565, 565, 232, 444, 454,
565, 565, 554, 222, 443, 454, 454, 454, 676, 333, 343, 454, 676, 343, 121, 221,
121, 121, 121, 333, 454, 454, 454, 454, 565, 222, 343, 554, 565, 565, 343, 343,
454, 565, 565, 565, 232, 343, 454, 454, 454, 676, 454, 333, 454, 565, 565, 332,
454, 454, 565, 444, 343, 565, 444, 454, 454, 565, 343, 232, 454, 565, 565, 454,
332, 454, 454, 565, 665, 443, 232, 454, 454, 454, 565, 676, 232, 454, 454, 676,
222, 121, 221, 121, 121, 221, 343, 454, 454, 454, 565, 454, 221, 443, 565, 565,
565, 232, 444, 454, 565, 565, 554, 222, 443, 454, 454, 454, 676, 333, 343, 454,
676, 343, 121, 221, 121, 121, 121, 333, 454, 454, 454, 454, 565, 222, 343, 554,
565, 565, 343, 343, 454, 565, 565, 565, 232, 343, 454, 454, 454, 676, 454, 333,
454, 565, 565, 332, 454, 454, 565, 444, 343, 565, 444, 454, 454, 565, 343, 232,
454, 565, 565, 454, 332, 454, 454, 565, 665, 443, 232, 454, 454, 454, 565, 676,
232, 454, 454, 676, 222, 121, 221, 121, 121, 221, 343, 454, 454, 454, 565, 454,
221, 443, 565, 565, 565, 232, 444, 454, 565, 565, 554, 222, 443, 454, 454, 454,
676, 333, 343, 454, 676, 343, 121, 221, 121, 121, 121, 333, 454, 454, 454, 454,
565, 222, 343, 554, 565, 565, 343, 343, 454, 565, 565, 565, 232, 343, 454, 454,
454, 676, 454, 333, 454, 565, 565, 332, 454, 454, 565, 444, 343, 565, 444, 454,
454, 565, 343, 232, 454, 565, 565, 454, 332, 454, 454, 565, 665, 443, 232, 454,
454, 454, 565, 676, 232, 454, 454, 676, 222, 121, 221, 121, 121, 221, 343, 454,
454, 454, 565, 454, 221, 443, 565, 565, 565, 232, 444, 454, 565, 565, 554, 222,
443, 454, 454, 454, 676, 333, 343, 454, 676, 343, 121, 221, 121, 121, 121, 333,
454, 454, 454, 454, 565, 222, 343, 554, 565, 565, 343, 343, 454, 565, 565, 565,
232, 343, 454, 454, 454, 676, 454, 333, 454, 565, 565, 332, 454, 454, 565, 444,
343, 565, 444, 454, 454, 665, 343, 232, 454, 454, 454, 454, 232, 443, 454, 454,
555, 443, 121, 343, 454, 454, 565, 454, 221, 343, 454, 565, 222, 232, 343, 222,
222, 121, 343, 454, 454, 454, 565, 565, 221, 443, 454, 454, 454, 232, 343, 454,
454, 454, 454, 121, 232, 454, 444, 454, 565, 232, 332, 454, 565, 343, 221, 343,
222, 232, 121, 332, 454, 454, 454, 454, 676, 232, 343, 454, 454, 454, 343, 332,
444, 454, 454, 554, 232, 221, 443, 454, 454, 565, 343, 222, 443, 555, 454, 332,
454, 444, 565, 454, 343, 565, 444, 454, 454, 665, 343, 232, 454, 454, 454, 454,
232, 443, 454, 454, 555, 443, 121, 343, 454, 454, 565, 454, 221, 343, 454, 565,
222, 232, 343, 222, 222, 121, 343, 454, 454, 454, 565, 565, 221, 443, 454, 454,
454, 232, 343, 454, 454, 454, 454, 121, 232, 454, 444, 454, 565, 232, 332, 454,
565, 343, 221, 343, 222, 232, 121, 332, 454, 454, 454, 454, 676, 232, 343, 454,
454, 454, 343, 332, 444, 454, 454, 554, 232, 221, 443, 454, 454, 565, 343, 222,
443, 555, 454, 332, 454, 444, 565, 454, 343, 565, 444, 454, 454, 665, 343, 232,
454, 454, 454, 454, 232, 443, 454, 454, 555, 443, 121, 343, 454, 454, 565, 454,
221, 343, 454, 565, 222, 232, 343, 222, 222, 121, 343, 454, 454, 454, 565, 565,
221, 443, 454, 454, 454, 232, 343, 454, 454, 454, 454, 121, 232, 454, 444, 454,
565, 232, 332, 454, 565, 343, 221, 343, 222, 232, 121, 332, 454, 454, 454, 454,
676, 232, 343, 454, 454, 454, 343, 332, 444, 454, 454, 554, 232, 221, 443, 454,
454, 565, 343, 222, 443, 555, 454, 332, 454, 444, 565, 454, 343, 565, 444, 454,
454, 665, 343, 232, 454, 454, 454, 454, 232, 443, 454, 454, 555, 443, 121, 343,
454, 454, 565, 454, 221, 343, 454, 565, 222, 232, 343, 222, 222, 121, 343, 454,
454, 454, 565, 565, 221, 443, 454, 454, 454, 232, 343, 454, 454, 454, 454, 121,
232, 454, 444, 454, 565, 232, 332, 454, 565, 343, 221, 343, 222, 232, 121, 332,
454, 454, 454, 454, 676, 232, 343, 454, 454, 454, 343, 332, 444, 454, 454, 554,
232, 221, 443, 454, 454, 565, 343, 222, 443, 555, 454, 332, 454, 444, 565, 454,
333, 555, 454, 454, 454, 554, 343, 343, 454, 454, 454, 454, 232, 232, 443, 454,
454, 343, 121, 232, 343, 343, 343, 343, 121, 232, 454, 554, 232, 343, 343, 343,
232, 121, 232, 454, 454, 454, 454, 454, 332, 454, 454, 454, 454, 232, 232, 343,
454, 454, 554, 121, 221, 332, 343, 343, 343, 221, 221, 443, 454, 343, 232, 343,
343, 232, 221, 222, 443, 454, 454, 454, 554, 232, 443, 454, 454, 454, 343, 232,
333, 444, 444, 454, 232, 121, 232, 343, 343, 343, 232, 121, 343, 454, 454, 221,
443, 454, 454, 443, 333, 555, 454, 454, 454, 554, 343, 343, 454, 454, 454, 454,
232, 232, 443, 454, 454, 343, 121, 232, 343, 343, 343, 343, 121, 232, 454, 554,
232, 343, 343, 343, 232, 121, 232, 454, 454, 454, 454, 454, 332, 454, 454, 454,
454, 232, 232, 343, 454, 454, 554, 121, 221, 332, 343, 343, 343, 221, 221, 443,
454, 343, 232, 343, 343, 232, 221, 222, 443, 454, 454, 454, 554, 232, 443, 454,
454, 454, 343, 232, 333, 444, 444, 454, 232, 121, 232, 343, 343, 343, 232, 121,
343, 454, 454, 221, 443, 454, 454, 443, 333, 555, 454, 454, 454, 554, 343, 343,
454, 454, 454, 454, 232, 232, 443, 454, 454, 343, 121, 232, 343, 343, 343, 343,
121, 232, 454, 554, 232, 343, 343, 343, 232, 121, 232, 454, 454, 454, 454, 454,
332, 454, 454, 454, 454, 232, 232, 343, 454, 454, 554, 121, 221, 332, 343, 343,
343, 221, 221, 443, 454, 343, 232, 343, 343, 232, 221, 222, 443, 454, 454, 454,
554, 232, 443, 454, 454, 454, 343, 232, 333, 444, 444, 454, 232, 121, 232, 343,
343, 343, 232, 121, 343, 454, 454, 221, 443, 454, 454, 443, 333, 555, 454, 454,
454, 554, 343, 343, 454, 454, 454, 454, 232, 232, 443, 454, 454, 343, 121, 232,
343, 343, 343, 343, 121, 232, 454, 554, 232, 343, 343, 343, 232, 121, 232, 454,
454, 454, 454, 454, 332, 454, 454, 454, 454, 232, 232, 343, 454, 454, 554, 121,
221, 332, 343, 343, 343, 221, 221, 443, 454, 343, 232, 343, 343, 232, 221, 222,
443, 454, 454, 454, 554, 232, 443, 454, 454, 454, 343, 232, 333, 444, 444, 454,
232, 121, 232, 343, 343, 343, 232, 121, 343, 454, 454, 221, 443, 454, 454, 443,
333, 555, 444, 454, 454, 565, 343, 343, 454, 454, 454, 554, 232, 221, 332, 343,
343, 232, 121, 121, 221, 232, 232, 332, 121, 232, 454, 554, 222, 222, 232, 343,
332, 121, 232, 454, 454, 454, 554, 454, 332, 454, 454, 454, 565, 332, 232, 222,
343, 343, 343, 121, 121, 121, 232, 232, 343, 221, 221, 443, 454, 343, 121, 232,
333, 343, 221, 221, 443, 454, 454, 454, 565, 232, 444, 454, 454, 565, 343, 232,
221, 333, 343, 343, 221, 121, 121, 222, 232, 332, 232, 121, 343, 454, 454, 221,
443, 454, 565, 443, 333, 555, 444, 454, 454, 565, 343, 343, 454, 454, 454, 554,
232, 221, 332, 343, 343, 232, 121, 121, 221, 232, 232, 332, 121, 232, 454, 554,
222, 222, 232, 343, 332, 121, 232, 454, 454, 454, 554, 454, 332, 454, 454, 454,
565, 332, 232, 222, 343, 343, 343, 121, 121, 121, 232, 232, 343, 221, 221, 443,
454, 343, 121, 232, 333, 343, 221, 221, 443, 454, 454, 454, 565, 232, 444, 454,
454, 565, 343, 232, 221, 333, 343, 343, 221, 121, 121, 222, 232, 332, 232, 121,
343, 454, 454, 221, 443, 454, 565, 443, 333, 555, 444, 454, 454, 565, 343, 343,
454, 454, 454, 554, 232, 221, 332, 343, 343, 232, 121, 121, 221, 232, 232, 332,
121, 232, 454, 554, 222, 222, 232, 343, 332, 121, 232, 454, 454, 454, 554, 454,
332, 454, 454, 454, 565, 332, 232, 222, 343, 343, 343, 121, 121, 121, 232, 232,
343, 221, 221, 443, 454, 343, 121, 232, 333, 343, 221, 221, 443, 454, 454, 454,
565, 232, 444, 454, 454, 565, 343, 232, 221, 333, 343, 343, 221, 121, 121, 222,
232, 332, 232, 121, 343, 454, 454, 221, 443, 454, 565, 443, 333, 555, 444, 454,
454, 565, 343, 343, 454, 454, 454, 554, 232, 221, 332, 343, 343, 232, 121, 121,
221, 232, 232, 332, 121, 232, 454, 554, 222, 222, 232, 343, 332, 121, 232, 454,
454, 454, 554, 454, 332, 454, 454, 454, 565, 332, 232, 222, 343, 343, 343, 121,
121, 121, 232, 232, 343, 221, 221, 443, 454, 343, 121, 232, 333, 343, 221, 221,
443, 454, 454, 454, 565, 232, 444, 454, 454, 565, 343, 232, 221, 333, 343, 343,
221, 121, 121, 222, 232, 332, 232, 121, 343, 454, 454, 221, 443, 454, 565, 443,
332, 454, 343, 444, 454, 554, 343, 343, 454, 454, 565, 554, 121, 221, 222, 222,
221, 121, 121, 121, 121, 121, 222, 232, 221, 232, 343, 565, 232, 121, 121, 232,
232, 222, 221, 343, 343, 454, 454, 454, 332, 454, 454, 554, 565, 232, 121, 121,
222, 222, 221, 121, 121, 121, 121, 221, 332, 221, 232, 333, 555, 343, 121, 121,
232, 232, 232, 121, 333, 343, 454, 454, 554, 332, 444, 454, 454, 565, 343, 121,
121, 221, 232, 232, 221, 121, 121, 121, 121, 232, 232, 222, 232, 454, 554, 121,
332, 343, 454, 443, 332, 454, 343, 444, 454, 554, 343, 343, 454, 454, 565, 554,
121, 221, 222, 222, 221, 121, 121, 121, 121, 121, 222, 232, 221, 232, 343, 565,
232, 121, 121, 232, 232, 222, 221, 343, 343, 454, 454, 454, 332, 454, 454, 554,
565, 232, 121, 121, 222, 222, 221, 121, 121, 121, 121, 221, 332, 221, 232, 333,
555, 343, 121, 121, 232, 232, 232, 121, 333, 343, 454, 454, 554, 332, 444, 454,
454, 565, 343, 121, 121, 221, 232, 232, 221, 121, 121, 121, 121, 232, 232, 222,
232, 454, 554, 121, 332, 343, 454, 443, 332, 454, 343, 444, 454, 554, 343, 343,
454, 454, 565, 554, 121, 221, 222, 222, 221, 121, 121, 121, 121, 121, 222, 232,
221, 232, 343, 565, 232, 121, 121, 232, 232, 222, 221, 343, 343, 454, 454, 454,
332, 454, 454, 554, 565, 232, 121, 121, 222, 222, 221, 121, 121, 121, 121, 221,
332, 221, 232, 333, 555, 343, 121, 121, 232, 232, 232, 121, 333, 343, 454, 454,
554, 332, 444, 454, 454, 565, 343, 121, 121, 221, 232, 232, 221, 121, 121, 121,
121, 232, 232, 222, 232, 454, 554, 121, 332, 343, 454, 443, 332, 454, 343, 444,
454, 554, 343, 343, 454, 454, 565, 554, 121, 221, 222, 222, 221, 121, 121, 121,
121, 121, 222, 232, 221, 232, 343, 565, 232, 121, 121, 232, 232, 222, 221, 343,
343, 454, 454, 454, 332, 454, 454, 554, 565, 232, 121, 121, 222, 222, 221, 121,
121, 121, 121, 221, 332, 221, 232, 333, 555, 343, 121, 121, 232, 232, 232, 121,
333, 343, 454, 454, 554, 332, 444, 454, 454, 565, 343, 121, 121, 221, 232, 232,
221, 121, 121, 121, 121, 232, 232, 222, 232, 454, 554, 121, 332, 343, 454, 443,
232, 443, 232, 343, 454, 454, 343, 343, 454, 454, 565, 565, 333, 565, 676, 676,
676, 443, 121, 232, 332, 221, 121, 121, 232, 333, 232, 565, 232, 121, 121, 121,
121, 121, 121, 332, 232, 454, 454, 454, 332, 454, 454, 454, 676, 332, 554, 665,
676, 676, 565, 121, 232, 332, 222, 121, 221, 222, 343, 232, 454, 443, 121, 121,
121, 121, 121, 121, 232, 232, 343, 454, 454, 332, 444, 454, 454, 676, 343, 444,
565, 676, 676, 676, 232, 121, 332, 232, 121, 221, 221, 343, 232, 343, 565, 121,
232, 232, 454, 443, 232, 443, 232, 343, 454, 454, 343, 343, 454, 454, 565, 565,
333, 565, 676, 676, 676, 443, 121, 232, 332, 221, 121, 121, 232, 333, 232, 565,
232, 121, 121, 121, 121, 121, 121, 332, 232, 454, 454, 454, 332, 454, 454, 454,
676, 332, 554, 665, 676, 676, 565, 121, 232, 332, 222, 121, 221, 222, 343, 232,
454, 443, 121, 121, 121, 121, 121, 121, 232, 232, 343, 454, 454, 332, 444, 454,
454, 676, 343, 444, 565, 676, 676, 676, 232, 121, 332, 232, 121, 221, 221, 343,
232, 343, 565, 121, 232, 232, 454, 443, 232, 443, 232, 343, 454, 454, 343, 343,
454, 454, 565, 565, 333, 565, 676, 676, 676, 443, 121, 232, 332, 221, 121, 121,
232, 333, 232, 565, 232, 121, 121, 121, 121, 121, 121, 332, 232, 454, 454, 454,
332, 454, 454, 454, 676, 332, 554, 665, 676, 676, 565, 121, 232, 332, 222, 121,
221, 222, 343, 232, 454, 443, 121, 121, 121, 121, 121, 121, 232, 232, 343, 454,
454, 332, 444, 454, 454, 676, 343, 444, 565, 676, 676, 676, 232, 121, 332, 232,
121, 221, 221, 343, 232, 343, 565, 121, 232, 232, 454, 443, 232, 443, 232, 343,
454, 454, 343, 343, 454, 454, 565, 565, 333, 565, 676, 676, 676, 443, 121, 232,
332, 221, 121, 121, 232, 333, 232, 565, 232, 121, 121, 121, 121, 121, 121, 332,
232, 454, 454, 454, 332, 454, 454, 454, 676, 332, 554, 665, 676, 676, 565, 121,
232, 332, 222, 121, 221, 222, 343, 232, 454, 443, 121, 121, 121, 121, 121, 121,
232, 232, 343, 454, 454, 332, 444, 454, 454, 676, 343, 444, 565, 676, 676, 676,
232, 121, 332, 232, 121, 221, 221, 343, 232, 343, 565, 121, 232, 232, 454, 443,
222, 333, 222, 343, 343, 343, 232, 343, 454, 454, 565, 565, 343, 565, 787, 665,
676, 454, 221, 343, 232, 332, 232, 121, 332, 443, 343, 554, 232, 454, 565, 565,
665, 333, 121, 221, 332, 343, 343, 332, 332, 454, 454, 454, 676, 332, 454, 676,
776, 565, 676, 121, 343, 332, 232, 232, 121, 222, 443, 343, 454, 343, 443, 565,
565, 565, 454, 121, 221, 232, 343, 343, 343, 232, 454, 454, 454, 676, 343, 443,
565, 787, 565, 676, 232, 232, 343, 232, 332, 221, 121, 343, 343, 443, 454, 121,
221, 232, 343, 232, 222, 333, 222, 343, 343, 343, 232, 343, 454, 454, 565, 565,
343, 565, 787, 665, 676, 454, 221, 343, 232, 332, 232, 121, 332, 443, 343, 554,
232, 454, 565, 565, 665, 333, 121, 221, 332, 343, 343, 332, 332, 454, 454, 454,
676, 332, 454, 676, 776, 565, 676, 121, 343, 332, 232, 232, 121, 222, 443, 343,
454, 343, 443, 565, 565, 565, 454, 121, 221, 232, 343, 343, 343, 232, 454, 454,
454, 676, 343, 443, 565, 787, 565, 676, 232, 232, 343, 232, 332, 221, 121, 343,
343, 443, 454, 121, 221, 232, 343, 232, 222, 333, 222, 343, 343, 343, 232, 343,
454, 454, 565, 565, 343, 565, 787, 665, 676, 454, 221, 343, 232, 332, 232, 121,
332, 443, 343, 554, 232, 454, 565, 565, 665, 333, 121, 221, 332, 343, 343, 332,
332, 454, 454, 454, 676, 332, 454, 676, 776, 565, 676, 121, 343, 332, 232, 232,
121, 222, 443, 343, 454, 343, 443, 565, 565, 565, 454, 121, 221, 232, 343, 343,
343, 232, 454, 454, 454, 676, 343, 443, 565, 787, 565, 676, 232, 232, 343, 232,
332, 221, 121, 343, 343, 443, 454, 121, 221, 232, 343, 232, 222, 333, 222, 343,
343, 343, 232, 343, 454, 454, 565, 565, 343, 565, 787, 665, 676, 454, 221, 343,
232, 332, 232, 121, 332, 443, 343, 554, 232, 454, 565, 565, 665, 333, 121, 221,
332, 343, 343, 332, 332, 454, 454, 454, 676, 332, 454, 676, 776, 565, 676, 121,
343, 332, 232, 232, 121, 222, 443, 343, 454, 343, 443, 565, 565, 565, 454, 121,
221, 232, 343, 343, 343, 232, 454, 454, 454, 676, 343, 443, 565, 787, 565, 676,
232, 232, 343, 232, 332, 221, 121, 343, 343, 443, 454, 121, 221, 232, 343, 232,
222, 333, 121, 221, 221, 121, 221, 343, 454, 454, 454, 454, 343, 454, 565, 454,
554, 343, 222, 232, 343, 343, 332, 232, 232, 454, 444, 565, 333, 454, 454, 676,
676, 343, 121, 121, 221, 221, 221, 121, 333, 454, 454, 454, 565, 332, 454, 555,
555, 454, 554, 221, 232, 332, 343, 332, 232, 232, 443, 444, 554, 343, 343, 454,
565, 676, 454, 121, 121, 121, 221, 221, 121, 232, 454, 454, 454, 565, 343, 343,
454, 565, 454, 565, 232, 232, 232, 343, 343, 332, 222, 343, 454, 454, 554, 121,
121, 121, 221, 121, 222, 333, 121, 221, 221, 121, 221, 343, 454, 454, 454, 454,
343, 454, 565, 454, 554, 343, 222, 232, 343, 343, 332, 232, 232, 454, 444, 565,
333, 454, 454, 676, 676, 343, 121, 121, 221, 221, 221, 121, 333, 454, 454, 454,
565, 332, 454, 555, 555, 454, 554, 221, 232, 332, 343, 332, 232, 232, 443, 444,
554, 343, 343, 454, 565, 676, 454, 121, 121, 121, 221, 221, 121, 232, 454, 454,
454, 565, 343, 343, 454, 565, 454, 565, 232, 232, 232, 343, 343, 332, 222, 343,
454, 454, 554, 121, 121, 121, 221, 121, 222, 333, 121, 221, 221, 121, 221, 343,
454, 454, 454, 454, 343, 454, 565, 454, 554, 343, 222, 232, 343, 343, 332, 232,
232, 454, 444, 565, 333, 454, 454, 676, 676, 343, 121, 121, 221, 221, 221, 121,
333, 454, 454, 454, 565, 332, 454, 555, 555, 454, 554, 221, 232, 332, 343, 332,
232, 232, 443, 444, 554, 343, 343, 454, 565, 676, 454, 121, 121, 121, 221, 221,
121, 232, 454, 454, 454, 565, 343, 343, 454, 565, 454, 565, 232, 232, 232, 343,
343, 332, 222, 343, 454, 454, 554, 121, 121, 121, 221, 121, 222, 333, 121, 221,
221, 121, 221, 343, 454, 454, 454, 454, 343, 454, 565, 454, 554, 343, 222, 232,
343, 343, 332, 232, 232, 454, 444, 565, 333, 454, 454, 676, 676, 343, 121, 121,
221, 221, 221, 121, 333, 454, 454, 454, 565, 332, 454, 555, 555, 454, 554, 221,
232, 332, 343, 332, 232, 232, 443, 444, 554, 343, 343, 454, 565, 676, 454, 121,
121, 121, 221, 221, 121, 232, 454, 454, 454, 565, 343, 343, 454, 565, 454, 565,
232, 232, 232, 343, 343, 332, 222, 343, 454, 454, 554, 121, 121, 121, 221, 121,
333, 565, 554, 565, 454, 565, 343, 343, 454, 454, 454, 444, 343, 454, 454, 444,
454, 443, 121, 232, 333, 232, 343, 232, 232, 454, 454, 555, 343, 232, 343, 454,
554, 333, 343, 554, 565, 555, 554, 454, 332, 454, 454, 454, 454, 333, 454, 454,
454, 454, 554, 121, 232, 333, 232, 343, 232, 222, 444, 454, 454, 343, 222, 232,
454, 454, 444, 332, 454, 554, 565, 454, 554, 232, 454, 454, 454, 454, 343, 343,
454, 454, 454, 565, 232, 221, 332, 232, 333, 343, 221, 343, 454, 454, 454, 232,
454, 554, 565, 343, 333, 565, 554, 565, 454, 565, 343, 343, 454, 454, 454, 444,
343, 454, 454, 444, 454, 443, 121, 232, 333, 232, 343, 232, 232, 454, 454, 555,
343, 232, 343, 454, 554, 333, 343, 554, 565, 555, 554, 454, 332, 454, 454, 454,
454, 333, 454, 454, 454, 454, 554, 121, 232, 333, 232, 343, 232, 222, 444, 454,
454, 343, 222, 232, 454, 454, 444, 332, 454, 554, 565, 454, 554, 232, 454, 454,
454, 454, 343, 343, 454, 454, 454, 565, 232, 221, 332, 232, 333, 343, 221, 343,
454, 454, 454, 232, 454, 554, 565, 343, 333, 565, 554, 565, 454, 565, 343, 343,
454, 454, 454, 444, 343, 454, 454, 444, 454, 443, 121, 232, 333, 232, 343, 232,
232, 454, 454, 555, 343, 232, 343, 454, 554, 333, 343, 554, 565, 555, 554, 454,
332, 454, 454, 454, 454, 333, 454, 454, 454, 454, 554, 121, 232, 333, 232, 343,
232, 222, 444, 454, 454, 343, 222, 232, 454, 454, 444, 332, 454, 554, 565, 454,
554, 232, 454, 454, 454, 454, 343, 343, 454, 454, 454, 565, 232, 221, 332, 232,
333, 343, 221, 343, 454, 454, 454, 232, 454, 554, 565, 343, 333, 565, 554, 565,
454, 565, 343, 343, 454, 454, 454, 444, 343, 454, 454, 444, 454, 443, 121, 232,
333, 232, 343, 232, 232, 454, 454, 555, 343, 232, 343, 454, 554, 333, 343, 554,
565, 555, 554, 454, 332, 454, 454, 454, 454, 333, 454, 454, 454, 454, 554, 121,
232, 333, 232, 343, 232, 222, 444, 454, 454, 343, 222, 232, 454, 454, 444, 332,
454, 554, 565, 454, 554, 232, 454, 454, 454, 454, 343, 343, 454, 454, 454, 565,
232, 221, 332, 232, 333, 343, 221, 343, 454, 454, 454, 232, 454, 554, 565, 343,
332, 676, 676, 665, 665, 787, 343, 332, 454, 454, 454, 554, 232, 454, 454, 454,
565, 454, 121, 232, 221, 221, 332, 121, 222, 443, 454, 565, 232, 332, 343, 444,
454, 343, 454, 676, 676, 565, 786, 565, 232, 444, 454, 454, 565, 332, 454, 454,
454, 454, 565, 121, 222, 232, 121, 232, 222, 121, 343, 454, 565, 343, 232, 333,
454, 454, 454, 343, 676, 676, 565, 676, 676, 232, 343, 454, 454, 565, 343, 343,
454, 454, 454, 665, 232, 121, 232, 121, 232, 232, 121, 232, 454, 454, 454, 333,
676, 676, 676, 454, 332, 676, 676, 665, 665, 787, 343, 332, 454, 454, 454, 554,
232, 454, 454, 454, 565, 454, 121, 232, 221, 221, 332, 121, 222, 443, 454, 565,
232, 332, 343, 444, 454, 343, 454, 676, 676, 565, 786, 565, 232, 444, 454, 454,
565, 332, 454, 454, 454, 454, 565, 121, 222, 232, 121, 232, 222, 121, 343, 454,
565, 343, 232, 333, 454, 454, 454, 343, 676, 676, 565, 676, 676, 232, 343, 454,
454, 565, 343, 343, 454, 454, 454, 665, 232, 121, 232, 121, 232, 232, 121, 232,
454, 454, 454, 333, 676, 676, 676, 454, 332, 676, 676, 665, 665, 787, 343, 332,
454, 454, 454, 554, 232, 454, 454, 454, 565, 454, 121, 232, 221, 221, 332, 121,
222, 443, 454, 565, 232, 332, 343, 444, 454, 343, 454, 676, 676, 565, 786, 565,
232, 444, 454, 454, 565, 332, 454, 454, 454, 454, 565, 121, 222, 232, 121, 232,
222, 121, 343, 454, 565, 343, 232, 333, 454, 454, 454, 343, 676, 676, 565, 676,
676, 232, 343, 454, 454, 565, 343, 343, 454, 454, 454, 665, 232, 121, 232, 121,
232, 232, 121, 232, 454, 454, 454, 333, 676, 676, 676, 454, 332, 676, 676, 665,
665, 787, 343, 332, 454, 454, 454, 554, 232, 454, 454, 454, 565, 454, 121, 232,
221, 221, 332, 121, 222, 443, 454, 565, 232, 332, 343, 444, 454, 343, 454, 676,
676, 565, 786, 565, 232, 444, 454, 454, 565, 332, 454, 454, 454, 454, 565, 121,
222, 232, 121, 232, 222, 121, 343, 454, 565, 343, 232, 333, 454, 454, 454, 343,
676, 676, 565, 676, 676, 232, 343, 454, 454, 565, 343, 343, 454, 454, 454, 665,
232, 121, 232, 121, 232, 232, 121, 232, 454, 454, 454, 333, 676, 676, 676, 454,
333, 665, 555, 454, 454, 565, 333, 232, 454, 444, 565, 665, 221, 443, 454, 444,
676, 454, 111, 121, 121, 121, 121, 121, 232, 443, 454, 565, 232, 343, 454, 454,
565, 443, 343, 565, 564, 454, 565, 454, 221, 443, 454, 454, 676, 232, 343, 454,
444, 565, 565, 121, 121, 121, 121, 121, 121, 121, 343, 454, 565, 343, 232, 454,
454, 454, 565, 332, 554, 565, 454, 555, 565, 222, 343, 454, 454, 676, 343, 232,
454, 454, 454, 676, 232, 121, 121, 121, 121, 121, 121, 332, 454, 555, 454, 232,
554, 565, 565, 343, 333, 665, 555, 454, 454, 565, 333, 232, 454, 444, 565, 665,
221, 443, 454, 444, 676, 454, 111, 121, 121, 121, 121, 121, 232, 443, 454, 565,
232, 343, 454, 454, 565, 443, 343, 565, 564, 454, 565, 454, 221, 443, 454, 454,
676, 232, 343, 454, 444, 565, 565, 121, 121, 121, 121, 121, 121, 121, 343, 454,
565, 343, 232, 454, 454, 454, 565, 332, 554, 565, 454, 555, 565, 222, 343, 454,
454, 676, 343, 232, 454, 454, 454, 676, 232, 121, 121, 121, 121, 121, 121, 332,
454, 555, 454, 232, 554, 565, 565, 343, 333, 665, 555, 454, 454, 565, 333, 232,
454, 444, 565, 665, 221, 443, 454, 444, 676, 454, 111, 121, 121, 121, 121, 121,
232, 443, 454, 565, 232, 343, 454, 454, 565, 443, 343, 565, 564, 454, 565, 454,
221, 443, 454, 454, 676, 232, 343, 454, 444, 565, 565, 121, 121, 121, 121, 121,
121, 121, 343, 454, 565, 343, 232, 454, 454, 454, 565, 332, 554, 565, 454, 555,
565, 222, 343, 454, 454, 676, 343, 232, 454, 454, 454, 676, 232, 121, 121, 121,
121, 121, 121, 332, 454, 555, 454, 232, 554, 565, 565, 343, 333, 665, 555, 454,
454, 565, 333, 232, 454, 444, 565, 665, 221, 443, 454, 444, 676, 454, 111, 121,
121, 121, 121, 121, 232, 443, 454, 565, 232, 343, 454, 454, 565, 443, 343, 565,
564, 454, 565, 454, 221, 443, 454, 454, 676, 232, 343, 454, 444, 565, 565, 121,
121, 121, 121, 121, 121, 121, 343, 454, 565, 343, 232, 454, 454, 454, 565, 332,
554, 565, 454, 555, 565, 222, 343, 454, 454, 676, 343, 232, 454, 454, 454, 676,
232, 121, 121, 121, 121, 121, 121, 332, 454, 555, 454, 232, 554, 565, 565, 343,
333, 555, 444, 454, 444, 565, 343, 232, 454, 444, 565, 565, 221, 343, 454, 454,
565, 343, 232, 343, 443, 454, 444, 343, 232, 443, 454, 665, 332, 343, 454, 454,
676, 343, 343, 454, 454, 454, 454, 454, 221, 443, 454, 454, 676, 222, 333, 454,
454, 454, 555, 232, 343, 443, 454, 454, 454, 232, 343, 454, 565, 343, 343, 454,
444, 565, 565, 332, 454, 454, 454, 454, 565, 222, 343, 454, 454, 676, 443, 232,
454, 454, 454, 565, 232, 343, 443, 443, 454, 454, 332, 332, 454, 554, 554, 333,
454, 454, 565, 454, 333, 555, 444, 454, 444, 565, 343, 232, 454, 444, 565, 565,
221, 343, 454, 454, 565, 343, 232, 343, 443, 454, 444, 343, 232, 443, 454, 665,
332, 343, 454, 454, 676, 343, 343, 454, 454, 454, 454, 454, 221, 443, 454, 454,
676, 222, 333, 454, 454, 454, 555, 232, 343, 443, 454, 454, 454, 232, 343, 454,
565, 343, 343, 454, 444, 565, 565, 332, 454, 454, 454, 454, 565, 222, 343, 454,
454, 676, 443, 232, 454, 454, 454, 565, 232, 343, 443, 443, 454, 454, 332, 332,
454, 554, 554, 333, 454, 454, 565, 454, 333, 555, 444, 454, 444, 565, 343, 232,
454, 444, 565, 565, 221, 343, 454, 454, 565, 343, 232, 343, 443, 454, 444, 343,
232, 443, 454, 665, 332, 343, 454, 454, 676, 343, 343, 454, 454, 454, 454, 454,
221, 443, 454, 454, 676, 222, 333, 454, 454, 454, 555, 232, 343, 443, 454, 454,
454, 232, 343, 454, 565, 343, 343, 454, 444, 565, 565, 332, 454, 454, 454, 454,
565, 222, 343, 454, 454, 676, 443, 232, 454, 454, 454, 565, 232, 343, 443, 443,
454, 454, 332, 332, 454, 554, 554, 333, 454, 454, 565, 454, 333, 555, 444, 454,
444, 565, 343, 232, 454, 444, 565, 565, 221, 343, 454, 454, 565, 343, 232, 343,
443, 454, 444, 343, 232, 443, 454, 665, 332, 343, 454, 454, 676, 343, 343, 454,
454, 454, 454, 454, 221, 443, 454, 454, 676, 222, 333, 454, 454, 454, 555, 232,
343, 443, 454, 454, 454, 232, 343, 454, 565, 343, 343, 454, 444, 565, 565, 332,
454, 454, 454, 454, 565, 222, 343, 454, 454, 676, 443, 232, 454, 454, 454, 565,
232, 343, 443, 443, 454, 454, 332, 332, 454, 554, 554, 333, 454, 454, 565, 454,
232, 555, 454, 454, 454, 565, 343, 222, 443, 454, 554, 565, 121, 332, 454, 454,
454, 343, 443, 565, 676, 676, 676, 565, 121, 343, 454, 565, 343, 454, 454, 454,
665, 343, 343, 454, 454, 454, 554, 565, 121, 343, 454, 444, 565, 232, 222, 454,
454, 454, 454, 332, 565, 676, 676, 676, 676, 232, 332, 454, 565, 343, 343, 454,
454, 565, 454, 232, 454, 454, 454, 454, 676, 222, 232, 454, 454, 555, 343, 221,
443, 454, 454, 454, 332, 454, 676, 676, 676, 676, 454, 221, 454, 565, 454, 333,
454, 454, 565, 454, 232, 555, 454, 454, 454, 565, 343, 222, 443, 454, 554, 565,
121, 332, 454, 454, 454, 343, 443, 565, 676, 676, 676, 565, 121, 343, 454, 565,
343, 454, 454, 454, 665, 343, 343, 454, 454, 454, 554, 565, 121, 343, 454, 444,
565, 232, 222, 454, 454, 454, 454, 332, 565, 676, 676, 676, 676, 232, 332, 454,
565, 343, 343, 454, 454, 565, 454, 232, 454, 454, 454, 454, 676, 222, 232, 454,
454, 555, 343, 221, 443, 454, 454, 454, 332, 454, 676, 676, 676, 676, 454, 221,
454, 565, 454, 333, 454, 454, 565, 454, 232, 555, 454, 454, 454, 565, 343, 222,
443, 454, 554, 565, 121, 332, 454, 454, 454, 343, 443, 565, 676, 676, 676, 565,
121, 343, 454, 565, 343, 454, 454, 454, 665, 343, 343, 454, 454, 454, 554, 565,
121, 343, 454, 444, 565, 232, 222, 454, 454, 454, 454, 332, 565, 676, 676, 676,
676, 232, 332, 454, 565, 343, 343, 454, 454, 565, 454, 232, 454, 454, 454, 454,
676, 222, 232, 454, 454, 555, 343, 221, 443, 454, 454, 454, 332, 454, 676, 676,
676, 676, 454, 221, 454, 565, 454, 333, 454, 454, 565, 454, 232, 555, 454, 454,
454, 565, 343, 222, 443, 454, 554, 565, 121, 332, 454, 454, 454, 343, 443, 565,
676, 676, 676, 565, 121, 343, 454, 565, 343, 454, 454, 454, 665, 343, 343, 454,
454, 454, 554, 565, 121, 343, 454, 444, 565, 232, 222, 454, 454, 454, 454, 332,
565, 676, 676, 676, 676, 232, 332, 454, 565, 343, 343, 454, 454, 565, 454, 232,
454, 454, 454, 454, 676, 222, 232, 454, 454, 555, 343, 221, 443, 454, 454, 454,
332, 454, 676, 676, 676, 676, 454, 221, 454, 565, 454, 333, 454, 454, 565, 454,
232, 555, 454, 454, 444, 454, 343, 221, 343, 454, 565, 565, 121, 343, 454, 454,
454, 343, 232, 343, 565, 454, 454, 554, 222, 443, 565, 565, 332, 444, 454, 454,
565, 333, 232, 454, 454, 454, 454, 454, 221, 232, 444, 454, 676, 232, 232, 454,
454, 454, 454, 232, 343, 554, 454, 444, 565, 232, 343, 454, 565, 443, 343, 454,
454, 555, 454, 221, 443, 454, 454, 443, 565, 232, 222, 343, 454, 565, 343, 222,
443, 454, 454, 454, 332, 332, 454, 565, 444, 554, 443, 232, 454, 555, 454, 232,
454, 454, 454, 454, 232, 555, 454, 454, 444, 454, 343, 221, 343, 454, 565, 565,
121, 343, 454, 454, 454, 343, 232, 343, 565, 454, 454, 554, 222, 443, 565, 565,
332, 444, 454, 454, 565, 333, 232, 454, 454, 454, 454, 454, 221, 232, 444, 454,
676, 232, 232, 454, 454, 454, 454, 232, 343, 554, 454, 444, 565, 232, 343, 454,
565, 443, 343, 454, 454, 555, 454, 221, 443, 454, 454, 443, 565, 232, 222, 343,
454, 565, 343, 222, 443, 454, 454, 454, 332, 332, 454, 565, 444, 554, 443, 232,
454, 555, 454, 232, 454, 454, 454, 454, 232, 555, 454, 454, 444, 454, 343, 221,
343, 454, 565, 565, 121, 343, 454, 454, 454, 343, 232, 343, 565, 454, 454, 554,
222, 443, 565, 565, 332, 444, 454, 454, 565, 333, 232, 454, 454, 454, 454, 454,
221, 232, 444, 454, 676, 232, 232, 454, 454, 454, 454, 232, 343, 554, 454, 444,
565, 232, 343, 454, 565, 443, 343, 454, 454, 555, 454, 221, 443, 454, 454, 443,
565, 232, 222, 343, 454, 565, 343, 222, 443, 454, 454, 454, 332, 332, 454, 565,
444, 554, 443, 232, 454, 555, 454, 232, 454, 454, 454, 454, 232, 555, 454, 454,
444, 454, 343, 221, 343, 454, 565, 565, 121, 343, 454, 454, 454, 343, 232, 343,
565, 454, 454, 554, 222, 443, 565, 565, 332, 444, 454, 454, 565, 333, 232, 454,
454, 454, 454, 454, 221, 232, 444, 454, 676, 232, 232, 454, 454, 454, 454, 232,
343, 554, 454, 444, 565, 232, 343, 454, 565, 443, 343, 454, 454, 555, 454, 221,
443, 454, 454, 443, 565, 232, 222, 343, 454, 565, 343, 222, 443, 454, 454, 454,
332, 332, 454, 565, 444, 554, 443, 232, 454, 555, 454, 232, 454, 454, 454, 454,
232, 555, 444, 454, 343, 454, 343, 332, 332, 454, 565, 554, 232, 444, 454, 454,
554, 343, 222, 343, 454, 444, 454, 565, 332, 454, 454, 565, 232, 343, 454, 454,
454, 333, 232, 444, 454, 443, 343, 454, 332, 232, 444, 554, 676, 232, 343, 454,
454, 454, 454, 222, 332, 454, 454, 454, 665, 343, 443, 454, 554, 443, 343, 454,
454, 454, 454, 221, 343, 454, 454, 343, 454, 332, 332, 343, 444, 665, 343, 332,
454, 454, 454, 565, 232, 232, 443, 454, 444, 565, 454, 343, 454, 454, 454, 222,
343, 454, 454, 443, 232, 555, 444, 454, 343, 454, 343, 332, 332, 454, 565, 554,
232, 444, 454, 454, 554, 343, 222, 343, 454, 444, 454, 565, 332, 454, 454, 565,
232, 343, 454, 454, 454, 333, 232, 444, 454, 443, 343, 454, 332, 232, 444, 554,
676, 232, 343, 454, 454, 454, 454, 222, 332, 454, 454, 454, 665, 343, 443, 454,
554, 443, 343, 454, 454, 454, 454, 221, 343, 454, 454, 343, 454, 332, 332, 343,
444, 665, 343, 332, 454, 454, 454, 565, 232, 232, 443, 454, 444, 565, 454, 343,
454, 454, 454, 222, 343, 454, 454, 443, 232, 555, 444, 454, 343, 454, 343, 332,
332, 454, 565, 554, 232, 444, 454, 454, 554, 343, 222, 343, 454, 444, 454, 565,
332, 454, 454, 565, 232, 343, 454, 454, 454, 333, 232, 444, 454, 443, 343, 454,
332, 232, 444, 554, 676, 232, 343, 454, 454, 454, 454, 222, 332, 454, 454, 454,
665, 343, 443, 454, 554, 443, 343, 454, 454, 454, 454, 221, 343, 454, 454, 343,
454, 332, 332, 343, 444, 665, 343, 332, 454, 454, 454, 565, 232, 232, 443, 454,
444, 565, 454, 343, 454, 454, 454, 222, 343, 454, 454, 443, 232, 555, 444, 454,
343, 454, 343, 332, 332, 454, 565, 554, 232, 444, 454, 454, 554, 343, 222, 343,
454, 444, 454, 565, 332, 454, 454, 565, 232, 343, 454, 454, 454, 333, 232, 444,
454, 443, 343, 454, 332, 232, 444, 554, 676, 232, 343, 454, 454, 454, 454, 222,
332, 454, 454, 454, 665, 343, 443, 454, 554, 443, 343, 454, 454, 454, 454, 221,
343, 454, 454, 343, 454, 332, 332, 343, 444, 665, 343, 332, 454, 454, 454, 565,
232, 232, 443, 454, 444, 565, 454, 343, 454, 454, 454, 222, 343, 454, 454, 443,
333, 454, 443, 343, 232, 443, 443, 343, 454, 343, 454, 454, 332, 454, 454, 454,
565, 343, 232, 454, 454, 343, 343, 454, 332, 454, 343, 554, 222, 343, 454, 443,
454, 343, 232, 343, 443, 232, 232, 454, 232, 343, 443, 443, 554, 232, 443, 454,
454, 454, 554, 221, 343, 454, 443, 343, 454, 332, 343, 443, 454, 343, 232, 454,
454, 454, 454, 232, 343, 454, 343, 232, 454, 332, 343, 444, 343, 555, 343, 343,
454, 454, 454, 565, 232, 333, 454, 454, 343, 454, 343, 343, 443, 343, 454, 232,
333, 444, 454, 454, 333, 454, 443, 343, 232, 443, 443, 343, 454, 343, 454, 454,
332, 454, 454, 454, 565, 343, 232, 454, 454, 343, 343, 454, 332, 454, 343, 554,
222, 343, 454, 443, 454, 343, 232, 343, 443, 232, 232, 454, 232, 343, 443, 443,
554, 232, 443, 454, 454, 454, 554, 221, 343, 454, 443, 343, 454, 332, 343, 443,
454, 343, 232, 454, 454, 454, 454, 232, 343, 454, 343, 232, 454, 332, 343, 444,
343, 555, 343, 343, 454, 454, 454, 565, 232, 333, 454, 454, 343, 454, 343, 343,
443, 343, 454, 232, 333, 444, 454, 454, 333, 454, 443, 343, 232, 443, 443, 343,
454, 343, 454, 454, 332, 454, 454, 454, 565, 343, 232, 454, 454, 343, 343, 454,
332, 454, 343, 554, 222, 343, 454, 443, 454, 343, 232, 343, 443, 232, 232, 454,
232, 343, 443, 443, 554, 232, 443, 454, 454, 454, 554, 221, 343, 454, 443, 343,
454, 332, 343, 443, 454, 343, 232, 454, 454, 454, 454, 232, 343, 454, 343, 232,
454, 332, 343, 444, 343, 555, 343, 343, 454, 454, 454, 565, 232, 333, 454, 454,
343, 454, 343, 343, 443, 343, 454, 232, 333, 444, 454, 454, 333, 454, 443, 343,
232, 443, 443, 343, 454, 343, 454, 454, 332, 454, 454, 454, 565, 343, 232, 454,
454, 343, 343, 454, 332, 454, 343, 554, 222, 343, 454, 443, 454, 343, 232, 343,
443, 232, 232, 454, 232, 343, 443, 443, 554, 232, 443, 454, 454, 454, 554, 221,
343, 454, 443, 343, 454, 332, 343, 443, 454, 343, 232, 454, 454, 454, 454, 232,
343, 454, 343, 232, 454, 332, 343, 444, 343, 555, 343, 343, 454, 454, 454, 565,
232, 333, 454, 454, 343, 454, 343, 343, 443, 343, 454, 232, 333, 444, 454, 454,
333, 565, 343, 232, 222, 454, 332, 232, 454, 332, 343, 443, 221, 343, 454, 444,
454, 343, 222, 443, 454, 232, 332, 454, 232, 343, 232, 443, 222, 232, 443, 333,
454, 343, 332, 443, 332, 221, 343, 444, 221, 343, 343, 333, 454, 221, 343, 454,
444, 454, 454, 221, 343, 454, 343, 232, 454, 332, 343, 332, 343, 343, 222, 343,
343, 343, 444, 232, 443, 343, 222, 232, 454, 222, 343, 443, 232, 454, 333, 232,
444, 444, 444, 454, 232, 332, 454, 343, 232, 443, 343, 232, 232, 332, 454, 332,
343, 343, 443, 343, 333, 565, 343, 232, 222, 454, 332, 232, 454, 332, 343, 443,
221, 343, 454, 444, 454, 343, 222, 443, 454, 232, 332, 454, 232, 343, 232, 443,
222, 232, 443, 333, 454, 343, 332, 443, 332, 221, 343, 444, 221, 343, 343, 333,
454, 221, 343, 454, 444, 454, 454, 221, 343, 454, 343, 232, 454, 332, 343, 332,
343, 343, 222, 343, 343, 343, 444, 232, 443, 343, 222, 232, 454, 222, 343, 443,
232, 454, 333, 232, 444, 444, 444, 454, 232, 332, 454, 343, 232, 443, 343, 232,
232, 332, 454, 332, 343, 343, 443, 343, 333, 565, 343, 232, 222, 454, 332, 232,
454, 332, 343, 443, 221, 343, 454, 444, 454, 343, 222, 443, 454, 232, 332, 454,
232, 343, 232, 443, 222, 232, 443, 333, 454, 343, 332, 443, 332, 221, 343, 444,
221, 343, 343, 333, 454, 221, 343, 454, 444, 454, 454, 221, 343, 454, 343, 232,
454, 332, 343, 332, 343, 343, 222, 343, 343, 343, 444, 232, 443, 343, 222, 232,
454, 222, 343, 443, 232, 454, 333, 232, 444, 444, 444, 454, 232, 332, 454, 343,
232, 443, 343, 232, 232, 332, 454, 332, 343, 343, 443, 343, 333, 565, 343, 232,
222, 454, 332, 232, 454, 332, 343, 443, 221, 343, 454, 444, 454, 343, 222, 443,
454, 232, 332, 454, 232, 343, 232, 443, 222, 232, 443, 333, 454, 343, 332, 443,
332, 221, 343, 444, 221, 343, 343, 333, 454, 221, 343, 454, 444, 454, 454, 221,
343, 454, 343, 232, 454, 332, 343, 332, 343, 343, 222, 343, 343, 343, 444, 232,
443, 343, 222, 232, 454, 222, 343, 443, 232, 454, 333, 232, 444, 444, 444, 454,
232, 332, 454, 343, 232, 443, 343, 232, 232, 332, 454, 332, 343, 343, 443, 343,
232, 343, 232, 221, 332, 332, 222, 222, 343, 221, 222, 232, 121, 232, 332, 332,
332, 222, 121, 232, 332, 221, 232, 232, 232, 221, 232, 332, 121, 121, 232, 221,
232, 232, 332, 232, 121, 232, 332, 232, 121, 332, 232, 222, 232, 121, 222, 332,
332, 332, 232, 121, 232, 332, 232, 222, 332, 232, 232, 232, 343, 222, 121, 232,
232, 222, 232, 232, 332, 221, 232, 332, 332, 121, 222, 232, 222, 332, 222, 221,
332, 332, 332, 332, 221, 221, 332, 232, 221, 332, 232, 222, 222, 333, 332, 232,
332, 222, 232, 232, 232, 343, 232, 221, 332, 332, 222, 222, 343, 221, 222, 232,
121, 232, 332, 332, 332, 222, 121, 232, 332, 221, 232, 232, 232, 221, 232, 332,
121, 121, 232, 221, 232, 232, 332, 232, 121, 232, 332, 232, 121, 332, 232, 222,
232, 121, 222, 332, 332, 332, 232, 121, 232, 332, 232, 222, 332, 232, 232, 232,
343, 222, 121, 232, 232, 222, 232, 232, 332, 221, 232, 332, 332, 121, 222, 232,
222, 332, 222, 221, 332, 332, 332, 332, 221, 221, 332, 232, 221, 332, 232, 222,
222, 333, 332, 232, 332, 222, 232, 232, 232, 343, 232, 221, 332, 332, 222, 222,
343, 221, 222, 232, 121, 232, 332, 332, 332, 222, 121, 232, 332, 221, 232, 232,
232, 221, 232, 332, 121, 121, 232, 221, 232, 232, 332, 232, 121, 232, 332, 232,
121, 332, 232, 222, 232, 121, 222, 332, 332, 332, 232, 121, 232, 332, 232, 222,
332, 232, 232, 232, 343, 222, 121, 232, 232, 222, 232, 232, 332, 221, 232, 332,
332, 121, 222, 232, 222, 332, 222, 221, 332, 332, 332, 332, 221, 221, 332, 232,
221, 332, 232, 222, 222, 333, 332, 232, 332, 222, 232, 232, 232, 343, 232, 221,
332, 332, 222, 222, 343, 221, 222, 232, 121, 232, 332, 332, 332, 222, 121, 232,
332, 221, 232, 232, 232, 221, 232, 332, 121, 121, 232, 221, 232, 232, 332, 232,
121, 232, 332, 232, 121, 332, 232, 222, 232, 121, 222, 332, 332, 332, 232, 121,
232, 332, 232, 222, 332, 232, 232, 232, 343, 222, 121, 232, 232, 222, 232, 232,
332, 221, 232, 332, 332, 121, 222, 232, 222, 332, 222, 221, 332, 332, 332, 332,
221, 221, 332, 232, 221, 332, 232, 222, 222, 333, 332, 232, 332, 222, 232, 232,
121, 121, 121, 121, 121, 121, 221, 221, 222, 121, 121, 121, 121, 121, 121, 121,
121, 121, 121, 121, 121, 121, 121, 221, 222, 121, 121, 121, 121, 121, 121, 121,
121, 121, 121, 121, 121, 121, 121, 121, 121, 222, 222, 221, 121, 121, 121, 121,
121, 121, 121, 121, 121, 121, 121, 121, 121, 121, 222, 222, 121, 121, 121, 121,
121, 121, 121, 121, 121, 121, 121, 121, 121, 121, 121, 222, 222, 222, 121, 121,
121, 121, 121, 121, 121, 121, 121, 121, 121, 121, 121, 221, 222, 222, 222, 121,
121, 121, 121, 121, 121, 121, 121, 121, 121, 121, 221, 221, 222, 121, 121, 121,
121, 121, 121, 121, 121, 121, 121, 121, 121, 121, 121, 221, 222, 121, 121, 121,
121, 121, 121, 121, 121, 121, 121, 121, 121, 121, 121, 121, 121, 222, 222, 221,
121, 121, 121, 121, 121, 121, 121, 121, 121, 121, 121, 121, 121, 121, 222, 222,
121, 121, 121, 121, 121, 121, 121, 121, 121, 121, 121, 121, 121, 121, 121, 222,
222, 222, 121, 121, 121, 121, 121, 121, 121, 121, 121, 121, 121, 121, 121, 221,
222, 222, 222, 121, 121, 121, 121, 121, 121, 121, 121, 121, 121, 121, 221, 221,
222, 121, 121, 121, 121, 121, 121, 121, 121, 121, 121, 121, 121, 121, 121, 221,
222, 121, 121, 121, 121, 121, 121, 121, 121, 121, 121, 121, 121, 121, 121, 121,
121, 222, 222, 221, 121, 121, 121, 121, 121, 121, 121, 121, 121, 121, 121, 121,
121, 121, 222, 222, 121, 121, 121, 121, 121, 121, 121, 121, 121, 121, 121, 121,
121, 121, 121, 222, 222, 222, 121, 121, 121, 121, 121, 121, 121, 121, 121, 121,
121, 121, 121, 221, 222, 222, 222, 121, 121, 121, 121, 121, 121, 121, 121, 121,
121, 121, 221, 221, 222, 121, 121, 121, 121, 121, 121, 121, 121, 121, 121, 121,
121, 121, 121, 221, 222, 121, 121, 121, 121, 121, 121, 121, 121, 121, 121, 121,
121, 121, 121, 121, 121, 222, 222, 221, 121, 121, 121, 121, 121, 121, 121, 121,
121, 121, 121, 121, 121, 121, 222, 222, 121, 121, 121, 121, 121, 121, 121, 121,
121, 121, 121, 121, 121, 121, 121, 222, 222, 222, 121, 121, 121, 121, 121, 121,
121, 121, 121, 121, 121, 121, 121, 221, 222, 222, 222, 121, 121, 121, 121, 121,
121, 221, 221, 222, 232, 232, 232, 221, 221, 221, 221, 121, 221, 221, 221, 221,
221, 221, 221, 221, 221, 232, 222, 232, 222, 221, 221, 121, 221, 221, 221, 221,
221, 121, 121, 221, 221, 221, 222, 232, 221, 221, 221, 221, 121, 121, 221, 221,
221, 221, 221, 221, 221, 221, 221, 121, 232, 232, 222, 221, 121, 121, 221, 221,
221, 221, 221, 121, 221, 221, 221, 221, 221, 222, 232, 221, 221, 221, 121, 221,
221, 221, 221, 221, 221, 221, 221, 221, 121, 221, 232, 232, 222, 221, 221, 221,
221, 221, 221, 121, 121, 221, 221, 222, 232, 232, 232, 221, 221, 221, 221, 121,
221, 221, 221, 221, 221, 221, 221, 221, 221, 232, 222, 232, 222, 221, 221, 121,
221, 221, 221, 221, 221, 121, 121, 221, 221, 221, 222, 232, 221, 221, 221, 221,
121, 121, 221, 221, 221, 221, 221, 221, 221, 221, 221, 121, 232, 232, 222, 221,
121, 121, 221, 221, 221, 221, 221, 121, 221, 221, 221, 221, 221, 222, 232, 221,
221, 221, 121, 221, 221, 221, 221, 221, 221, 221, 221, 221, 121, 221, 232, 232,
222, 221, 221, 221, 221, 221, 221, 121, 121, 221, 221, 222, 232, 232, 232, 221,
221, 221, 221, 121, 221, 221, 221, 221, 221, 221, 221, 221, 221, 232, 222, 232,
222, 221, 221, 121, 221, 221, 221, 221, 221, 121, 121, 221, 221, 221, 222, 232,
221, 221, 221, 221, 121, 121, 221, 221, 221, 221, 221, 221, 221, 221, 221, 121,
232, 232, 222, 221, 121, 121, 221, 221, 221, 221, 221, 121, 221, 221, 221, 221,
221, 222, 232, 221, 221, 221, 121, 221, 221, 221, 221, 221, 221, 221, 221, 221,
121, 221, 232, 232, 222, 221, 221, 221, 221, 221, 221, 121, 121, 221, 221, 222,
232, 232, 232, 221, 221, 221, 221, 121, 221, 221, 221, 221, 221, 221, 221, 221,
221, 232, 222, 232, 222, 221, 221, 121, 221, 221, 221, 221, 221, 121, 121, 221,
221, 221, 222, 232, 221, 221, 221, 221, 121, 121, 221, 221, 221, 221, 221, 221,
221, 221, 221, 121, 232, 232, 222, 221, 121, 121, 221, 221, 221, 221, 221, 121,
221, 221, 221, 221, 221, 222, 232, 221, 221, 221, 121, 221, 221, 221, 221, 221,
221, 221, 221, 221, 121, 221, 232, 232, 222, 221, 221, 221, 221, 221, 221, 121,
232, 565, 565, 565, 565, 676, 665, 565, 676, 565, 676, 332, 554, 565, 565, 565,
676, 676, 676, 676, 676, 565, 343, 565, 676, 676, 676, 232, 565, 565, 665, 565,
676, 343, 454, 565, 565, 565, 676, 676, 565, 676, 665, 676, 443, 443, 565, 565,
565, 676, 676, 676, 676, 565, 676, 332, 565, 676, 676, 776, 343, 454, 565, 565,
675, 676, 554, 343, 565, 565, 565, 565, 676, 565, 676, 676, 665, 565, 332, 565,
565, 565, 665, 676, 676, 676, 565, 676, 343, 454, 665, 565, 565, 665, 676, 565,
676, 665, 676, 454, 232, 565, 565, 565, 565, 676, 665, 565, 676, 565, 676, 332,
554, 565, 565, 565, 676, 676, 676, 676, 676, 565, 343, 565, 676, 676, 676, 232,
565, 565, 665, 565, 676, 343, 454, 565, 565, 565, 676, 676, 565, 676, 665, 676,
443, 443, 565, 565, 565, 676, 676, 676, 676, 565, 676, 332, 565, 676, 676, 776,
343, 454, 565, 565, 675, 676, 554, 343, 565, 565, 565, 565, 676, 565, 676, 676,
665, 565, 332, 565, 565, 565, 665, 676, 676, 676, 565, 676, 343, 454, 665, 565,
565, 665, 676, 565, 676, 665, 676, 454, 232, 565, 565, 565, 565, 676, 665, 565,
676, 565, 676, 332, 554, 565, 565, 565, 676, 676, 676, 676, 676, 565, 343, 565,
676, 676, 676, 232, 565, 565, 665, 565, 676, 343, 454, 565, 565, 565, 676, 676,
565, 676, 665, 676, 443, 443, 565, 565, 565, 676, 676, 676, 676, 565, 676, 332,
565, 676, 676, 776, 343, 454, 565, 565, 675, 676, 554, 343, 565, 565, 565, 565,
676, 565, 676, 676, 665, 565, 332, 565, 565, 565, 665, 676, 676, 676, 565, 676,
343, 454, 665, 565, 565, 665, 676, 565, 676, 665, 676, 454, 232, 565, 565, 565,
565, 676, 665, 565, 676, 565, 676, 332, 554, 565, 565, 565, 676, 676, 676, 676,
676, 565, 343, 565, 676, 676, 676, 232, 565, 565, 665, 565, 676, 343, 454, 565,
565, 565, 676, 676, 565, 676, 665, 676, 443, 443, 565, 565, 565, 676, 676, 676,
676, 565, 676, 332, 565, 676, 676, 776, 343, 454, 565, 565, 675, 676, 554, 343,
565, 565, 565, 565, 676, 565, 676, 676, 665, 565, 332, 565, 565, 565, 665, 676,
676, 676, 565, 676, 343, 454, 665, 565, 565, 665, 676, 565, 676, 665, 676, 454,
232, 565, 454, 665, 676, 555, 665, 787, 676, 454, 676, 343, 565, 676, 554, 554,
676, 454, 565, 554, 676, 565, 343, 554, 676, 676, 786, 332, 454, 665, 565, 554,
665, 343, 554, 565, 565, 676, 565, 565, 787, 676, 565, 676, 454, 454, 676, 565,
454, 665, 565, 565, 565, 565, 676, 343, 454, 676, 676, 787, 343, 343, 565, 565,
565, 565, 454, 343, 665, 554, 676, 565, 565, 676, 787, 565, 565, 565, 343, 676,
675, 454, 565, 565, 454, 565, 564, 676, 343, 564, 665, 565, 676, 554, 565, 787,
776, 565, 665, 454, 232, 565, 454, 665, 676, 555, 665, 787, 676, 454, 676, 343,
565, 676, 554, 554, 676, 454, 565, 554, 676, 565, 343, 554, 676, 676, 786, 332,
454, 665, 565, 554, 665, 343, 554, 565, 565, 676, 565, 565, 787, 676, 565, 676,
454, 454, 676, 565, 454, 665, 565, 565, 565, 565, 676, 343, 454, 676, 676, 787,
343, 343, 565, 565, 565, 565, 454, 343, 665, 554, 676, 565, 565, 676, 787, 565,
565, 565, 343, 676, 675, 454, 565, 565, 454, 565, 564, 676, 343, 564, 665, 565,
676, 554, 565, 787, 776, 565, 665, 454, 232, 565, 454, 665, 676, 555, 665, 787,
676, 454, 676, 343, 565, 676, 554, 554, 676, 454, 565, 554, 676, 565, 343, 554,
676, 676, 786, 332, 454, 665, 565, 554, 665, 343, 554, 565, 565, 676, 565, 565,
787, 676, 565, 676, 454, 454, 676, 565, 454, 665, 565, 565, 565, 565, 676, 343,
454, 676, 676, 787, 343, 343, 565, 565, 565, 565, 454, 343, 665, 554, 676, 565,
565, 676, 787, 565, 565, 565, 343, 676, 675, 454, 565, 565, 454, 565, 564, 676,
343, 564, 665, 565, 676, 554, 565, 787, 776, 565, 665, 454, 232, 565, 454, 665,
676, 555, 665, 787, 676, 454, 676, 343, 565, 676, 554, 554, 676, 454, 565, 554,
676, 565, 343, 554, 676, 676, 786, 332, 454, 665, 565, 554, 665, 343, 554, 565,
565, 676, 565, 565, 787, 676, 565, 676, 454, 454, 676, 565, 454, 665, 565, 565,
565, 565, 676, 343, 454, 676, 676, 787, 343, 343, 565, 565, 565, 565, 454, 343,
665, 554, 676, 565, 565, 676, 787, 565, 565, 565, 343, 676, 675, 454, 565, 565,
454, 565, 564, 676, 343, 564, 665, 565, 676, 554, 565, 787, 776, 565, 665, 454,
232, 454, 454, 454, 565, 454, 454, 665, 565, 444, 565, 343, 454, 565, 565, 454,
454, 454, 454, 454, 343, 232, 232, 443, 454, 676, 676, 332, 444, 454, 454, 454,
665, 343, 443, 454, 454, 554, 565, 454, 565, 665, 454, 555, 454, 343, 454, 565,
454, 454, 454, 454, 454, 343, 232, 232, 443, 454, 676, 787, 343, 343, 454, 454,
454, 565, 565, 333, 454, 454, 454, 565, 454, 554, 676, 454, 454, 565, 332, 454,
565, 554, 454, 454, 454, 454, 454, 332, 222, 454, 454, 454, 454, 554, 454, 565,
665, 454, 554, 454, 232, 454, 454, 454, 565, 454, 454, 665, 565, 444, 565, 343,
454, 565, 565, 454, 454, 454, 454, 454, 343, 232, 232, 443, 454, 676, 676, 332,
444, 454, 454, 454, 665, 343, 443, 454, 454, 554, 565, 454, 565, 665, 454, 555,
454, 343, 454, 565, 454, 454, 454, 454, 454, 343, 232, 232, 443, 454, 676, 787,
343, 343, 454, 454, 454, 565, 565, 333, 454, 454, 454, 565, 454, 554, 676, 454,
454, 565, 332, 454, 565, 554, 454, 454, 454, 454, 454, 332, 222, 454, 454, 454,
454, 554, 454, 565, 665, 454, 554, 454, 232, 454, 454, 454, 565, 454, 454, 665,
565, 444, 565, 343, 454, 565, 565, 454, 454, 454, 454, 454, 343, 232, 232, 443,
454, 676, 676, 332, 444, 454, 454, 454, 665, 343, 443, 454, 454, 554, 565, 454,
565, 665, 454, 555, 454, 343, 454, 565, 454, 454, 454, 454, 454, 343, 232, 232,
443, 454, 676, 787, 343, 343, 454, 454, 454, 565, 565, 333, 454, 454, 454, 565,
454, 554, 676, 454, 454, 565, 332, 454, 565, 554, 454, 454, 454, 454, 454, 332,
222, 454, 454, 454, 454, 554, 454, 565, 665, 454, 554, 454, 232, 454, 454, 454,
565, 454, 454, 665, 565, 444, 565, 343, 454, 565, 565, 454, 454, 454, 454, 454,
343, 232, 232, 443, 454, 676, 676, 332, 444, 454, 454, 454, 665, 343, 443, 454,
454, 554, 565, 454, 565, 665, 454, 555, 454, 343, 454, 565, 454, 454, 454, 454,
454, 343, 232, 232, 443, 454, 676, 787, 343, 343, 454, 454, 454, 565, 565, 333,
454, 454, 454, 565, 454, 554, 676, 454, 454, 565, 332, 454, 565, 554, 454, 454,
454, 454, 454, 332, 222, 454, 454, 454, 454, 554, 454, 565, 665, 454, 554, 454,
232, 343, 454, 454, 454, 454, 454, 454, 454, 444, 565, 343, 443, 454, 454, 454,
454, 454, 343, 343, 222, 121, 121, 333, 454, 565, 565, 232, 443, 454, 454, 454,
565, 343, 343, 454, 454, 454, 554, 454, 454, 454, 454, 554, 454, 343, 454, 454,
454, 454, 454, 343, 343, 332, 121, 222, 232, 444, 454, 676, 343, 343, 454, 454,
454, 565, 554, 232, 444, 454, 454, 554, 454, 454, 454, 454, 454, 565, 332, 454,
454, 454, 454, 454, 454, 332, 343, 121, 222, 343, 454, 454, 454, 454, 454, 454,
454, 454, 454, 454, 232, 343, 454, 454, 454, 454, 454, 454, 454, 444, 565, 343,
443, 454, 454, 454, 454, 454, 343, 343, 222, 121, 121, 333, 454, 565, 565, 232,
443, 454, 454, 454, 565, 343, 343, 454, 454, 454, 554, 454, 454, 454, 454, 554,
454, 343, 454, 454, 454, 454, 454, 343, 343, 332, 121, 222, 232, 444, 454, 676,
343, 343, 454, 454, 454, 565, 554, 232, 444, 454, 454, 554, 454, 454, 454, 454,
454, 565, 332, 454, 454, 454, 454, 454, 454, 332, 343, 121, 222, 343, 454, 454,
454, 454, 454, 454, 454, 454, 454, 454, 232, 343, 454, 454, 454, 454, 454, 454,
454, 444, 565, 343, 443, 454, 454, 454, 454, 454, 343, 343, 222, 121, 121, 333,
454, 565, 565, 232, 443, 454, 454, 454, 565, 343, 343, 454, 454, 454, 554, 454,
454, 454, 454, 554, 454, 343, 454, 454, 454, 454, 454, 343, 343, 332, 121, 222,
232, 444, 454, 676, 343, 343, 454, 454, 454, 565, 554, 232, 444, 454, 454, 554,
454, 454, 454, 454, 454, 565, 332, 454, 454, 454, 454, 454, 454, 332, 343, 121,
222, 343, 454, 454, 454, 454, 454, 454, 454, 454, 454, 454, 232, 343, 454, 454,
454, 454, 454, 454, 454, 444, 565, 343, 443, 454, 454, 454, 454, 454, 343, 343,
222, 121, 121, 333, 454, 565, 565, 232, 443, 454, 454, 454, 565, 343, 343, 454,
454, 454, 554, 454, 454, 454, 454, 554, 454, 343, 454, 454, 454, 454, 454, 343,
343, 332, 121, 222, 232, 444, 454, 676, 343, 343, 454, 454, 454, 565, 554, 232,
444, 454, 454, 554, 454, 454, 454, 454, 454, 565, 332, 454, 454, 454, 454, 454,
454, 332, 343, 121, 222, 343, 454, 454, 454, 454, 454, 454, 454, 454, 454, 454,
221, 232, 454, 454, 454, 454, 454, 454, 454, 454, 554, 332, 343, 444, 454, 454,
454, 454, 343, 232, 222, 232, 221, 343, 454, 454, 555, 222, 343, 454, 454, 454,
555, 343, 222, 444, 454, 454, 454, 454, 454, 454, 454, 454, 343, 343, 443, 454,
454, 454, 454, 454, 232, 221, 232, 222, 332, 454, 444, 554, 332, 232, 454, 454,
454, 454, 454, 221, 343, 454, 454, 454, 454, 454, 454, 454, 454, 454, 332, 443,
454, 454, 454, 454, 454, 343, 222, 232, 232, 232, 443, 454, 454, 454, 454, 454,
454, 454, 454, 443, 221, 232, 454, 454, 454, 454, 454, 454, 454, 454, 554, 332,
343, 444, 454, 454, 454, 454, 343, 232, 222, 232, 221, 343, 454, 454, 555, 222,
343, 454, 454, 454, 555, 343, 222, 444, 454, 454, 454, 454, 454, 454, 454, 454,
343, 343, 443, 454, 454, 454, 454, 454, 232, 221, 232, 222, 332, 454, 444, 554,
332, 232, 454, 454, 454, 454, 454, 221, 343, 454, 454, 454, 454, 454, 454, 454,
454, 454, 332, 443, 454, 454, 454, 454, 454, 343, 222, 232, 232, 232, 443, 454,
454, 454, 454, 454, 454, 454, 454, 443, 221, 232, 454, 454, 454, 454, 454, 454,
454, 454, 554, 332, 343, 444, 454, 454, 454, 454, 343, 232, 222, 232, 221, 343,
454, 454, 555, 222, 343, 454, 454, 454, 555, 343, 222, 444, 454, 454, 454, 454,
454, 454, 454, 454, 343, 343, 443, 454, 454, 454, 454, 454, 232, 221, 232, 222,
332, 454, 444, 554, 332, 232, 454, 454, 454, 454, 454, 221, 343, 454, 454, 454,
454, 454, 454, 454, 454, 454, 332, 443, 454, 454, 454, 454, 454, 343, 222, 232,
232, 232, 443, 454, 454, 454, 454, 454, 454, 454, 454, 443, 221, 232, 454, 454,
454, 454, 454, 454, 454, 454, 554, 332, 343, 444, 454, 454, 454, 454, 343, 232,
222, 232, 221, 343, 454, 454, 555, 222, 343, 454, 454, 454, 555, 343, 222, 444,
454, 454, 454, 454, 454, 454, 454, 454, 343, 343, 443, 454, 454, 454, 454, 454,
232, 221, 232, 222, 332, 454, 444, 554, 332, 232, 454, 454, 454, 454, 454, 221,
343, 454, 454, 454, 454, 454, 454, 454, 454, 454, 332, 443, 454, 454, 454, 454,
454, 343, 222, 232, 232, 232, 443, 454, 454, 454, 454, 454, 454, 454, 454, 443,
121, 221, 343, 454, 454, 454, 454, 454, 454, 454, 565, 232, 232, 343, 454, 454,
343, 343, 332, 222, 333, 232, 221, 443, 454, 454, 565, 222, 232, 454, 454, 454,
454, 333, 121, 332, 454, 454, 454, 454, 454, 454, 454, 565, 343, 232, 332, 454,
454, 343, 343, 333, 222, 232, 332, 121, 343, 454, 454, 554, 343, 221, 443, 454,
454, 454, 454, 121, 222, 343, 454, 454, 454, 454, 454, 454, 454, 454, 232, 232,
443, 454, 443, 343, 333, 232, 232, 343, 232, 121, 232, 454, 454, 454, 454, 454,
454, 454, 565, 443, 121, 221, 343, 454, 454, 454, 454, 454, 454, 454, 565, 232,
232, 343, 454, 454, 343, 343, 332, 222, 333, 232, 221, 443, 454, 454, 565, 222,
232, 454, 454, 454, 454, 333, 121, 332, 454, 454, 454, 454, 454, 454, 454, 565,
343, 232, 332, 454, 454, 343, 343, 333, 222, 232, 332, 121, 343, 454, 454, 554,
343, 221, 443, 454, 454, 454, 454, 121, 222, 343, 454, 454, 454, 454, 454, 454,
454, 454, 232, 232, 443, 454, 443, 343, 333, 232, 232, 343, 232, 121, 232, 454,
454, 454, 454, 454, 454, 454, 565, 443, 121, 221, 343, 454, 454, 454, 454, 454,
454, 454, 565, 232, 232, 343, 454, 454, 343, 343, 332, 222, 333, 232, 221, 443,
454, 454, 565, 222, 232, 454, 454, 454, 454, 333, 121, 332, 454, 454, 454, 454,
454, 454, 454, 565, 343, 232, 332, 454, 454, 343, 343, 333, 222, 232, 332, 121,
343, 454, 454, 554, 343, 221, 443, 454, 454, 454, 454, 121, 222, 343, 454, 454,
454, 454, 454, 454, 454, 454, 232, 232, 443, 454, 443, 343, 333, 232, 232, 343,
232, 121, 232, 454, 454, 454, 454, 454, 454, 454, 565, 443, 121, 221, 343, 454,
454, 454, 454, 454, 454, 454, 565, 232, 232, 343, 454, 454, 343, 343, 332, 222,
333, 232, 221, 443, 454, 454, 565, 222, 232, 454, 454, 454, 454, 333, 121, 332,
454, 454, 454, 454, 454, 454, 454, 565, 343, 232, 332, 454, 454, 343, 343, 333,
222, 232, 332, 121, 343, 454, 454, 554, 343, 221, 443, 454, 454, 454, 454, 121,
222, 343, 454, 454, 454, 454, 454, 454, 454, 454, 232, 232, 443, 454, 443, 343,
333, 232, 232, 343, 232, 121, 232, 454, 454, 454, 454, 454, 454, 454, 565, 443,
221, 222, 232, 454, 454, 454, 454, 454, 454, 454, 676, 232, 222, 333, 343, 343,
232, 221, 121, 221, 332, 121, 232, 454, 454, 454, 565, 222, 222, 443, 454, 444,
343, 222, 121, 221, 443, 454, 454, 454, 454, 454, 444, 565, 443, 121, 232, 343,
343, 232, 222, 221, 121, 332, 222, 221, 343, 454, 454, 565, 343, 121, 343, 454,
454, 343, 332, 121, 121, 332, 454, 454, 454, 454, 454, 454, 554, 565, 121, 232,
343, 343, 332, 222, 221, 121, 232, 232, 221, 121, 121, 343, 454, 454, 454, 454,
454, 444, 565, 454, 221, 222, 232, 454, 454, 454, 454, 454, 454, 454, 676, 232,
222, 333, 343, 343, 232, 221, 121, 221, 332, 121, 232, 454, 454, 454, 565, 222,
222, 443, 454, 444, 343, 222, 121, 221, 443, 454, 454, 454, 454, 454, 444, 565,
443, 121, 232, 343, 343, 232, 222, 221, 121, 332, 222, 221, 343, 454, 454, 565,
343, 121, 343, 454, 454, 343, 332, 121, 121, 332, 454, 454, 454, 454, 454, 454,
554, 565, 121, 232, 343, 343, 332, 222, 221, 121, 232, 232, 221, 121, 121, 343,
454, 454, 454, 454, 454, 444, 565, 454, 221, 222, 232, 454, 454, 454, 454, 454,
454, 454, 676, 232, 222, 333, 343, 343, 232, 221, 121, 221, 332, 121, 232, 454,
454, 454, 565, 222, 222, 443, 454, 444, 343, 222, 121, 221, 443, 454, 454, 454,
454, 454, 444, 565, 443, 121, 232, 343, 343, 232, 222, 221, 121, 332, 222, 221,
343, 454, 454, 565, 343, 121, 343, 454, 454, 343, 332, 121, 121, 332, 454, 454,
454, 454, 454, 454, 554, 565, 121, 232, 343, 343, 332, 222, 221, 121, 232, 232,
221, 121, 121, 343, 454, 454, 454, 454, 454, 444, 565, 454, 221, 222, 232, 454,
454, 454, 454, 454, 454, 454, 676, 232, 222, 333, 343, 343, 232, 221, 121, 221,
332, 121, 232, 454, 454, 454, 565, 222, 222, 443, 454, 444, 343, 222, 121, 221,
443, 454, 454, 454, 454, 454, 444, 565, 443, 121, 232, 343, 343, 232, 222, 221,
121, 332, 222, 221, 343, 454, 454, 565, 343, 121, 343, 454, 454, 343, 332, 121,
121, 332, 454, 454, 454, 454, 454, 454, 554, 565, 121, 232, 343, 343, 332, 222,
221, 121, 232, 232, 221, 121, 121, 343, 454, 454, 454, 454, 454, 444, 565, 454,
121, 232, 232, 232, 443, 454, 443, 343, 454, 454, 676, 232, 121, 232, 222, 221,
121, 121, 121, 121, 121, 121, 333, 454, 454, 454, 665, 222, 222, 232, 443, 343,
232, 232, 221, 232, 232, 343, 454, 444, 343, 444, 454, 676, 443, 121, 222, 222,
222, 121, 121, 121, 121, 121, 121, 232, 454, 454, 454, 665, 343, 221, 232, 343,
443, 232, 232, 121, 232, 232, 343, 454, 454, 343, 443, 454, 565, 565, 121, 221,
232, 222, 221, 111, 121, 121, 121, 121, 121, 121, 222, 222, 343, 454, 444, 343,
444, 454, 665, 454, 121, 232, 232, 232, 443, 454, 443, 343, 454, 454, 676, 232,
121, 232, 222, 221, 121, 121, 121, 121, 121, 121, 333, 454, 454, 454, 665, 222,
222, 232, 443, 343, 232, 232, 221, 232, 232, 343, 454, 444, 343, 444, 454, 676,
443, 121, 222, 222, 222, 121, 121, 121, 121, 121, 121, 232, 454, 454, 454, 665,
343, 221, 232, 343, 443, 232, 232, 121, 232, 232, 343, 454, 454, 343, 443, 454,
565, 565, 121, 221, 232, 222, 221, 111, 121, 121, 121, 121, 121, 121, 222, 222,
343, 454, 444, 343, 444, 454, 665, 454, 121, 232, 232, 232, 443, 454, 443, 343,
454, 454, 676, 232, 121, 232, 222, 221, 121, 121, 121, 121, 121, 121, 333, 454,
454, 454, 665, 222, 222, 232, 443, 343, 232, 232, 221, 232, 232, 343, 454, 444,
343, 444, 454, 676, 443, 121, 222, 222, 222, 121, 121, 121, 121, 121, 121, 232,
454, 454, 454, 665, 343, 221, 232, 343, 443, 232, 232, 121, 232, 232, 343, 454,
454, 343, 443, 454, 565, 565, 121, 221, 232, 222, 221, 111, 121, 121, 121, 121,
121, 121, 222, 222, 343, 454, 444, 343, 444, 454, 665, 454, 121, 232, 232, 232,
443, 454, 443, 343, 454, 454, 676, 232, 121, 232, 222, 221, 121, 121, 121, 121,
121, 121, 333, 454, 454, 454, 665, 222, 222, 232, 443, 343, 232, 232, 221, 232,
232, 343, 454, 444, 343, 444, 454, 676, 443, 121, 222, 222, 222, 121, 121, 121,
121, 121, 121, 232, 454, 454, 454, 665, 343, 221, 232, 343, 443, 232, 232, 121,
232, 232, 343, 454, 454, 343, 443, 454, 565, 565, 121, 221, 232, 222, 221, 111,
121, 121, 121, 121, 121, 121, 222, 222, 343, 454, 444, 343, 444, 454, 665, 454,
121, 343, 343, 121, 333, 454, 332, 232, 343, 554, 665, 232, 343, 343, 443, 343,
454, 232, 232, 443, 343, 343, 332, 454, 444, 454, 565, 232, 232, 222, 332, 232,
333, 343, 232, 443, 222, 222, 454, 343, 232, 343, 454, 665, 343, 232, 343, 343,
343, 454, 343, 232, 343, 443, 343, 232, 454, 444, 444, 565, 343, 232, 232, 232,
332, 232, 443, 121, 343, 333, 221, 343, 444, 232, 332, 454, 565, 555, 232, 343,
343, 343, 443, 454, 232, 343, 443, 343, 232, 222, 343, 221, 222, 454, 343, 232,
343, 454, 665, 443, 121, 343, 343, 121, 333, 454, 332, 232, 343, 554, 665, 232,
343, 343, 443, 343, 454, 232, 232, 443, 343, 343, 332, 454, 444, 454, 565, 232,
232, 222, 332, 232, 333, 343, 232, 443, 222, 222, 454, 343, 232, 343, 454, 665,
343, 232, 343, 343, 343, 454, 343, 232, 343, 443, 343, 232, 454, 444, 444, 565,
343, 232, 232, 232, 332, 232, 443, 121, 343, 333, 221, 343, 444, 232, 332, 454,
565, 555, 232, 343, 343, 343, 443, 454, 232, 343, 443, 343, 232, 222, 343, 221,
222, 454, 343, 232, 343, 454, 665, 443, 121, 343, 343, 121, 333, 454, 332, 232,
343, 554, 665, 232, 343, 343, 443, 343, 454, 232, 232, 443, 343, 343, 332, 454,
444, 454, 565, 232, 232, 222, 332, 232, 333, 343, 232, 443, 222, 222, 454, 343,
232, 343, 454, 665, 343, 232, 343, 343, 343, 454, 343, 232, 343, 443, 343, 232,
454, 444, 444, 565, 343, 232, 232, 232, 332, 232, 443, 121, 343, 333, 221, 343,
444, 232, 332, 454, 565, 555, 232, 343, 343, 343, 443, 454, 232, 343, 443, 343,
232, 222, 343, 221, 222, 454, 343, 232, 343, 454, 665, 443, 121, 343, 343, 121,
333, 454, 332, 232, 343, 554, 665, 232, 343, 343, 443, 343, 454, 232, 232, 443,
343, 343, 332, 454, 444, 454, 565, 232, 232, 222, 332, 232, 333, 343, 232, 443,
222, 222, 454, 343, 232, 343, 454, 665, 343, 232, 343, 343, 343, 454, 343, 232,
343, 443, 343, 232, 454, 444, 444, 565, 343, 232, 232, 232, 332, 232, 443, 121,
343, 333, 221, 343, 444, 232, 332, 454, 565, 555, 232, 343, 343, 343, 443, 454,
232, 343, 443, 343, 232, 222, 343, 221, 222, 454, 343, 232, 343, 454, 665, 443,
121, 333, 343, 232, 222, 343, 232, 232, 343, 454, 565, 332, 564, 665, 676, 565,
787, 454, 443, 676, 676, 565, 332, 443, 333, 443, 454, 232, 343, 332, 222, 232,
454, 333, 232, 444, 332, 221, 343, 232, 221, 343, 454, 565, 343, 444, 565, 676,
665, 676, 676, 332, 676, 676, 676, 332, 443, 343, 343, 454, 333, 343, 343, 222,
232, 343, 454, 222, 343, 343, 222, 232, 343, 221, 232, 454, 454, 554, 333, 565,
676, 676, 675, 787, 333, 565, 676, 676, 443, 222, 343, 332, 221, 343, 232, 221,
343, 454, 565, 443, 121, 333, 343, 232, 222, 343, 232, 232, 343, 454, 565, 332,
564, 665, 676, 565, 787, 454, 443, 676, 676, 565, 332, 443, 333, 443, 454, 232,
343, 332, 222, 232, 454, 333, 232, 444, 332, 221, 343, 232, 221, 343, 454, 565,
343, 444, 565, 676, 665, 676, 676, 332, 676, 676, 676, 332, 443, 343, 343, 454,
333, 343, 343, 222, 232, 343, 454, 222, 343, 343, 222, 232, 343, 221, 232, 454,
454, 554, 333, 565, 676, 676, 675, 787, 333, 565, 676, 676, 443, 222, 343, 332,
221, 343, 232, 221, 343, 454, 565, 443, 121, 333, 343, 232, 222, 343, 232, 232,
343, 454, 565, 332, 564, 665, 676, 565, 787, 454, 443, 676, 676, 565, 332, 443,
333, 443, 454, 232, 343, 332, 222, 232, 454, 333, 232, 444, 332, 221, 343, 232,
221, 343, 454, 565, 343, 444, 565, 676, 665, 676, 676, 332, 676, 676, 676, 332,
443, 343, 343, 454, 333, 343, 343, 222, 232, 343, 454, 222, 343, 343, 222, 232,
343, 221, 232, 454, 454, 554, 333, 565, 676, 676, 675, 787, 333, 565, 676, 676,
443, 222, 343, 332, 221, 343, 232, 221, 343, 454, 565, 443, 121, 333, 343, 232,
222, 343, 232, 232, 343, 454, 565, 332, 564, 665, 676, 565, 787, 454, 443, 676,
676, 565, 332, 443, 333, 443, 454, 232, 343, 332, 222, 232, 454, 333, 232, 444,
332, 221, 343, 232, 221, 343, 454, 565, 343, 444, 565, 676, 665, 676, 676, 332,
676, 676, 676, 332, 443, 343, 343, 454, 333, 343, 343, 222, 232, 343, 454, 222,
343, 343, 222, 232, 343, 221, 232, 454, 454, 554, 333, 565, 676, 676, 675, 787,
333, 565, 676, 676, 443, 222, 343, 332, 221, 343, 232, 221, 343, 454, 565, 443,
121, 221, 232, 332, 221, 222, 332, 343, 443, 443, 454, 232, 443, 454, 565, 444,
565, 454, 343, 565, 565, 565, 232, 332, 232, 443, 554, 332, 454, 443, 332, 343,
554, 343, 221, 232, 343, 222, 221, 232, 343, 343, 443, 454, 343, 343, 454, 565,
454, 454, 565, 232, 555, 554, 665, 332, 343, 232, 343, 554, 343, 343, 454, 343,
232, 454, 454, 222, 232, 343, 232, 121, 232, 332, 343, 443, 443, 443, 332, 444,
554, 454, 444, 565, 333, 454, 565, 565, 343, 121, 232, 343, 222, 221, 232, 343,
343, 443, 454, 343, 121, 221, 232, 332, 221, 222, 332, 343, 443, 443, 454, 232,
443, 454, 565, 444, 565, 454, 343, 565, 565, 565, 232, 332, 232, 443, 554, 332,
454, 443, 332, 343, 554, 343, 221, 232, 343, 222, 221, 232, 343, 343, 443, 454,
343, 343, 454, 565, 454, 454, 565, 232, 555, 554, 665, 332, 343, 232, 343, 554,
343, 343, 454, 343, 232, 454, 454, 222, 232, 343, 232, 121, 232, 332, 343, 443,
443, 443, 332, 444, 554, 454, 444, 565, 333, 454, 565, 565, 343, 121, 232, 343,
222, 221, 232, 343, 343, 443, 454, 343, 121, 221, 232, 332, 221, 222, 332, 343,
443, 443, 454, 232, 443, 454, 565, 444, 565, 454, 343, 565, 565, 565, 232, 332,
232, 443, 554, 332, 454, 443, 332, 343, 554, 343, 221, 232, 343, 222, 221, 232,
343, 343, 443, 454, 343, 343, 454, 565, 454, 454, 565, 232, 555, 554, 665, 332,
343, 232, 343, 554, 343, 343, 454, 343, 232, 454, 454, 222, 232, 343, 232, 121,
232, 332, 343, 443, 443, 443, 332, 444, 554, 454, 444, 565, 333, 454, 565, 565,
343, 121, 232, 343, 222, 221, 232, 343, 343, 443, 454, 343, 121, 221, 232, 332,
221, 222, 332, 343, 443, 443, 454, 232, 443, 454, 565, 444, 565, 454, 343, 565,
565, 565, 232, 332, 232, 443, 554, 332, 454, 443, 332, 343, 554, 343, 221, 232,
343, 222, 221, 232, 343, 343, 443, 454, 343, 343, 454, 565, 454, 454, 565, 232,
555, 554, 665, 332, 343, 232, 343, 554, 343, 343, 454, 343, 232, 454, 454, 222,
232, 343, 232, 121, 232, 332, 343, 443, 443, 443, 332, 444, 554, 454, 444, 565,
333, 454, 565, 565, 343, 121, 232, 343, 222, 221, 232, 343, 343, 443, 454, 343,
121, 121, 232, 121, 121, 221, 232, 232, 232, 232, 232, 232, 444, 454, 454, 454,
454, 343, 343, 454, 454, 454, 221, 222, 332, 443, 454, 232, 454, 454, 443, 443,
565, 343, 121, 232, 222, 121, 121, 232, 232, 232, 232, 232, 222, 343, 454, 454,
454, 454, 454, 332, 454, 454, 565, 232, 222, 232, 343, 454, 333, 343, 454, 454,
443, 454, 554, 221, 232, 232, 121, 121, 222, 232, 232, 232, 232, 232, 332, 454,
454, 454, 454, 454, 332, 443, 454, 554, 343, 121, 222, 222, 121, 121, 232, 232,
232, 232, 232, 222, 121, 121, 232, 121, 121, 221, 232, 232, 232, 232, 232, 232,
444, 454, 454, 454, 454, 343, 343, 454, 454, 454, 221, 222, 332, 443, 454, 232,
454, 454, 443, 443, 565, 343, 121, 232, 222, 121, 121, 232, 232, 232, 232, 232,
222, 343, 454, 454, 454, 454, 454, 332, 454, 454, 565, 232, 222, 232, 343, 454,
333, 343, 454, 454, 443, 454, 554, 221, 232, 232, 121, 121, 222, 232, 232, 232,
232, 232, 332, 454, 454, 454, 454, 454, 332, 443, 454, 554, 343, 121, 222, 222,
121, 121, 232, 232, 232, 232, 232, 222, 121, 121, 232, 121, 121, 221, 232, 232,
232, 232, 232, 232, 444, 454, 454, 454, 454, 343, 343, 454, 454, 454, 221, 222,
332, 443, 454, 232, 454, 454, 443, 443, 565, 343, 121, 232, 222, 121, 121, 232,
232, 232, 232, 232, 222, 343, 454, 454, 454, 454, 454, 332, 454, 454, 565, 232,
222, 232, 343, 454, 333, 343, 454, 454, 443, 454, 554, 221, 232, 232, 121, 121,
222, 232, 232, 232, 232, 232, 332, 454, 454, 454, 454, 454, 332, 443, 454, 554,
343, 121, 222, 222, 121, 121, 232, 232, 232, 232, 232, 222, 121, 121, 232, 121,
121, 221, 232, 232, 232, 232, 232, 232, 444, 454, 454, 454, 454, 343, 343, 454,
454, 454, 221, 222, 332, 443, 454, 232, 454, 454, 443, 443, 565, 343, 121, 232,
222, 121, 121, 232, 232, 232, 232, 232, 222, 343, 454, 454, 454, 454, 454, 332,
454, 454, 565, 232, 222, 232, 343, 454, 333, 343, 454, 454, 443, 454, 554, 221,
232, 232, 121, 121, 222, 232, 232, 232, 232, 232, 332, 454, 454, 454, 454, 454,
332, 443, 454, 554, 343, 121, 222, 222, 121, 121, 232, 232, 232, 232, 232, 222,
121, 221, 232, 232, 232, 222, 232, 232, 232, 232, 232, 232, 443, 454, 454, 454,
454, 343, 343, 454, 454, 454, 121, 232, 332, 332, 232, 232, 454, 454, 454, 454,
565, 343, 121, 232, 232, 232, 232, 221, 232, 232, 232, 232, 222, 343, 454, 454,
454, 454, 454, 332, 454, 454, 565, 222, 221, 332, 232, 232, 232, 343, 454, 454,
454, 454, 554, 121, 232, 232, 232, 232, 221, 232, 232, 232, 232, 232, 232, 454,
454, 454, 454, 565, 332, 443, 454, 554, 343, 121, 232, 232, 232, 232, 221, 232,
232, 232, 232, 222, 121, 221, 232, 232, 232, 222, 232, 232, 232, 232, 232, 232,
443, 454, 454, 454, 454, 343, 343, 454, 454, 454, 121, 232, 332, 332, 232, 232,
454, 454, 454, 454, 565, 343, 121, 232, 232, 232, 232, 221, 232, 232, 232, 232,
222, 343, 454, 454, 454, 454, 454, 332, 454, 454, 565, 222, 221, 332, 232, 232,
232, 343, 454, 454, 454, 454, 554, 121, 232, 232, 232, 232, 221, 232, 232, 232,
232, 232, 232, 454, 454, 454, 454, 565, 332, 443, 454, 554, 343, 121, 232, 232,
232, 232, 221, 232, 232, 232, 232, 222, 121, 221, 232, 232, 232, 222, 232, 232,
232, 232, 232, 232, 443, 454, 454, 454, 454, 343, 343, 454, 454, 454, 121, 232,
332, 332, 232, 232, 454, 454, 454, 454, 565, 343, 121, 232, 232, 232, 232, 221,
232, 232, 232, 232, 222, 343, 454, 454, 454, 454, 454, 332, 454, 454, 565, 222,
221, 332, 232, 232, 232, 343, 454, 454, 454, 454, 554, 121, 232, 232, 232, 232,
221, 232, 232, 232, 232, 232, 232, 454, 454, 454, 454, 565, 332, 443, 454, 554,
343, 121, 232, 232, 232, 232, 221, 232, 232, 232, 232, 222, 121, 221, 232, 232,
232, 222, 232, 232, 232, 232, 232, 232, 443, 454, 454, 454, 454, 343, 343, 454,
454, 454, 121, 232, 332, 332, 232, 232, 454, 454, 454, 454, 565, 343, 121, 232,
232, 232, 232, 221, 232, 232, 232, 232, 222, 343, 454, 454, 454, 454, 454, 332,
454, 454, 565, 222, 221, 332, 232, 232, 232, 343, 454, 454, 454, 454, 554, 121,
232, 232, 232, 232, 221, 232, 232, 232, 232, 232, 232, 454, 454, 454, 454, 565,
332, 443, 454, 554, 343, 121, 232, 232, 232, 232, 221, 232, 232, 232, 232, 222,
121, 343, 676, 676, 786, 343, 454, 665, 676, 676, 786, 232, 343, 454, 454, 454,
676, 454, 343, 454, 565, 565, 121, 121, 121, 121, 121, 232, 454, 454, 454, 454,
565, 333, 222, 565, 676, 776, 565, 343, 665, 665, 676, 786, 444, 232, 454, 454,
444, 554, 665, 332, 454, 454, 676, 222, 121, 121, 121, 121, 221, 343, 454, 454,
454, 565, 454, 121, 454, 676, 676, 676, 332, 565, 565, 676, 676, 665, 222, 454,
454, 454, 454, 676, 343, 443, 454, 676, 343, 221, 565, 676, 776, 565, 343, 665,
665, 676, 786, 454, 121, 343, 676, 676, 786, 343, 454, 665, 676, 676, 786, 232,
343, 454, 454, 454, 676, 454, 343, 454, 565, 565, 121, 121, 121, 121, 121, 232,
454, 454, 454, 454, 565, 333, 222, 565, 676, 776, 565, 343, 665, 665, 676, 786,
444, 232, 454, 454, 444, 554, 665, 332, 454, 454, 676, 222, 121, 121, 121, 121,
221, 343, 454, 454, 454, 565, 454, 121, 454, 676, 676, 676, 332, 565, 565, 676,
676, 665, 222, 454, 454, 454, 454, 676, 343, 443, 454, 676, 343, 221, 565, 676,
776, 565, 343, 665, 665, 676, 786, 454, 121, 343, 676, 676, 786, 343, 454, 665,
676, 676, 786, 232, 343, 454, 454, 454, 676, 454, 343, 454, 565, 565, 121, 121,
121, 121, 121, 232, 454, 454, 454, 454, 565, 333, 222, 565, 676, 776, 565, 343,
665, 665, 676, 786, 444, 232, 454, 454, 444, 554, 665, 332, 454, 454, 676, 222,
121, 121, 121, 121, 221, 343, 454, 454, 454, 565, 454, 121, 454, 676, 676, 676,
332, 565, 565, 676, 676, 665, 222, 454, 454, 454, 454, 676, 343, 443, 454, 676,
343, 221, 565, 676, 776, 565, 343, 665, 665, 676, 786, 454, 121, 343, 676, 676,
786, 343, 454, 665, 676, 676, 786, 232, 343, 454, 454, 454, 676, 454, 343, 454,
565, 565, 121, 121, 121, 121, 121, 232, 454, 454, 454, 454, 565, 333, 222, 565,
676, 776, 565, 343, 665, 665, 676, 786, 444, 232, 454, 454, 444, 554, 665, 332,
454, 454, 676, 222, 121, 121, 121, 121, 221, 343, 454, 454, 454, 565, 454, 121,
454, 676, 676, 676, 332, 565, 565, 676, 676, 665, 222, 454, 454, 454, 454, 676,
343, 443, 454, 676, 343, 221, 565, 676, 776, 565, 343, 665, 665, 676, 786, 454,
121, 343, 554, 565, 565, 343, 343, 454, 565, 565, 565, 232, 343, 454, 454, 454,
676, 454, 343, 454, 565, 565, 121, 221, 121, 121, 121, 232, 454, 454, 454, 454,
565, 333, 232, 454, 565, 565, 454, 332, 454, 454, 565, 565, 343, 232, 454, 454,
454, 565, 675, 232, 454, 454, 676, 222, 121, 221, 121, 121, 221, 343, 454, 454,
454, 565, 454, 221, 443, 565, 565, 565, 232, 454, 454, 565, 565, 554, 222, 444,
454, 454, 454, 676, 333, 343, 454, 676, 343, 232, 454, 565, 565, 454, 332, 454,
454, 565, 565, 443, 121, 343, 554, 565, 565, 343, 343, 454, 565, 565, 565, 232,
343, 454, 454, 454, 676, 454, 343, 454, 565, 565, 121, 221, 121, 121, 121, 232,
454, 454, 454, 454, 565, 333, 232, 454, 565, 565, 454, 332, 454, 454, 565, 565,
343, 232, 454, 454, 454, 565, 675, 232, 454, 454, 676, 222, 121, 221, 121, 121,
221, 343, 454, 454, 454, 565, 454, 221, 443, 565, 565, 565, 232, 454, 454, 565,
565, 554, 222, 444, 454, 454, 454, 676, 333, 343, 454, 676, 343, 232, 454, 565,
565, 454, 332, 454, 454, 565, 565, 443, 121, 343, 554, 565, 565, 343, 343, 454,
565, 565, 565, 232, 343, 454, 454, 454, 676, 454, 343, 454, 565, 565, 121, 221,
121, 121, 121, 232, 454, 454, 454, 454, 565, 333, 232, 454, 565, 565, 454, 332,
454, 454, 565, 565, 343, 232, 454, 454, 454, 565, 675, 232, 454, 454, 676, 222,
121, 221, 121, 121, 221, 343, 454, 454, 454, 565, 454, 221, 443, 565, 565, 565,
232, 454, 454, 565, 565, 554, 222, 444, 454, 454, 454, 676, 333, 343, 454, 676,
343, 232, 454, 565, 565, 454, 332, 454, 454, 565, 565, 443, 121, 343, 554, 565,
565, 343, 343, 454, 565, 565, 565, 232, 343, 454, 454, 454, 676, 454, 343, 454,
565, 565, 121, 221, 121, 121, 121, 232, 454, 454, 454, 454, 565, 333, 232, 454,
565, 565, 454, 332, 454, 454, 565, 565, 343, 232, 454, 454, 454, 565, 675, 232,
454, 454, 676, 222, 121, 221, 121, 121, 221, 343, 454, 454, 454, 565, 454, 221,
443, 565, 565, 565, 232, 454, 454, 565, 565, 554, 222, 444, 454, 454, 454, 676,
333, 343, 454, 676, 343, 232, 454, 565, 565, 454, 332, 454, 454, 565, 565, 443,
121, 343, 454, 454, 454, 343, 333, 454, 454, 454, 554, 232, 222, 443, 454, 454,
565, 343, 232, 444, 555, 454, 121, 343, 232, 232, 121, 232, 444, 454, 454, 454,
665, 343, 232, 454, 454, 454, 454, 232, 443, 454, 454, 454, 343, 121, 343, 454,
454, 565, 454, 221, 343, 454, 565, 222, 232, 343, 222, 221, 121, 343, 454, 454,
454, 565, 565, 221, 443, 454, 454, 454, 232, 343, 454, 454, 454, 454, 121, 232,
454, 454, 454, 565, 232, 332, 454, 565, 343, 232, 454, 454, 454, 454, 232, 443,
454, 454, 454, 343, 121, 343, 454, 454, 454, 343, 333, 454, 454, 454, 554, 232,
222, 443, 454, 454, 565, 343, 232, 444, 555, 454, 121, 343, 232, 232, 121, 232,
444, 454, 454, 454, 665, 343, 232, 454, 454, 454, 454, 232, 443, 454, 454, 454,
343, 121, 343, 454, 454, 565, 454, 221, 343, 454, 565, 222, 232, 343, 222, 221,
121, 343, 454, 454, 454, 565, 565, 221, 443, 454, 454, 454, 232, 343, 454, 454,
454, 454, 121, 232, 454, 454, 454, 565, 232, 332, 454, 565, 343, 232, 454, 454,
454, 454, 232, 443, 454, 454, 454, 343, 121, 343, 454, 454, 454, 343, 333, 454,
454, 454, 554, 232, 222, 443, 454, 454, 565, 343, 232, 444, 555, 454, 121, 343,
232, 232, 121, 232, 444, 454, 454, 454, 665, 343, 232, 454, 454, 454, 454, 232,
443, 454, 454, 454, 343, 121, 343, 454, 454, 565, 454, 221, 343, 454, 565, 222,
232, 343, 222, 221, 121, 343, 454, 454, 454, 565, 565, 221, 443, 454, 454, 454,
232, 343, 454, 454, 454, 454, 121, 232, 454, 454, 454, 565, 232, 332, 454, 565,
343, 232, 454, 454, 454, 454, 232, 443, 454, 454, 454, 343, 121, 343, 454, 454,
454, 343, 333, 454, 454, 454, 554, 232, 222, 443, 454, 454, 565, 343, 232, 444,
555, 454, 121, 343, 232, 232, 121, 232, 444, 454, 454, 454, 665, 343, 232, 454,
454, 454, 454, 232, 443, 454, 454, 454, 343, 121, 343, 454, 454, 565, 454, 221,
343, 454, 565, 222, 232, 343, 222, 221, 121, 343, 454, 454, 454, 565, 565, 221,
443, 454, 454, 454, 232, 343, 454, 454, 454, 454, 121, 232, 454, 454, 454, 565,
232, 332, 454, 565, 343, 232, 454, 454, 454, 454, 232, 443, 454, 454, 454, 343,
232, 444, 454, 454, 454, 343, 232, 343, 454, 444, 454, 232, 121, 333, 443, 443,
343, 232, 121, 343, 454, 454, 222, 343, 343, 332, 222, 121, 343, 454, 454, 454,
554, 343, 343, 454, 454, 454, 454, 232, 332, 443, 454, 454, 343, 121, 232, 343,
444, 443, 343, 121, 232, 454, 554, 222, 343, 343, 343, 232, 121, 232, 454, 454,
454, 454, 454, 332, 454, 454, 454, 454, 232, 232, 343, 454, 454, 454, 121, 221,
343, 443, 343, 343, 221, 222, 443, 454, 343, 343, 454, 454, 454, 454, 232, 232,
443, 454, 454, 343, 232, 444, 454, 454, 454, 343, 232, 343, 454, 444, 454, 232,
121, 333, 443, 443, 343, 232, 121, 343, 454, 454, 222, 343, 343, 332, 222, 121,
343, 454, 454, 454, 554, 343, 343, 454, 454, 454, 454, 232, 332, 443, 454, 454,
343, 121, 232, 343, 444, 443, 343, 121, 232, 454, 554, 222, 343, 343, 343, 232,
121, 232, 454, 454, 454, 454, 454, 332, 454, 454, 454, 454, 232, 232, 343, 454,
454, 454, 121, 221, 343, 443, 343, 343, 221, 222, 443, 454, 343, 343, 454, 454,
454, 454, 232, 232, 443, 454, 454, 343, 232, 444, 454, 454, 454, 343, 232, 343,
454, 444, 454, 232, 121, 333, 443, 443, 343, 232, 121, 343, 454, 454, 222, 343,
343, 332, 222, 121, 343, 454, 454, 454, 554, 343, 343, 454, 454, 454, 454, 232,
332, 443, 454, 454, 343, 121, 232, 343, 444, 443, 343, 121, 232, 454, 554, 222,
343, 343, 343, 232, 121, 232, 454, 454, 454, 454, 454, 332, 454, 454, 454, 454,
232, 232, 343, 454, 454, 454, 121, 221, 343, 443, 343, 343, 221, 222, 443, 454,
343, 343, 454, 454, 454, 454, 232, 232, 443, 454, 454, 343, 232, 444, 454, 454,
454, 343, 232, 343, 454, 444, 454, 232, 121, 333, 443, 443, 343, 232, 121, 343,
454, 454, 222, 343, 343, 332, 222, 121, 343, 454, 454, 454, 554, 343, 343, 454,
454, 454, 454, 232, 332, 443, 454, 454, 343, 121, 232, 343, 444, 443, 343, 121,
232, 454, 554, 222, 343, 343, 343, 232, 121, 232, 454, 454, 454, 454, 454, 332,
454, 454, 454, 454, 232, 232, 343, 454, 454, 454, 121, 221, 343, 443, 343, 343,
221, 222, 443, 454, 343, 343, 454, 454, 454, 454, 232, 232, 443, 454, 454, 343,
232, 454, 454, 454, 565, 343, 232, 221, 343, 343, 343, 221, 121, 222, 232, 232,
333, 232, 121, 343, 454, 454, 121, 232, 232, 343, 232, 121, 343, 454, 454, 454,
565, 343, 343, 454, 454, 454, 454, 232, 222, 232, 343, 343, 232, 121, 121, 222,
232, 332, 332, 121, 232, 454, 454, 222, 232, 232, 343, 332, 121, 232, 454, 454,
454, 554, 454, 332, 454, 454, 454, 565, 332, 232, 232, 343, 343, 332, 121, 121,
121, 332, 333, 343, 221, 221, 443, 454, 343, 343, 454, 454, 454, 554, 232, 221,
232, 343, 343, 232, 232, 454, 454, 454, 565, 343, 232, 221, 343, 343, 343, 221,
121, 222, 232, 232, 333, 232, 121, 343, 454, 454, 121, 232, 232, 343, 232, 121,
343, 454, 454, 454, 565, 343, 343, 454, 454, 454, 454, 232, 222, 232, 343, 343,
232, 121, 121, 222, 232, 332, 332, 121, 232, 454, 454, 222, 232, 232, 343, 332,
121, 232, 454, 454, 454, 554, 454, 332, 454, 454, 454, 565, 332, 232, 232, 343,
343, 332, 121, 121, 121, 332, 333, 343, 221, 221, 443, 454, 343, 343, 454, 454,
454, 554, 232, 221, 232, 343, 343, 232, 232, 454, 454, 454, 565, 343, 232, 221,
343, 343, 343, 221, 121, 222, 232, 232, 333, 232, 121, 343, 454, 454, 121, 232,
232, 343, 232, 121, 343, 454, 454, 454, 565, 343, 343, 454, 454, 454, 454, 232,
222, 232, 343, 343, 232, 121, 121, 222, 232, 332, 332, 121, 232, 454, 454, 222,
232, 232, 343, 332, 121, 232, 454, 454, 454, 554, 454, 332, 454, 454, 454, 565,
332, 232, 232, 343, 343, 332, 121, 121, 121, 332, 333, 343, 221, 221, 443, 454,
343, 343, 454, 454, 454, 554, 232, 221, 232, 343, 343, 232, 232, 454, 454, 454,
565, 343, 232, 221, 343, 343, 343, 221, 121, 222, 232, 232, 333, 232, 121, 343,
454, 454, 121, 232, 232, 343, 232, 121, 343, 454, 454, 454, 565, 343, 343, 454,
454, 454, 454, 232, 222, 232, 343, 343, 232, 121, 121, 222, 232, 332, 332, 121,
232, 454, 454, 222, 232, 232, 343, 332, 121, 232, 454, 454, 454, 554, 454, 332,
454, 454, 454, 565, 332, 232, 232, 343, 343, 332, 121, 121, 121, 332, 333, 343,
221, 221, 443, 454, 343, 343, 454, 454, 454, 554, 232, 221, 232, 343, 343, 232,
232, 444, 454, 454, 565, 343, 121, 121, 121, 221, 121, 121, 222, 222, 222, 121,
232, 232, 222, 232, 454, 554, 121, 121, 221, 232, 232, 121, 232, 343, 444, 454,
554, 343, 343, 454, 454, 565, 554, 121, 121, 121, 221, 221, 121, 121, 221, 222,
222, 222, 332, 221, 232, 343, 565, 232, 121, 121, 232, 332, 221, 221, 343, 443,
454, 454, 454, 332, 454, 454, 554, 565, 232, 121, 121, 121, 221, 121, 121, 121,
121, 222, 232, 332, 221, 232, 333, 555, 443, 343, 454, 454, 565, 554, 121, 121,
121, 221, 221, 121, 232, 444, 454, 454, 565, 343, 121, 121, 121, 221, 121, 121,
222, 222, 222, 121, 232, 232, 222, 232, 454, 554, 121, 121, 221, 232, 232, 121,
232, 343, 444, 454, 554, 343, 343, 454, 454, 565, 554, 121, 121, 121, 221, 221,
121, 121, 221, 222, 222, 222, 332, 221, 232, 343, 565, 232, 121, 121, 232, 332,
221, 221, 343, 443, 454, 454, 454, 332, 454, 454, 554, 565, 232, 121, 121, 121,
221, 121, 121, 121, 121, 222, 232, 332, 221, 232, 333, 555, 443, 343, 454, 454,
565, 554, 121, 121, 121, 221, 221, 121, 232, 444, 454, 454, 565, 343, 121, 121,
121, 221, 121, 121, 222, 222, 222, 121, 232, 232, 222, 232, 454, 554, 121, 121,
221, 232, 232, 121, 232, 343, 444, 454, 554, 343, 343, 454, 454, 565, 554, 121,
121, 121, 221, 221, 121, 121, 221, 222, 222, 222, 332, 221, 232, 343, 565, 232,
121, 121, 232, 332, 221, 221, 343, 443, 454, 454, 454, 332, 454, 454, 554, 565,
232, 121, 121, 121, 221, 121, 121, 121, 121, 222, 232, 332, 221, 232, 333, 555,
443, 343, 454, 454, 565, 554, 121, 121, 121, 221, 221, 121, 232, 444, 454, 454,
565, 343, 121, 121, 121, 221, 121, 121, 222, 222, 222, 121, 232, 232, 222, 232,
454, 554, 121, 121, 221, 232, 232, 121, 232, 343, 444, 454, 554, 343, 343, 454,
454, 565, 554, 121, 121, 121, 221, 221, 121, 121, 221, 222, 222, 222, 332, 221,
232, 343, 565, 232, 121, 121, 232, 332, 221, 221, 343, 443, 454, 454, 454, 332,
454, 454, 554, 565, 232, 121, 121, 121, 221, 121, 121, 121, 121, 222, 232, 332,
221, 232, 333, 555, 443, 343, 454, 454, 565, 554, 121, 121, 121, 221, 221, 121,
232, 444, 454, 454, 676, 343, 444, 565, 676, 565, 665, 232, 232, 343, 232, 121,
221, 221, 343, 232, 343, 565, 121, 121, 121, 121, 121, 121, 232, 332, 343, 454,
454, 343, 343, 454, 454, 565, 565, 333, 565, 665, 665, 665, 343, 121, 332, 343,
221, 121, 221, 232, 332, 232, 565, 232, 121, 121, 121, 121, 121, 221, 332, 332,
454, 454, 454, 332, 454, 454, 554, 676, 232, 554, 565, 676, 565, 565, 121, 232,
332, 232, 221, 221, 222, 343, 232, 454, 443, 343, 454, 454, 565, 565, 332, 565,
665, 666, 665, 444, 232, 444, 454, 454, 676, 343, 444, 565, 676, 565, 665, 232,
232, 343, 232, 121, 221, 221, 343, 232, 343, 565, 121, 121, 121, 121, 121, 121,
232, 332, 343, 454, 454, 343, 343, 454, 454, 565, 565, 333, 565, 665, 665, 665,
343, 121, 332, 343, 221, 121, 221, 232, 332, 232, 565, 232, 121, 121, 121, 121,
121, 221, 332, 332, 454, 454, 454, 332, 454, 454, 554, 676, 232, 554, 565, 676,
565, 565, 121, 232, 332, 232, 221, 221, 222, 343, 232, 454, 443, 343, 454, 454,
565, 565, 332, 565, 665, 666, 665, 444, 232, 444, 454, 454, 676, 343, 444, 565,
676, 565, 665, 232, 232, 343, 232, 121, 221, 221, 343, 232, 343, 565, 121, 121,
121, 121, 121, 121, 232, 332, 343, 454, 454, 343, 343, 454, 454, 565, 565, 333,
565, 665, 665, 665, 343, 121, 332, 343, 221, 121, 221, 232, 332, 232, 565, 232,
121, 121, 121, 121, 121, 221, 332, 332, 454, 454, 454, 332, 454, 454, 554, 676,
232, 554, 565, 676, 565, 565, 121, 232, 332, 232, 221, 221, 222, 343, 232, 454,
443, 343, 454, 454, 565, 565, 332, 565, 665, 666, 665, 444, 232, 444, 454, 454,
676, 343, 444, 565, 676, 565, 665, 232, 232, 343, 232, 121, 221, 221, 343, 232,
343, 565, 121, 121, 121, 121, 121, 121, 232, 332, 343, 454, 454, 343, 343, 454,
454, 565, 565, 333, 565, 665, 665, 665, 343, 121, 332, 343, 221, 121, 221, 232,
332, 232, 565, 232, 121, 121, 121, 121, 121, 221, 332, 332, 454, 454, 454, 332,
454, 454, 554, 676, 232, 554, 565, 676, 565, 565, 121, 232, 332, 232, 221, 221,
222, 343, 232, 454, 443, 343, 454, 454, 565, 565, 332, 565, 665, 666, 665, 444,
232, 444, 454, 454, 676, 343, 443, 565, 787, 565, 676, 333, 332, 343, 232, 232,
221, 121, 343, 343, 443, 454, 332, 554, 555, 565, 565, 222, 221, 232, 343, 343,
343, 232, 343, 454, 444, 565, 565, 343, 565, 786, 675, 676, 454, 232, 443, 333,
332, 232, 121, 332, 443, 343, 554, 232, 454, 554, 565, 565, 333, 121, 222, 332,
343, 343, 333, 332, 454, 454, 454, 676, 332, 454, 676, 676, 565, 675, 121, 343,
343, 343, 232, 121, 222, 443, 343, 454, 343, 343, 454, 454, 565, 565, 333, 565,
776, 675, 676, 454, 232, 444, 454, 454, 676, 343, 443, 565, 787, 565, 676, 333,
332, 343, 232, 232, 221, 121, 343, 343, 443, 454, 332, 554, 555, 565, 565, 222,
221, 232, 343, 343, 343, 232, 343, 454, 444, 565, 565, 343, 565, 786, 675, 676,
454, 232, 443, 333, 332, 232, 121, 332, 443, 343, 554, 232, 454, 554, 565, 565,
333, 121, 222, 332, 343, 343, 333, 332, 454, 454, 454, 676, 332, 454, 676, 676,
565, 675, 121, 343, 343, 343, 232, 121, 222, 443, 343, 454, 343, 343, 454, 454,
565, 565, 333, 565, 776, 675, 676, 454, 232, 444, 454, 454, 676, 343, 443, 565,
787, 565, 676, 333, 332, 343, 232, 232, 221, 121, 343, 343, 443, 454, 332, 554,
555, 565, 565, 222, 221, 232, 343, 343, 343, 232, 343, 454, 444, 565, 565, 343,
565, 786, 675, 676, 454, 232, 443, 333, 332, 232, 121, 332, 443, 343, 554, 232,
454, 554, 565, 565, 333, 121, 222, 332, 343, 343, 333, 332, 454, 454, 454, 676,
332, 454, 676, 676, 565, 675, 121, 343, 343, 343, 232, 121, 222, 443, 343, 454,
343, 343, 454, 454, 565, 565, 333, 565, 776, 675, 676, 454, 232, 444, 454, 454,
676, 343, 443, 565, 787, 565, 676, 333, 332, 343, 232, 232, 221, 121, 343, 343,
443, 454, 332, 554, 555, 565, 565, 222, 221, 232, 343, 343, 343, 232, 343, 454,
444, 565, 565, 343, 565, 786, 675, 676, 454, 232, 443, 333, 332, 232, 121, 332,
443, 343, 554, 232, 454, 554, 565, 565, 333, 121, 222, 332, 343, 343, 333, 332,
454, 454, 454, 676, 332, 454, 676, 676, 565, 675, 121, 343, 343, 343, 232, 121,
222, 443, 343, 454, 343, 343, 454, 454, 565, 565, 333, 565, 776, 675, 676, 454,
232, 444, 454, 454, 565, 343, 343, 454, 554, 454, 565, 332, 332, 232, 343, 343,
332, 222, 343, 454, 454, 454, 332, 454, 565, 676, 565, 232, 221, 121, 221, 221,
221, 221, 343, 454, 454, 454, 454, 332, 454, 554, 454, 554, 443, 232, 332, 343,
343, 332, 232, 232, 454, 444, 565, 332, 454, 554, 676, 676, 343, 111, 121, 221,
221, 221, 121, 333, 454, 454, 454, 565, 332, 444, 454, 454, 454, 554, 221, 232,
343, 343, 332, 232, 232, 444, 444, 554, 343, 343, 454, 454, 454, 454, 332, 454,
554, 454, 454, 444, 232, 444, 454, 454, 565, 343, 343, 454, 554, 454, 565, 332,
332, 232, 343, 343, 332, 222, 343, 454, 454, 454, 332, 454, 565, 676, 565, 232,
221, 121, 221, 221, 221, 221, 343, 454, 454, 454, 454, 332, 454, 554, 454, 554,
443, 232, 332, 343, 343, 332, 232, 232, 454, 444, 565, 332, 454, 554, 676, 676,
343, 111, 121, 221, 221, 221, 121, 333, 454, 454, 454, 565, 332, 444, 454, 454,
454, 554, 221, 232, 343, 343, 332, 232, 232, 444, 444, 554, 343, 343, 454, 454,
454, 454, 332, 454, 554, 454, 454, 444, 232, 444, 454, 454, 565, 343, 343, 454,
554, 454, 565, 332, 332, 232, 343, 343, 332, 222, 343, 454, 454, 454, 332, 454,
565, 676, 565, 232, 221, 121, 221, 221, 221, 221, 343, 454, 454, 454, 454, 332,
454, 554, 454, 554, 443, 232, 332, 343, 343, 332, 232, 232, 454, 444, 565, 332,
454, 554, 676, 676, 343, 111, 121, 221, 221, 221, 121, 333, 454, 454, 454, 565,
332, 444, 454, 454, 454, 554, 221, 232, 343, 343, 332, 232, 232, 444, 444, 554,
343, 343, 454, 454, 454, 454, 332, 454, 554, 454, 454, 444, 232, 444, 454, 454,
565, 343, 343, 454, 554, 454, 565, 332, 332, 232, 343, 343, 332, 222, 343, 454,
454, 454, 332, 454, 565, 676, 565, 232, 221, 121, 221, 221, 221, 221, 343, 454,
454, 454, 454, 332, 454, 554, 454, 554, 443, 232, 332, 343, 343, 332, 232, 232,
454, 444, 565, 332, 454, 554, 676, 676, 343, 111, 121, 221, 221, 221, 121, 333,
454, 454, 454, 565, 332, 444, 454, 454, 454, 554, 221, 232, 343, 343, 332, 232,
232, 444, 444, 554, 343, 343, 454, 454, 454, 454, 332, 454, 554, 454, 454, 444,
232, 454, 454, 454, 454, 343, 343, 454, 444, 444, 565, 232, 232, 332, 332, 343,
333, 222, 343, 454, 454, 454, 232, 232, 443, 454, 454, 332, 454, 555, 555, 454,
554, 333, 343, 454, 454, 454, 444, 333, 454, 444, 444, 454, 454, 222, 332, 333,
232, 343, 232, 332, 454, 454, 555, 332, 222, 343, 454, 554, 343, 343, 454, 554,
454, 454, 443, 332, 454, 454, 454, 454, 332, 454, 454, 454, 454, 554, 222, 332,
343, 232, 343, 232, 232, 444, 454, 454, 343, 343, 454, 454, 454, 444, 333, 454,
454, 444, 454, 454, 232, 454, 454, 454, 454, 343, 343, 454, 444, 444, 565, 232,
232, 332, 332, 343, 333, 222, 343, 454, 454, 454, 232, 232, 443, 454, 454, 332,
454, 555, 555, 454, 554, 333, 343, 454, 454, 454, 444, 333, 454, 444, 444, 454,
454, 222, 332, 333, 232, 343, 232, 332, 454, 454, 555, 332, 222, 343, 454, 554,
343, 343, 454, 554, 454, 454, 443, 332, 454, 454, 454, 454, 332, 454, 454, 454,
454, 554, 222, 332, 343, 232, 343, 232, 232, 444, 454, 454, 343, 343, 454, 454,
454, 444, 333, 454, 454, 444, 454, 454, 232, 454, 454, 454, 454, 343, 343, 454,
444, 444, 565, 232, 232, 332, 332, 343, 333, 222, 343, 454, 454, 454, 232, 232,
443, 454, 454, 332, 454, 555, 555, 454, 554, 333, 343, 454, 454, 454, 444, 333,
454, 444, 444, 454, 454, 222, 332, 333, 232, 343, 232, 332, 454, 454, 555, 332,
222, 343, 454, 554, 343, 343, 454, 554, 454, 454, 443, 332, 454, 454, 454, 454,
332, 454, 454, 454, 454, 554, 222, 332, 343, 232, 343, 232, 232, 444, 454, 454,
343, 343, 454, 454, 454, 444, 333, 454, 454, 444, 454, 454, 232, 454, 454, 454,
454, 343, 343, 454, 444, 444, 565, 232, 232, 332, 332, 343, 333, 222, 343, 454,
454, 454, 232, 232, 443, 454, 454, 332, 454, 555, 555, 454, 554, 333, 343, 454,
454, 454, 444, 333, 454, 444, 444, 454, 454, 222, 332, 333, 232, 343, 232, 332,
454, 454, 555, 332, 222, 343, 454, 554, 343, 343, 454, 554, 454, 454, 443, 332,
454, 454, 454, 454, 332, 454, 454, 454, 454, 554, 222, 332, 343, 232, 343, 232,
232, 444, 454, 454, 343, 343, 454, 454, 454, 444, 333, 454, 454, 444, 454, 454,
222, 343, 454, 454, 565, 343, 333, 454, 454, 454, 676, 232, 121, 232, 121, 232,
232, 121, 332, 454, 454, 454, 221, 232, 443, 444, 565, 343, 565, 676, 665, 665,
787, 343, 332, 454, 454, 454, 454, 232, 454, 454, 454, 565, 454, 221, 232, 221,
222, 332, 121, 232, 443, 454, 565, 232, 232, 343, 454, 454, 343, 454, 676, 676,
565, 786, 565, 232, 454, 454, 454, 565, 232, 343, 454, 454, 454, 565, 222, 232,
232, 121, 332, 222, 121, 343, 454, 565, 343, 332, 454, 454, 454, 454, 232, 454,
454, 454, 565, 454, 222, 343, 454, 454, 565, 343, 333, 454, 454, 454, 676, 232,
121, 232, 121, 232, 232, 121, 332, 454, 454, 454, 221, 232, 443, 444, 565, 343,
565, 676, 665, 665, 787, 343, 332, 454, 454, 454, 454, 232, 454, 454, 454, 565,
454, 221, 232, 221, 222, 332, 121, 232, 443, 454, 565, 232, 232, 343, 454, 454,
343, 454, 676, 676, 565, 786, 565, 232, 454, 454, 454, 565, 232, 343, 454, 454,
454, 565, 222, 232, 232, 121, 332, 222, 121, 343, 454, 565, 343, 332, 454, 454,
454, 454, 232, 454, 454, 454, 565, 454, 222, 343, 454, 454, 565, 343, 333, 454,
454, 454, 676, 232, 121, 232, 121, 232, 232, 121, 332, 454, 454, 454, 221, 232,
443, 444, 565, 343, 565, 676, 665, 665, 787, 343, 332, 454, 454, 454, 454, 232,
454, 454, 454, 565, 454, 221, 232, 221, 222, 332, 121, 232, 443, 454, 565, 232,
232, 343, 454, 454, 343, 454, 676, 676, 565, 786, 565, 232, 454, 454, 454, 565,
232, 343, 454, 454, 454, 565, 222, 232, 232, 121, 332, 222, 121, 343, 454, 565,
343, 332, 454, 454, 454, 454, 232, 454, 454, 454, 565, 454, 222, 343, 454, 454,
565, 343, 333, 454, 454, 454, 676, 232, 121, 232, 121, 232, 232, 121, 332, 454,
454, 454, 221, 232, 443, 444, 565, 343, 565, 676, 665, 665, 787, 343, 332, 454,
454, 454, 454, 232, 454, 454, 454, 565, 454, 221, 232, 221, 222, 332, 121, 232,
443, 454, 565, 232, 232, 343, 454, 454, 343, 454, 676, 676, 565, 786, 565, 232,
454, 454, 454, 565, 232, 343, 454, 454, 454, 565, 222, 232, 232, 121, 332, 222,
121, 343, 454, 565, 343, 332, 454, 454, 454, 454, 232, 454, 454, 454, 565, 454,
121, 343, 454, 454, 676, 343, 232, 454, 454, 454, 776, 232, 121, 121, 121, 121,
121, 121, 332, 454, 565, 454, 221, 343, 454, 454, 665, 343, 454, 565, 454, 454,
565, 332, 232, 454, 444, 565, 565, 221, 444, 454, 444, 676, 444, 121, 121, 121,
121, 121, 121, 232, 443, 454, 565, 222, 332, 454, 454, 565, 443, 454, 565, 555,
454, 565, 454, 221, 443, 454, 454, 676, 222, 343, 454, 444, 565, 665, 222, 221,
121, 121, 121, 121, 221, 343, 454, 565, 343, 232, 454, 444, 565, 565, 221, 444,
454, 444, 665, 454, 121, 343, 454, 454, 676, 343, 232, 454, 454, 454, 776, 232,
121, 121, 121, 121, 121, 121, 332, 454, 565, 454, 221, 343, 454, 454, 665, 343,
454, 565, 454, 454, 565, 332, 232, 454, 444, 565, 565, 221, 444, 454, 444, 676,
444, 121, 121, 121, 121, 121, 121, 232, 443, 454, 565, 222, 332, 454, 454, 565,
443, 454, 565, 555, 454, 565, 454, 221, 443, 454, 454, 676, 222, 343, 454, 444,
565, 665, 222, 221, 121, 121, 121, 121, 221, 343, 454, 565, 343, 232, 454, 444,
565, 565, 221, 444, 454, 444, 665, 454, 121, 343, 454, 454, 676, 343, 232, 454,
454, 454, 776, 232, 121, 121, 121, 121, 121, 121, 332, 454, 565, 454, 221, 343,
454, 454, 665, 343, 454, 565, 454, 454, 565, 332, 232, 454, 444, 565, 565, 221,
444, 454, 444, 676, 444, 121, 121, 121, 121, 121, 121, 232, 443, 454, 565, 222,
332, 454, 454, 565, 443, 454, 565, 555, 454, 565, 454, 221, 443, 454, 454, 676,
222, 343, 454, 444, 565, 665, 222, 221, 121, 121, 121, 121, 221, 343, 454, 565,
343, 232, 454, 444, 565, 565, 221, 444, 454, 444, 665, 454, 121, 343, 454, 454,
676, 343, 232, 454, 454, 454, 776, 232, 121, 121, 121, 121, 121, 121, 332, 454,
565, 454, 221, 343, 454, 454, 665, 343, 454, 565, 454, 454, 565, 332, 232, 454,
444, 565, 565, 221, 444, 454, 444, 676, 444, 121, 121, 121, 121, 121, 121, 232,
443, 454, 565, 222, 332, 454, 454, 565, 443, 454, 565, 555, 454, 565, 454, 221,
443, 454, 454, 676, 222, 343, 454, 444, 565, 665, 222, 221, 121, 121, 121, 121,
221, 343, 454, 565, 343, 232, 454, 444, 565, 565, 221, 444, 454, 444, 665, 454,
121, 343, 454, 454, 676, 343, 222, 444, 454, 454, 676, 232, 333, 343, 343, 443,
443, 232, 332, 454, 565, 454, 232, 444, 454, 454, 676, 343, 444, 454, 454, 444,
565, 343, 232, 454, 454, 565, 565, 121, 343, 454, 444, 665, 443, 232, 343, 343,
443, 443, 343, 232, 444, 454, 565, 232, 343, 454, 454, 676, 443, 443, 454, 454,
454, 454, 454, 221, 443, 454, 454, 676, 222, 332, 454, 454, 554, 565, 232, 343,
343, 443, 443, 443, 232, 343, 454, 565, 343, 232, 454, 454, 565, 565, 222, 343,
454, 454, 565, 443, 121, 343, 454, 454, 676, 343, 222, 444, 454, 454, 676, 232,
333, 343, 343, 443, 443, 232, 332, 454, 565, 454, 232, 444, 454, 454, 676, 343,
444, 454, 454, 444, 565, 343, 232, 454, 454, 565, 565, 121, 343, 454, 444, 665,
443, 232, 343, 343, 443, 443, 343, 232, 444, 454, 565, 232, 343, 454, 454, 676,
443, 443, 454, 454, 454, 454, 454, 221, 443, 454, 454, 676, 222, 332, 454, 454,
554, 565, 232, 343, 343, 443, 443, 443, 232, 343, 454, 565, 343, 232, 454, 454,
565, 565, 222, 343, 454, 454, 565, 443, 121, 343, 454, 454, 676, 343, 222, 444,
454, 454, 676, 232, 333, 343, 343, 443, 443, 232, 332, 454, 565, 454, 232, 444,
454, 454, 676, 343, 444, 454, 454, 444, 565, 343, 232, 454, 454, 565, 565, 121,
343, 454, 444, 665, 443, 232, 343, 343, 443, 443, 343, 232, 444, 454, 565, 232,
343, 454, 454, 676, 443, 443, 454, 454, 454, 454, 454, 221, 443, 454, 454, 676,
222, 332, 454, 454, 554, 565, 232, 343, 343, 443, 443, 443, 232, 343, 454, 565,
343, 232, 454, 454, 565, 565, 222, 343, 454, 454, 565, 443, 121, 343, 454, 454,
676, 343, 222, 444, 454, 454, 676, 232, 333, 343, 343, 443, 443, 232, 332, 454,
565, 454, 232, 444, 454, 454, 676, 343, 444, 454, 454, 444, 565, 343, 232, 454,
454, 565, 565, 121, 343, 454, 444, 665, 443, 232, 343, 343, 443, 443, 343, 232,
444, 454, 565, 232, 343, 454, 454, 676, 443, 443, 454, 454, 454, 454, 454, 221,
443, 454, 454, 676, 222, 332, 454, 454, 554, 565, 232, 343, 343, 443, 443, 443,
232, 343, 454, 565, 343, 232, 454, 454, 565, 565, 222, 343, 454, 454, 565, 443,
121, 332, 454, 444, 565, 343, 121, 343, 454, 454, 554, 332, 554, 676, 676, 676,
676, 454, 222, 454, 565, 454, 332, 454, 454, 565, 665, 232, 343, 454, 454, 454,
565, 343, 222, 444, 454, 454, 454, 121, 332, 454, 454, 554, 443, 443, 565, 676,
676, 676, 565, 121, 343, 454, 565, 332, 444, 454, 454, 676, 343, 343, 454, 454,
454, 554, 565, 121, 343, 454, 454, 565, 222, 222, 454, 454, 454, 454, 343, 565,
676, 676, 676, 676, 232, 332, 454, 565, 343, 222, 444, 454, 454, 554, 222, 343,
454, 454, 454, 343, 121, 332, 454, 444, 565, 343, 121, 343, 454, 454, 554, 332,
554, 676, 676, 676, 676, 454, 222, 454, 565, 454, 332, 454, 454, 565, 665, 232,
343, 454, 454, 454, 565, 343, 222, 444, 454, 454, 454, 121, 332, 454, 454, 554,
443, 443, 565, 676, 676, 676, 565, 121, 343, 454, 565, 332, 444, 454, 454, 676,
343, 343, 454, 454, 454, 554, 565, 121, 343, 454, 454, 565, 222, 222, 454, 454,
454, 454, 343, 565, 676, 676, 676, 676, 232, 332, 454, 565, 343, 222, 444, 454,
454, 554, 222, 343, 454, 454, 454, 343, 121, 332, 454, 444, 565, 343, 121, 343,
454, 454, 554, 332, 554, 676, 676, 676, 676, 454, 222, 454, 565, 454, 332, 454,
454, 565, 665, 232, 343, 454, 454, 454, 565, 343, 222, 444, 454, 454, 454, 121,
332, 454, 454, 554, 443, 443, 565, 676, 676, 676, 565, 121, 343, 454, 565, 332,
444, 454, 454, 676, 343, 343, 454, 454, 454, 554, 565, 121, 343, 454, 454, 565,
222, 222, 454, 454, 454, 454, 343, 565, 676, 676, 676, 676, 232, 332, 454, 565,
343, 222, 444, 454, 454, 554, 222, 343, 454, 454, 454, 343, 121, 332, 454, 444,
565, 343, 121, 343, 454, 454, 554, 332, 554, 676, 676, 676, 676, 454, 222, 454,
565, 454, 332, 454, 454, 565, 665, 232, 343, 454, 454, 454, 565, 343, 222, 444,
454, 454, 454, 121, 332, 454, 454, 554, 443, 443, 565, 676, 676, 676, 565, 121,
343, 454, 565, 332, 444, 454, 454, 676, 343, 343, 454, 454, 454, 554, 565, 121,
343, 454, 454, 565, 222, 222, 454, 454, 454, 454, 343, 565, 676, 676, 676, 676,
232, 332, 454, 565, 343, 222, 444, 454, 454, 554, 222, 343, 454, 454, 454, 343,
221, 232, 343, 454, 565, 343, 221, 443, 454, 454, 554, 332, 332, 454, 565, 444,
554, 343, 232, 454, 555, 454, 332, 454, 454, 565, 565, 222, 343, 454, 454, 444,
554, 343, 221, 343, 454, 454, 554, 121, 343, 454, 454, 555, 443, 232, 443, 565,
454, 454, 554, 222, 443, 554, 554, 332, 443, 454, 454, 565, 343, 232, 454, 454,
454, 454, 454, 221, 232, 454, 454, 565, 222, 232, 454, 454, 454, 454, 232, 343,
554, 554, 444, 565, 232, 343, 454, 565, 343, 221, 343, 454, 454, 565, 221, 343,
454, 454, 454, 343, 221, 232, 343, 454, 565, 343, 221, 443, 454, 454, 554, 332,
332, 454, 565, 444, 554, 343, 232, 454, 555, 454, 332, 454, 454, 565, 565, 222,
343, 454, 454, 444, 554, 343, 221, 343, 454, 454, 554, 121, 343, 454, 454, 555,
443, 232, 443, 565, 454, 454, 554, 222, 443, 554, 554, 332, 443, 454, 454, 565,
343, 232, 454, 454, 454, 454, 454, 221, 232, 454, 454, 565, 222, 232, 454, 454,
454, 454, 232, 343, 554, 554, 444, 565, 232, 343, 454, 565, 343, 221, 343, 454,
454, 565, 221, 343, 454, 454, 454, 343, 221, 232, 343, 454, 565, 343, 221, 443,
454, 454, 554, 332, 332, 454, 565, 444, 554, 343, 232, 454, 555, 454, 332, 454,
454, 565, 565, 222, 343, 454, 454, 444, 554, 343, 221, 343, 454, 454, 554, 121,
343, 454, 454, 555, 443, 232, 443, 565, 454, 454, 554, 222, 443, 554, 554, 332,
443, 454, 454, 565, 343, 232, 454, 454, 454, 454, 454, 221, 232, 454, 454, 565,
222, 232, 454, 454, 454, 454, 232, 343, 554, 554, 444, 565, 232, 343, 454, 565,
343, 221, 343, 454, 454, 565, 221, 343, 454, 454, 454, 343, 221, 232, 343, 454,
565, 343, 221, 443, 454, 454, 554, 332, 332, 454, 565, 444, 554, 343, 232, 454,
555, 454, 332, 454, 454, 565, 565, 222, 343, 454, 454, 444, 554, 343, 221, 343,
454, 454, 554, 121, 343, 454, 454, 555, 443, 232, 443, 565, 454, 454, 554, 222,
443, 554, 554, 332, 443, 454, 454, 565, 343, 232, 454, 454, 454, 454, 454, 221,
232, 454, 454, 565, 222, 232, 454, 454, 454, 454, 232, 343, 554, 554, 444, 565,
232, 343, 454, 565, 343, 221, 343, 454, 454, 565, 221, 343, 454, 454, 454, 343,
232, 232, 343, 454, 665, 343, 332, 454, 454, 454, 554, 232, 232, 443, 454, 444,
565, 454, 343, 454, 454, 454, 232, 454, 454, 454, 554, 222, 333, 454, 454, 343,
454, 343, 332, 332, 444, 565, 554, 232, 444, 454, 454, 554, 343, 222, 343, 454,
444, 454, 565, 332, 454, 444, 454, 232, 443, 454, 454, 554, 343, 232, 444, 454,
443, 343, 454, 232, 232, 343, 454, 665, 232, 343, 454, 454, 454, 554, 232, 332,
454, 454, 454, 665, 333, 443, 454, 454, 343, 332, 332, 444, 555, 565, 232, 444,
454, 454, 454, 443, 232, 232, 343, 454, 665, 343, 332, 454, 454, 454, 554, 232,
232, 443, 454, 444, 565, 454, 343, 454, 454, 454, 232, 454, 454, 454, 554, 222,
333, 454, 454, 343, 454, 343, 332, 332, 444, 565, 554, 232, 444, 454, 454, 554,
343, 222, 343, 454, 444, 454, 565, 332, 454, 444, 454, 232, 443, 454, 454, 554,
343, 232, 444, 454, 443, 343, 454, 232, 232, 343, 454, 665, 232, 343, 454, 454,
454, 554, 232, 332, 454, 454, 454, 665, 333, 443, 454, 454, 343, 332, 332, 444,
555, 565, 232, 444, 454, 454, 454, 443, 232, 232, 343, 454, 665, 343, 332, 454,
454, 454, 554, 232, 232, 443, 454, 444, 565, 454, 343, 454, 454, 454, 232, 454,
454, 454, 554, 222, 333, 454, 454, 343, 454, 343, 332, 332, 444, 565, 554, 232,
444, 454, 454, 554, 343, 222, 343, 454, 444, 454, 565, 332, 454, 444, 454, 232,
443, 454, 454, 554, 343, 232, 444, 454, 443, 343, 454, 232, 232, 343, 454, 665,
232, 343, 454, 454, 454, 554, 232, 332, 454, 454, 454, 665, 333, 443, 454, 454,
343, 332, 332, 444, 555, 565, 232, 444, 454, 454, 454, 443, 232, 232, 343, 454,
665, 343, 332, 454, 454, 454, 554, 232, 232, 443, 454, 444, 565, 454, 343, 454,
454, 454, 232, 454, 454, 454, 554, 222, 333, 454, 454, 343, 454, 343, 332, 332,
444, 565, 554, 232, 444, 454, 454, 554, 343, 222, 343, 454, 444, 454, 565, 332,
454, 444, 454, 232, 443, 454, 454, 554, 343, 232, 444, 454, 443, 343, 454, 232,
232, 343, 454, 665, 232, 343, 454, 454, 454, 554, 232, 332, 454, 454, 454, 665,
333, 443, 454, 454, 343, 332, 332, 444, 555, 565, 232, 444, 454, 454, 454, 443,
232, 343, 443, 343, 454, 343, 343, 454, 454, 454, 565, 232, 333, 454, 454, 343,
454, 343, 343, 443, 343, 454, 221, 443, 454, 454, 454, 232, 232, 454, 343, 232,
443, 343, 343, 443, 343, 454, 454, 332, 454, 454, 454, 565, 343, 232, 454, 454,
343, 343, 454, 332, 454, 343, 454, 222, 343, 454, 454, 555, 343, 232, 343, 444,
232, 232, 454, 332, 343, 343, 343, 454, 232, 443, 454, 454, 565, 565, 121, 343,
454, 443, 343, 454, 332, 343, 343, 454, 343, 343, 443, 343, 454, 454, 333, 454,
454, 454, 565, 443, 232, 343, 443, 343, 454, 343, 343, 454, 454, 454, 565, 232,
333, 454, 454, 343, 454, 343, 343, 443, 343, 454, 221, 443, 454, 454, 454, 232,
232, 454, 343, 232, 443, 343, 343, 443, 343, 454, 454, 332, 454, 454, 454, 565,
343, 232, 454, 454, 343, 343, 454, 332, 454, 343, 454, 222, 343, 454, 454, 555,
343, 232, 343, 444, 232, 232, 454, 332, 343, 343, 343, 454, 232, 443, 454, 454,
565, 565, 121, 343, 454, 443, 343, 454, 332, 343, 343, 454, 343, 343, 443, 343,
454, 454, 333, 454, 454, 454, 565, 443, 232, 343, 443, 343, 454, 343, 343, 454,
454, 454, 565, 232, 333, 454, 454, 343, 454, 343, 343, 443, 343, 454, 221, 443,
454, 454, 454, 232, 232, 454, 343, 232, 443, 343, 343, 443, 343, 454, 454, 332,
454, 454, 454, 565, 343, 232, 454, 454, 343, 343, 454, 332, 454, 343, 454, 222,
343, 454, 454, 555, 343, 232, 343, 444, 232, 232, 454, 332, 343, 343, 343, 454,
232, 443, 454, 454, 565, 565, 121, 343, 454, 443, 343, 454, 332, 343, 343, 454,
343, 343, 443, 343, 454, 454, 333, 454, 454, 454, 565, 443, 232, 343, 443, 343,
454, 343, 343, 454, 454, 454, 565, 232, 333, 454, 454, 343, 454, 343, 343, 443,
343, 454, 221, 443, 454, 454, 454, 232, 232, 454, 343, 232, 443, 343, 343, 443,
343, 454, 454, 332, 454, 454, 454, 565, 343, 232, 454, 454, 343, 343, 454, 332,
454, 343, 454, 222, 343, 454, 454, 555, 343, 232, 343, 444, 232, 232, 454, 332,
343, 343, 343, 454, 232, 443, 454, 454, 565, 565, 121, 343, 454, 443, 343, 454,
332, 343, 343, 454, 343, 343, 443, 343, 454, 454, 333, 454, 454, 454, 565, 443,
121, 343, 343, 222, 454, 332, 232, 454, 454, 444, 454, 232, 332, 454, 343, 232,
443, 343, 232, 232, 232, 443, 221, 343, 443, 343, 454, 232, 343, 343, 232, 221,
454, 332, 232, 443, 232, 343, 443, 222, 444, 454, 454, 454, 343, 222, 444, 454,
232, 333, 454, 232, 332, 232, 443, 222, 232, 454, 343, 454, 343, 332, 443, 332,
221, 343, 444, 221, 343, 332, 232, 454, 222, 343, 454, 454, 454, 454, 221, 343,
454, 343, 232, 454, 332, 332, 232, 343, 333, 232, 443, 232, 343, 454, 221, 343,
454, 444, 454, 343, 121, 343, 343, 222, 454, 332, 232, 454, 454, 444, 454, 232,
332, 454, 343, 232, 443, 343, 232, 232, 232, 443, 221, 343, 443, 343, 454, 232,
343, 343, 232, 221, 454, 332, 232, 443, 232, 343, 443, 222, 444, 454, 454, 454,
343, 222, 444, 454, 232, 333, 454, 232, 332, 232, 443, 222, 232, 454, 343, 454,
343, 332, 443, 332, 221, 343, 444, 221, 343, 332, 232, 454, 222, 343, 454, 454,
454, 454, 221, 343, 454, 343, 232, 454, 332, 332, 232, 343, 333, 232, 443, 232,
343, 454, 221, 343, 454, 444, 454, 343, 121, 343, 343, 222, 454, 332, 232, 454,
454, 444, 454, 232, 332, 454, 343, 232, 443, 343, 232, 232, 232, 443, 221, 343,
443, 343, 454, 232, 343, 343, 232, 221, 454, 332, 232, 443, 232, 343, 443, 222,
444, 454, 454, 454, 343, 222, 444, 454, 232, 333, 454, 232, 332, 232, 443, 222,
232, 454, 343, 454, 343, 332, 443, 332, 221, 343, 444, 221, 343, 332, 232, 454,
222, 343, 454, 454, 454, 454, 221, 343, 454, 343, 232, 454, 332, 332, 232, 343,
333, 232, 443, 232, 343, 454, 221, 343, 454, 444, 454, 343, 121, 343, 343, 222,
454, 332, 232, 454, 454, 444, 454, 232, 332, 454, 343, 232, 443, 343, 232, 232,
232, 443, 221, 343, 443, 343, 454, 232, 343, 343, 232, 221, 454, 332, 232, 443,
232, 343, 443, 222, 444, 454, 454, 454, 343, 222, 444, 454, 232, 333, 454, 232,
332, 232, 443, 222, 232, 454, 343, 454, 343, 332, 443, 332, 221, 343, 444, 221,
343, 332, 232, 454, 222, 343, 454, 454, 454, 454, 221, 343, 454, 343, 232, 454,
332, 332, 232, 343, 333, 232, 443, 232, 343, 454, 221, 343, 454, 444, 454, 343,
121, 232, 232, 121, 232, 232, 222, 343, 333, 332, 332, 221, 221, 332, 232, 221,
332, 232, 222, 121, 232, 232, 121, 232, 332, 221, 232, 232, 332, 232, 221, 332,
332, 222, 121, 232, 121, 232, 232, 121, 343, 343, 343, 332, 222, 121, 332, 332,
221, 232, 232, 232, 121, 232, 332, 121, 121, 343, 232, 232, 232, 332, 232, 121,
232, 332, 232, 121, 232, 222, 121, 232, 121, 222, 343, 343, 343, 232, 121, 232,
332, 222, 222, 332, 232, 221, 221, 332, 222, 121, 332, 222, 232, 332, 121, 232,
332, 332, 332, 232, 121, 232, 232, 121, 232, 232, 222, 343, 333, 332, 332, 221,
221, 332, 232, 221, 332, 232, 222, 121, 232, 232, 121, 232, 332, 221, 232, 232,
332, 232, 221, 332, 332, 222, 121, 232, 121, 232, 232, 121, 343, 343, 343, 332,
222, 121, 332, 332, 221, 232, 232, 232, 121, 232, 332, 121, 121, 343, 232, 232,
232, 332, 232, 121, 232, 332, 232, 121, 232, 222, 121, 232, 121, 222, 343, 343,
343, 232, 121, 232, 332, 222, 222, 332, 232, 221, 221, 332, 222, 121, 332, 222,
232, 332, 121, 232, 332, 332, 332, 232, 121, 232, 232, 121, 232, 232, 222, 343,
333, 332, 332, 221, 221, 332, 232, 221, 332, 232, 222, 121, 232, 232, 121, 232,
332, 221, 232, 232, 332, 232, 221, 332, 332, 222, 121, 232, 121, 232, 232, 121,
343, 343, 343, 332, 222, 121, 332, 332, 221, 232, 232, 232, 121, 232, 332, 121,
121, 343, 232, 232, 232, 332, 232, 121, 232, 332, 232, 121, 232, 222, 121, 232,
121, 222, 343, 343, 343, 232, 121, 232, 332, 222, 222, 332, 232, 221, 221, 332,
222, 121, 332, 222, 232, 332, 121, 232, 332, 332, 332, 232, 121, 232, 232, 121,
232, 232, 222, 343, 333, 332, 332, 221, 221, 332, 232, 221, 332, 232, 222, 121,
232, 232, 121, 232, 332, 221, 232, 232, 332, 232, 221, 332, 332, 222, 121, 232,
121, 232, 232, 121, 343, 343, 343, 332, 222, 121, 332, 332, 221, 232, 232, 232,
121, 232, 332, 121, 121, 343, 232, 232, 232, 332, 232, 121, 232, 332, 232, 121,
232, 222, 121, 232, 121, 222, 343, 343, 343, 232, 121, 232, 332, 222, 222, 332,
232, 221, 221, 332, 222, 121, 332, 222, 232, 332, 121, 232, 332, 332, 332, 232,
121, 221, 221, 221, 221, 232, 232, 232, 222, 222, 221, 121, 221, 222, 222, 221,
121, 221, 221, 221, 221, 221, 221, 232, 222, 221, 221, 221, 222, 221, 222, 222,
222, 121, 221, 221, 221, 221, 221, 222, 232, 232, 222, 221, 121, 221, 222, 222,
221, 121, 221, 221, 221, 221, 222, 221, 121, 222, 232, 221, 222, 222, 221, 221,
222, 222, 221, 121, 221, 221, 221, 221, 222, 222, 232, 232, 222, 121, 221, 221,
222, 222, 221, 121, 221, 221, 221, 222, 221, 121, 232, 222, 232, 222, 221, 221,
222, 222, 222, 221, 121, 221, 221, 221, 221, 232, 232, 232, 222, 222, 221, 121,
221, 222, 222, 221, 121, 221, 221, 221, 221, 221, 221, 232, 222, 221, 221, 221,
222, 221, 222, 222, 222, 121, 221, 221, 221, 221, 221, 222, 232, 232, 222, 221,
121, 221, 222, 222, 221, 121, 221, 221, 221, 221, 222, 221, 121, 222, 232, 221,
222, 222, 221, 221, 222, 222, 221, 121, 221, 221, 221, 221, 222, 222, 232, 232,
222, 121, 221, 221, 222, 222, 221, 121, 221, 221, 221, 222, 221, 121, 232, 222,
232, 222, 221, 221, 222, 222, 222, 221, 121, 221, 221, 221, 221, 232, 232, 232,
222, 222, 221, 121, 221, 222, 222, 221, 121, 221, 221, 221, 221, 221, 221, 232,
222, 221, 221, 221, 222, 221, 222, 222, 222, 121, 221, 221, 221, 221, 221, 222,
232, 232, 222, 221, 121, 221, 222, 222, 221, 121, 221, 221, 221, 221, 222, 221,
121, 222, 232, 221, 222, 222, 221, 221, 222, 222, 221, 121, 221, 221, 221, 221,
222, 222, 232, 232, 222, 121, 221, 221, 222, 222, 221, 121, 221, 221, 221, 222,
221, 121, 232, 222, 232, 222, 221, 221, 222, 222, 222, 221, 121, 221, 221, 221,
221, 232, 232, 232, 222, 222, 221, 121, 221, 222, 222, 221, 121, 221, 221, 221,
221, 221, 221, 232, 222, 221, 221, 221, 222, 221, 222, 222, 222, 121, 221, 221,
221, 221, 221, 222, 232, 232, 222, 221, 121, 221, 222, 222, 221, 121, 221, 221,
221, 221, 222, 221, 121, 222, 232, 221, 222, 222, 221, 221, 222, 222, 221, 121,
221, 221, 221, 221, 222, 222, 232, 232, 222, 121, 221, 221, 222, 222, 221, 121,
221, 221, 221, 222, 221, 121, 232, 222, 232, 222, 221, 221, 222, 222, 222, 221,
232, 565, 565, 565, 665, 676, 676, 776, 676, 676, 454, 343, 565, 676, 676, 675,
232, 565, 565, 676, 665, 676, 343, 565, 565, 565, 565, 676, 676, 565, 676, 665,
676, 343, 454, 565, 565, 565, 676, 676, 676, 676, 665, 676, 232, 565, 676, 676,
776, 333, 454, 565, 565, 675, 676, 454, 443, 565, 565, 565, 665, 676, 565, 676,
676, 676, 565, 343, 565, 565, 565, 676, 676, 676, 787, 665, 676, 343, 454, 665,
676, 786, 454, 343, 565, 565, 676, 665, 665, 332, 565, 676, 565, 665, 676, 676,
776, 665, 676, 454, 232, 565, 565, 565, 665, 676, 676, 776, 676, 676, 454, 343,
565, 676, 676, 675, 232, 565, 565, 676, 665, 676, 343, 565, 565, 565, 565, 676,
676, 565, 676, 665, 676, 343, 454, 565, 565, 565, 676, 676, 676, 676, 665, 676,
232, 565, 676, 676, 776, 333, 454, 565, 565, 675, 676, 454, 443, 565, 565, 565,
665, 676, 565, 676, 676, 676, 565, 343, 565, 565, 565, 676, 676, 676, 787, 665,
676, 343, 454, 665, 676, 786, 454, 343, 565, 565, 676, 665, 665, 332, 565, 676,
565, 665, 676, 676, 776, 665, 676, 454, 232, 565, 565, 565, 665, 676, 676, 776,
676, 676, 454, 343, 565, 676, 676, 675, 232, 565, 565, 676, 665, 676, 343, 565,
565, 565, 565, 676, 676, 565, 676, 665, 676, 343, 454, 565, 565, 565, 676, 676,
676, 676, 665, 676, 232, 565, 676, 676, 776, 333, 454, 565, 565, 675, 676, 454,
443, 565, 565, 565, 665, 676, 565, 676, 676, 676, 565, 343, 565, 565, 565, 676,
676, 676, 787, 665, 676, 343, 454, 665, 676, 786, 454, 343, 565, 565, 676, 665,
665, 332, 565, 676, 565, 665, 676, 676, 776, 665, 676, 454, 232, 565, 565, 565,
665, 676, 676, 776, 676, 676, 454, 343, 565, 676, 676, 675, 232, 565, 565, 676,
665, 676, 343, 565, 565, 565, 565, 676, 676, 565, 676, 665, 676, 343, 454, 565,
565, 565, 676, 676, 676, 676, 665, 676, 232, 565, 676, 676, 776, 333, 454, 565,
565, 675, 676, 454, 443, 565, 565, 565, 665, 676, 565, 676, 676, 676, 565, 343,
565, 565, 565, 676, 676, 676, 787, 665, 676, 343, 454, 665, 676, 786, 454, 343,
565, 565, 676, 665, 665, 332, 565, 676, 565, 665, 676, 676, 776, 665, 676, 454,
232, 565, 676, 454, 554, 676, 454, 565, 554, 676, 454, 343, 565, 676, 676, 676,
232, 454, 665, 565, 554, 676, 343, 565, 565, 565, 675, 454, 565, 787, 676, 554,
676, 443, 454, 676, 565, 454, 676, 565, 565, 565, 565, 565, 232, 454, 676, 676,
787, 343, 443, 565, 565, 565, 565, 454, 454, 565, 554, 676, 565, 554, 776, 786,
565, 565, 565, 343, 676, 665, 454, 565, 565, 565, 565, 565, 676, 343, 443, 565,
676, 787, 554, 343, 565, 565, 565, 555, 565, 332, 665, 676, 454, 565, 665, 454,
565, 554, 676, 444, 232, 565, 676, 454, 554, 676, 454, 565, 554, 676, 454, 343,
565, 676, 676, 676, 232, 454, 665, 565, 554, 676, 343, 565, 565, 565, 675, 454,
565, 787, 676, 554, 676, 443, 454, 676, 565, 454, 676, 565, 565, 565, 565, 565,
232, 454, 676, 676, 787, 343, 443, 565, 565, 565, 565, 454, 454, 565, 554, 676,
565, 554, 776, 786, 565, 565, 565, 343, 676, 665, 454, 565, 565, 565, 565, 565,
676, 343, 443, 565, 676, 787, 554, 343, 565, 565, 565, 555, 565, 332, 665, 676,
454, 565, 665, 454, 565, 554, 676, 444, 232, 565, 676, 454, 554, 676, 454, 565,
554, 676, 454, 343, 565, 676, 676, 676, 232, 454, 665, 565, 554, 676, 343, 565,
565, 565, 675, 454, 565, 787, 676, 554, 676, 443, 454, 676, 565, 454, 676, 565,
565, 565, 565, 565, 232, 454, 676, 676, 787, 343, 443, 565, 565, 565, 565, 454,
454, 565, 554, 676, 565, 554, 776, 786, 565, 565, 565, 343, 676, 665, 454, 565,
565, 565, 565, 565, 676, 343, 443, 565, 676, 787, 554, 343, 565, 565, 565, 555,
565, 332, 665, 676, 454, 565, 665, 454, 565, 554, 676, 444, 232, 565, 676, 454,
554, 676, 454, 565, 554, 676, 454, 343, 565, 676, 676, 676, 232, 454, 665, 565,
554, 676, 343, 565, 565, 565, 675, 454, 565, 787, 676, 554, 676, 443, 454, 676,
565, 454, 676, 565, 565, 565, 565, 565, 232, 454, 676, 676, 787, 343, 443, 565,
565, 565, 565, 454, 454, 565, 554, 676, 565, 554, 776, 786, 565, 565, 565, 343,
676, 665, 454, 565, 565, 565, 565, 565, 676, 343, 443, 565, 676, 787, 554, 343,
565, 565, 565, 555, 565, 332, 665, 676, 454, 565, 665, 454, 565, 554, 676, 444,
232, 454, 565, 565, 454, 454, 454, 454, 454, 343, 222, 232, 454, 554, 776, 676,
232, 454, 454, 454, 454, 676, 443, 443, 454, 454, 454, 554, 454, 565, 565, 454,
565, 443, 343, 454, 565, 454, 454, 454, 454, 454, 343, 232, 221, 343, 454, 676,
786, 343, 343, 454, 454, 454, 565, 554, 443, 454, 454, 454, 555, 454, 554, 676,
454, 454, 554, 333, 454, 565, 454, 454, 454, 454, 454, 443, 232, 221, 332, 454,
565, 787, 454, 333, 454, 454, 454, 454, 665, 343, 454, 565, 565, 454, 454, 454,
454, 454, 332, 221, 232, 454, 565, 565, 454, 454, 454, 454, 454, 343, 222, 232,
454, 554, 776, 676, 232, 454, 454, 454, 454, 676, 443, 443, 454, 454, 454, 554,
454, 565, 565, 454, 565, 443, 343, 454, 565, 454, 454, 454, 454, 454, 343, 232,
221, 343, 454, 676, 786, 343, 343, 454, 454, 454, 565, 554, 443, 454, 454, 454,
555, 454, 554, 676, 454, 454, 554, 333, 454, 565, 454, 454, 454, 454, 454, 443,
232, 221, 332, 454, 565, 787, 454, 333, 454, 454, 454, 454, 665, 343, 454, 565,
565, 454, 454, 454, 454, 454, 332, 221, 232, 454, 565, 565, 454, 454, 454, 454,
454, 343, 222, 232, 454, 554, 776, 676, 232, 454, 454, 454, 454, 676, 443, 443,
454, 454, 454, 554, 454, 565, 565, 454, 565, 443, 343, 454, 565, 454, 454, 454,
454, 454, 343, 232, 221, 343, 454, 676, 786, 343, 343, 454, 454, 454, 565, 554,
443, 454, 454, 454, 555, 454, 554, 676, 454, 454, 554, 333, 454, 565, 454, 454,
454, 454, 454, 443, 232, 221, 332, 454, 565, 787, 454, 333, 454, 454, 454, 454,
665, 343, 454, 565, 565, 454, 454, 454, 454, 454, 332, 221, 232, 454, 565, 565,
454, 454, 454, 454, 454, 343, 222, 232, 454, 554, 776, 676, 232, 454, 454, 454,
454, 676, 443, 443, 454, 454, 454, 554, 454, 565, 565, 454, 565, 443, 343, 454,
565, 454, 454, 454, 454, 454, 343, 232, 221, 343, 454, 676, 786, 343, 343, 454,
454, 454, 565, 554, 443, 454, 454, 454, 555, 454, 554, 676, 454, 454, 554, 333,
454, 565, 454, 454, 454, 454, 454, 443, 232, 221, 332, 454, 565, 787, 454, 333,
454, 454, 454, 454, 665, 343, 454, 565, 565, 454, 454, 454, 454, 454, 332, 221,
232, 444, 454, 454, 454, 454, 454, 333, 343, 221, 121, 121, 343, 454, 565, 565,
232, 444, 454, 454, 454, 676, 343, 343, 454, 454, 454, 454, 454, 454, 454, 454,
565, 443, 343, 454, 454, 454, 454, 454, 343, 343, 232, 121, 121, 232, 454, 454,
676, 232, 343, 454, 454, 444, 565, 554, 333, 444, 454, 454, 454, 454, 454, 454,
454, 454, 554, 332, 454, 454, 454, 454, 454, 454, 333, 343, 121, 121, 222, 343,
454, 565, 454, 232, 454, 454, 454, 454, 565, 343, 454, 454, 454, 454, 454, 454,
333, 343, 121, 121, 232, 444, 454, 454, 454, 454, 454, 333, 343, 221, 121, 121,
343, 454, 565, 565, 232, 444, 454, 454, 454, 676, 343, 343, 454, 454, 454, 454,
454, 454, 454, 454, 565, 443, 343, 454, 454, 454, 454, 454, 343, 343, 232, 121,
121, 232, 454, 454, 676, 232, 343, 454, 454, 444, 565, 554, 333, 444, 454, 454,
454, 454, 454, 454, 454, 454, 554, 332, 454, 454, 454, 454, 454, 454, 333, 343,
121, 121, 222, 343, 454, 565, 454, 232, 454, 454, 454, 454, 565, 343, 454, 454,
454, 454, 454, 454, 333, 343, 121, 121, 232, 444, 454, 454, 454, 454, 454, 333,
343, 221, 121, 121, 343, 454, 565, 565, 232, 444, 454, 454, 454, 676, 343, 343,
454, 454, 454, 454, 454, 454, 454, 454, 565, 443, 343, 454, 454, 454, 454, 454,
343, 343, 232, 121, 121, 232, 454, 454, 676, 232, 343, 454, 454, 444, 565, 554,
333, 444, 454, 454, 454, 454, 454, 454, 454, 454, 554, 332, 454, 454, 454, 454,
454, 454, 333, 343, 121, 121, 222, 343, 454, 565, 454, 232, 454, 454, 454, 454,
565, 343, 454, 454, 454, 454, 454, 454, 333, 343, 121, 121, 232, 444, 454, 454,
454, 454, 454, 333, 343, 221, 121, 121, 343, 454, 565, 565, 232, 444, 454, 454,
454, 676, 343, 343, 454, 454, 454, 454, 454, 454, 454, 454, 565, 443, 343, 454,
454, 454, 454, 454, 343, 343, 232, 121, 121, 232, 454, 454, 676, 232, 343, 454,
454, 444, 565, 554, 333, 444, 454, 454, 454, 454, 454, 454, 454, 454, 554, 332,
454, 454, 454, 454, 454, 454, 333, 343, 121, 121, 222, 343, 454, 565, 454, 232,
454, 454, 454, 454, 565, 343, 454, 454, 454, 454, 454, 454, 333, 343, 121, 121,
232, 443, 444, 454, 454, 454, 454, 343, 222, 222, 232, 221, 343, 454, 454, 454,
221, 343, 454, 454, 454, 565, 332, 222, 444, 454, 454, 454, 454, 454, 454, 454,
454, 343, 343, 443, 454, 454, 454, 454, 444, 232, 221, 232, 121, 343, 454, 454,
565, 232, 333, 454, 454, 454, 554, 454, 221, 343, 454, 454, 454, 454, 454, 454,
454, 454, 454, 332, 443, 454, 454, 454, 454, 454, 333, 221, 232, 221, 232, 454,
454, 454, 443, 222, 454, 454, 454, 454, 565, 343, 454, 444, 454, 454, 454, 454,
343, 222, 232, 222, 232, 443, 444, 454, 454, 454, 454, 343, 222, 222, 232, 221,
343, 454, 454, 454, 221, 343, 454, 454, 454, 565, 332, 222, 444, 454, 454, 454,
454, 454, 454, 454, 454, 343, 343, 443, 454, 454, 454, 454, 444, 232, 221, 232,
121, 343, 454, 454, 565, 232, 333, 454, 454, 454, 554, 454, 221, 343, 454, 454,
454, 454, 454, 454, 454, 454, 454, 332, 443, 454, 454, 454, 454, 454, 333, 221,
232, 221, 232, 454, 454, 454, 443, 222, 454, 454, 454, 454, 565, 343, 454, 444,
454, 454, 454, 454, 343, 222, 232, 222, 232, 443, 444, 454, 454, 454, 454, 343,
222, 222, 232, 221, 343, 454, 454, 454, 221, 343, 454, 454, 454, 565, 332, 222,
444, 454, 454, 454, 454, 454, 454, 454, 454, 343, 343, 443, 454, 454, 454, 454,
444, 232, 221, 232, 121, 343, 454, 454, 565, 232, 333, 454, 454, 454, 554, 454,
221, 343, 454, 454, 454, 454, 454, 454, 454, 454, 454, 332, 443, 454, 454, 454,
454, 454, 333, 221, 232, 221, 232, 454, 454, 454, 443, 222, 454, 454, 454, 454,
565, 343, 454, 444, 454, 454, 454, 454, 343, 222, 232, 222, 232, 443, 444, 454,
454, 454, 454, 343, 222, 222, 232, 221, 343, 454, 454, 454, 221, 343, 454, 454,
454, 565, 332, 222, 444, 454, 454, 454, 454, 454, 454, 454, 454, 343, 343, 443,
454, 454, 454, 454, 444, 232, 221, 232, 121, 343, 454, 454, 565, 232, 333, 454,
454, 454, 554, 454, 221, 343, 454, 454, 454, 454, 454, 454, 454, 454, 454, 332,
443, 454, 454, 454, 454, 454, 333, 221, 232, 221, 232, 454, 454, 454, 443, 222,
454, 454, 454, 454, 565, 343, 454, 444, 454, 454, 454, 454, 343, 222, 232, 222,
221, 232, 343, 454, 444, 343, 333, 232, 222, 343, 222, 222, 444, 454, 454, 565,
221, 332, 454, 454, 454, 565, 232, 121, 232, 454, 454, 454, 454, 454, 454, 454,
565, 343, 232, 332, 454, 454, 343, 343, 333, 222, 332, 232, 121, 343, 454, 444,
565, 332, 222, 443, 454, 454, 554, 454, 121, 222, 443, 454, 454, 454, 454, 454,
454, 554, 454, 232, 232, 443, 454, 443, 343, 333, 232, 232, 343, 121, 332, 454,
454, 454, 454, 121, 343, 454, 454, 454, 565, 232, 232, 343, 454, 444, 343, 333,
232, 222, 343, 222, 221, 232, 343, 454, 444, 343, 333, 232, 222, 343, 222, 222,
444, 454, 454, 565, 221, 332, 454, 454, 454, 565, 232, 121, 232, 454, 454, 454,
454, 454, 454, 454, 565, 343, 232, 332, 454, 454, 343, 343, 333, 222, 332, 232,
121, 343, 454, 444, 565, 332, 222, 443, 454, 454, 554, 454, 121, 222, 443, 454,
454, 454, 454, 454, 454, 554, 454, 232, 232, 443, 454, 443, 343, 333, 232, 232,
343, 121, 332, 454, 454, 454, 454, 121, 343, 454, 454, 454, 565, 232, 232, 343,
454, 444, 343, 333, 232, 222, 343, 222, 221, 232, 343, 454, 444, 343, 333, 232,
222, 343, 222, 222, 444, 454, 454, 565, 221, 332, 454, 454, 454, 565, 232, 121,
232, 454, 454, 454, 454, 454, 454, 454, 565, 343, 232, 332, 454, 454, 343, 343,
333, 222, 332, 232, 121, 343, 454, 444, 565, 332, 222, 443, 454, 454, 554, 454,
121, 222, 443, 454, 454, 454, 454, 454, 454, 554, 454, 232, 232, 443, 454, 443,
343, 333, 232, 232, 343, 121, 332, 454, 454, 454, 454, 121, 343, 454, 454, 454,
565, 232, 232, 343, 454, 444, 343, 333, 232, 222, 343, 222, 221, 232, 343, 454,
444, 343, 333, 232, 222, 343, 222, 222, 444, 454, 454, 565, 221, 332, 454, 454,
454, 565, 232, 121, 232, 454, 454, 454, 454, 454, 454, 454, 565, 343, 232, 332,
454, 454, 343, 343, 333, 222, 332, 232, 121, 343, 454, 444, 565, 332, 222, 443,
454, 454, 554, 454, 121, 222, 443, 454, 454, 454, 454, 454, 454, 554, 454, 232,
232, 443, 454, 443, 343, 333, 232, 232, 343, 121, 332, 454, 454, 454, 454, 121,
343, 454, 454, 454, 565, 232, 232, 343, 454, 444, 343, 333, 232, 222, 343, 222,
121, 232, 343, 343, 343, 232, 221, 121, 221, 332, 121, 232, 454, 454, 454, 565,
121, 232, 443, 454, 454, 343, 222, 121, 121, 343, 454, 454, 454, 454, 454, 444,
665, 343, 121, 332, 343, 343, 232, 221, 221, 121, 332, 222, 222, 443, 454, 454,
565, 232, 121, 343, 454, 454, 444, 232, 121, 121, 332, 454, 454, 454, 454, 454,
444, 565, 565, 121, 232, 343, 343, 232, 232, 221, 121, 232, 232, 121, 343, 454,
454, 565, 454, 121, 332, 454, 454, 444, 343, 221, 232, 343, 343, 343, 222, 221,
121, 232, 232, 121, 121, 232, 343, 343, 343, 232, 221, 121, 221, 332, 121, 232,
454, 454, 454, 565, 121, 232, 443, 454, 454, 343, 222, 121, 121, 343, 454, 454,
454, 454, 454, 444, 665, 343, 121, 332, 343, 343, 232, 221, 221, 121, 332, 222,
222, 443, 454, 454, 565, 232, 121, 343, 454, 454, 444, 232, 121, 121, 332, 454,
454, 454, 454, 454, 444, 565, 565, 121, 232, 343, 343, 232, 232, 221, 121, 232,
232, 121, 343, 454, 454, 565, 454, 121, 332, 454, 454, 444, 343, 221, 232, 343,
343, 343, 222, 221, 121, 232, 232, 121, 121, 232, 343, 343, 343, 232, 221, 121,
221, 332, 121, 232, 454, 454, 454, 565, 121, 232, 443, 454, 454, 343, 222, 121,
121, 343, 454, 454, 454, 454, 454, 444, 665, 343, 121, 332, 343, 343, 232, 221,
221, 121, 332, 222, 222, 443, 454, 454, 565, 232, 121, 343, 454, 454, 444, 232,
121, 121, 332, 454, 454, 454, 454, 454, 444, 565, 565, 121, 232, 343, 343, 232,
232, 221, 121, 232, 232, 121, 343, 454, 454, 565, 454, 121, 332, 454, 454, 444,
343, 221, 232, 343, 343, 343, 222, 221, 121, 232, 232, 121, 121, 232, 343, 343,
343, 232, 221, 121, 221, 332, 121, 232, 454, 454, 454, 565, 121, 232, 443, 454,
454, 343, 222, 121, 121, 343, 454, 454, 454, 454, 454, 444, 665, 343, 121, 332,
343, 343, 232, 221, 221, 121, 332, 222, 222, 443, 454, 454, 565, 232, 121, 343,
454, 454, 444, 232, 121, 121, 332, 454, 454, 454, 454, 454, 444, 565, 565, 121,
232, 343, 343, 232, 232, 221, 121, 232, 232, 121, 343, 454, 454, 565, 454, 121,
332, 454, 454, 444, 343, 221, 232, 343, 343, 343, 222, 221, 121, 232, 232, 121,
121, 121, 222, 222, 221, 111, 121, 121, 121, 121, 121, 343, 454, 454, 454, 565,
221, 232, 343, 454, 343, 232, 222, 121, 222, 232, 343, 454, 443, 343, 454, 454,
676, 343, 121, 222, 222, 222, 121, 121, 121, 121, 121, 121, 232, 454, 454, 454,
676, 332, 221, 232, 443, 454, 332, 232, 121, 222, 221, 343, 454, 454, 343, 443,
454, 565, 554, 121, 221, 222, 222, 121, 111, 121, 121, 121, 121, 221, 443, 454,
454, 565, 454, 121, 232, 343, 454, 343, 343, 121, 121, 222, 222, 221, 111, 121,
121, 121, 121, 121, 121, 121, 222, 222, 221, 111, 121, 121, 121, 121, 121, 343,
454, 454, 454, 565, 221, 232, 343, 454, 343, 232, 222, 121, 222, 232, 343, 454,
443, 343, 454, 454, 676, 343, 121, 222, 222, 222, 121, 121, 121, 121, 121, 121,
232, 454, 454, 454, 676, 332, 221, 232, 443, 454, 332, 232, 121, 222, 221, 343,
454, 454, 343, 443, 454, 565, 554, 121, 221, 222, 222, 121, 111, 121, 121, 121,
121, 221, 443, 454, 454, 565, 454, 121, 232, 343, 454, 343, 343, 121, 121, 222,
222, 221, 111, 121, 121, 121, 121, 121, 121, 121, 222, 222, 221, 111, 121, 121,
121, 121, 121, 343, 454, 454, 454, 565, 221, 232, 343, 454, 343, 232, 222, 121,
222, 232, 343, 454, 443, 343, 454, 454, 676, 343, 121, 222, 222, 222, 121, 121,
121, 121, 121, 121, 232, 454, 454, 454, 676, 332, 221, 232, 443, 454, 332, 232,
121, 222, 221, 343, 454, 454, 343, 443, 454, 565, 554, 121, 221, 222, 222, 121,
111, 121, 121, 121, 121, 221, 443, 454, 454, 565, 454, 121, 232, 343, 454, 343,
343, 121, 121, 222, 222, 221, 111, 121, 121, 121, 121, 121, 121, 121, 222, 222,
221, 111, 121, 121, 121, 121, 121, 343, 454, 454, 454, 565, 221, 232, 343, 454,
343, 232, 222, 121, 222, 232, 343, 454, 443, 343, 454, 454, 676, 343, 121, 222,
222, 222, 121, 121, 121, 121, 121, 121, 232, 454, 454, 454, 676, 332, 221, 232,
443, 454, 332, 232, 121, 222, 221, 343, 454, 454, 343, 443, 454, 565, 554, 121,
221, 222, 222, 121, 111, 121, 121, 121, 121, 221, 443, 454, 454, 565, 454, 121,
232, 343, 454, 343, 343, 121, 121, 222, 222, 221, 111, 121, 121, 121, 121, 121,
222, 343, 343, 443, 443, 454, 232, 332, 443, 443, 333, 343, 454, 443, 454, 565,
222, 232, 232, 343, 232, 343, 232, 232, 343, 121, 232, 454, 343, 232, 343, 454,
676, 343, 332, 343, 443, 343, 454, 343, 232, 443, 443, 343, 232, 454, 444, 454,
565, 332, 232, 232, 332, 343, 232, 343, 221, 343, 232, 121, 443, 343, 232, 333,
454, 565, 454, 232, 343, 343, 443, 444, 444, 222, 343, 443, 343, 232, 343, 454,
443, 565, 454, 222, 232, 232, 343, 232, 454, 232, 343, 343, 443, 443, 454, 232,
333, 443, 443, 332, 222, 343, 343, 443, 443, 454, 232, 332, 443, 443, 333, 343,
454, 443, 454, 565, 222, 232, 232, 343, 232, 343, 232, 232, 343, 121, 232, 454,
343, 232, 343, 454, 676, 343, 332, 343, 443, 343, 454, 343, 232, 443, 443, 343,
232, 454, 444, 454, 565, 332, 232, 232, 332, 343, 232, 343, 221, 343, 232, 121,
443, 343, 232, 333, 454, 565, 454, 232, 343, 343, 443, 444, 444, 222, 343, 443,
343, 232, 343, 454, 443, 565, 454, 222, 232, 232, 343, 232, 454, 232, 343, 343,
443, 443, 454, 232, 333, 443, 443, 332, 222, 343, 343, 443, 443, 454, 232, 332,
443, 443, 333, 343, 454, 443, 454, 565, 222, 232, 232, 343, 232, 343, 232, 232,
343, 121, 232, 454, 343, 232, 343, 454, 676, 343, 332, 343, 443, 343, 454, 343,
232, 443, 443, 343, 232, 454, 444, 454, 565, 332, 232, 232, 332, 343, 232, 343,
221, 343, 232, 121, 443, 343, 232, 333, 454, 565, 454, 232, 343, 343, 443, 444,
444, 222, 343, 443, 343, 232, 343, 454, 443, 565, 454, 222, 232, 232, 343, 232,
454, 232, 343, 343, 443, 443, 454, 232, 333, 443, 443, 332, 222, 343, 343, 443,
443, 454, 232, 332, 443, 443, 333, 343, 454, 443, 454, 565, 222, 232, 232, 343,
232, 343, 232, 232, 343, 121, 232, 454, 343, 232, 343, 454, 676, 343, 332, 343,
443, 343, 454, 343, 232, 443, 443, 343, 232, 454, 444, 454, 565, 332, 232, 232,
332, 343, 232, 343, 221, 343, 232, 121, 443, 343, 232, 333, 454, 565, 454, 232,
343, 343, 443, 444, 444, 222, 343, 443, 343, 232, 343, 454, 443, 565, 454, 222,
232, 232, 343, 232, 454, 232, 343, 343, 443, 443, 454, 232, 333, 443, 443, 332,
232, 565, 665, 676, 565, 787, 443, 454, 676, 676, 564, 333, 443, 332, 444, 454,
232, 343, 343, 232, 232, 454, 232, 232, 343, 232, 221, 343, 232, 222, 343, 454,
565, 343, 454, 565, 676, 565, 776, 565, 343, 676, 676, 676, 332, 444, 343, 343,
454, 232, 343, 443, 232, 332, 443, 343, 221, 343, 343, 221, 332, 332, 222, 332,
454, 554, 454, 343, 565, 676, 676, 676, 786, 332, 565, 676, 676, 343, 343, 343,
343, 454, 343, 232, 343, 232, 232, 343, 454, 332, 565, 675, 676, 565, 787, 343,
454, 676, 676, 454, 232, 565, 665, 676, 565, 787, 443, 454, 676, 676, 564, 333,
443, 332, 444, 454, 232, 343, 343, 232, 232, 454, 232, 232, 343, 232, 221, 343,
232, 222, 343, 454, 565, 343, 454, 565, 676, 565, 776, 565, 343, 676, 676, 676,
332, 444, 343, 343, 454, 232, 343, 443, 232, 332, 443, 343, 221, 343, 343, 221,
332, 332, 222, 332, 454, 554, 454, 343, 565, 676, 676, 676, 786, 332, 565, 676,
676, 343, 343, 343, 343, 454, 343, 232, 343, 232, 232, 343, 454, 332, 565, 675,
676, 565, 787, 343, 454, 676, 676, 454, 232, 565, 665, 676, 565, 787, 443, 454,
676, 676, 564, 333, 443, 332, 444, 454, 232, 343, 343, 232, 232, 454, 232, 232,
343, 232, 221, 343, 232, 222, 343, 454, 565, 343, 454, 565, 676, 565, 776, 565,
343, 676, 676, 676, 332, 444, 343, 343, 454, 232, 343, 443, 232, 332, 443, 343,
221, 343, 343, 221, 332, 332, 222, 332, 454, 554, 454, 343, 565, 676, 676, 676,
786, 332, 565, 676, 676, 343, 343, 343, 343, 454, 343, 232, 343, 232, 232, 343,
454, 332, 565, 675, 676, 565, 787, 343, 454, 676, 676, 454, 232, 565, 665, 676,
565, 787, 443, 454, 676, 676, 564, 333, 443, 332, 444, 454, 232, 343, 343, 232,
232, 454, 232, 232, 343, 232, 221, 343, 232, 222, 343, 454, 565, 343, 454, 565,
676, 565, 776, 565, 343, 676, 676, 676, 332, 444, 343, 343, 454, 232, 343, 443,
232, 332, 443, 343, 221, 343, 343, 221, 332, 332, 222, 332, 454, 554, 454, 343,
565, 676, 676, 676, 786, 332, 565, 676, 676, 343, 343, 343, 343, 454, 343, 232,
343, 232, 232, 343, 454, 332, 565, 675, 676, 565, 787, 343, 454, 676, 676, 454,
232, 443, 454, 565, 444, 565, 343, 343, 565, 565, 554, 232, 232, 232, 444, 454,
332, 454, 454, 332, 343, 565, 332, 121, 232, 343, 221, 221, 232, 343, 343, 443,
454, 332, 343, 454, 565, 454, 454, 554, 332, 565, 554, 665, 232, 333, 232, 343,
554, 333, 343, 454, 443, 333, 454, 454, 121, 232, 343, 232, 121, 232, 343, 343,
443, 443, 343, 332, 454, 565, 454, 454, 565, 332, 454, 554, 565, 343, 333, 232,
332, 454, 443, 343, 454, 343, 333, 454, 554, 332, 444, 454, 554, 444, 565, 343,
443, 565, 565, 454, 232, 443, 454, 565, 444, 565, 343, 343, 565, 565, 554, 232,
232, 232, 444, 454, 332, 454, 454, 332, 343, 565, 332, 121, 232, 343, 221, 221,
232, 343, 343, 443, 454, 332, 343, 454, 565, 454, 454, 554, 332, 565, 554, 665,
232, 333, 232, 343, 554, 333, 343, 454, 443, 333, 454, 454, 121, 232, 343, 232,
121, 232, 343, 343, 443, 443, 343, 332, 454, 565, 454, 454, 565, 332, 454, 554,
565, 343, 333, 232, 332, 454, 443, 343, 454, 343, 333, 454, 554, 332, 444, 454,
554, 444, 565, 343, 443, 565, 565, 454, 232, 443, 454, 565, 444, 565, 343, 343,
565, 565, 554, 232, 232, 232, 444, 454, 332, 454, 454, 332, 343, 565, 332, 121,
232, 343, 221, 221, 232, 343, 343, 443, 454, 332, 343, 454, 565, 454, 454, 554,
332, 565, 554, 665, 232, 333, 232, 343, 554, 333, 343, 454, 443, 333, 454, 454,
121, 232, 343, 232, 121, 232, 343, 343, 443, 443, 343, 332, 454, 565, 454, 454,
565, 332, 454, 554, 565, 343, 333, 232, 332, 454, 443, 343, 454, 343, 333, 454,
554, 332, 444, 454, 554, 444, 565, 343, 443, 565, 565, 454, 232, 443, 454, 565,
444, 565, 343, 343, 565, 565, 554, 232, 232, 232, 444, 454, 332, 454, 454, 332,
343, 565, 332, 121, 232, 343, 221, 221, 232, 343, 343, 443, 454, 332, 343, 454,
565, 454, 454, 554, 332, 565, 554, 665, 232, 333, 232, 343, 554, 333, 343, 454,
443, 333, 454, 454, 121, 232, 343, 232, 121, 232, 343, 343, 443, 443, 343, 332,
454, 565, 454, 454, 565, 332, 454, 554, 565, 343, 333, 232, 332, 454, 443, 343,
454, 343, 333, 454, 554, 332, 444, 454, 554, 444, 565, 343, 443, 565, 565, 454,
232, 454, 454, 454, 454, 454, 343, 343, 454, 454, 454, 221, 222, 333, 443, 454,
232, 454, 454, 443, 443, 565, 333, 121, 232, 221, 121, 121, 232, 232, 232, 232,
232, 222, 343, 454, 454, 454, 454, 454, 332, 454, 454, 565, 222, 222, 232, 443,
454, 332, 343, 454, 454, 343, 454, 454, 121, 221, 232, 121, 121, 232, 232, 232,
232, 232, 222, 333, 454, 454, 454, 454, 454, 332, 443, 444, 565, 333, 222, 222,
343, 454, 343, 343, 454, 454, 454, 454, 565, 332, 454, 454, 454, 454, 454, 333,
343, 454, 454, 454, 232, 454, 454, 454, 454, 454, 343, 343, 454, 454, 454, 221,
222, 333, 443, 454, 232, 454, 454, 443, 443, 565, 333, 121, 232, 221, 121, 121,
232, 232, 232, 232, 232, 222, 343, 454, 454, 454, 454, 454, 332, 454, 454, 565,
222, 222, 232, 443, 454, 332, 343, 454, 454, 343, 454, 454, 121, 221, 232, 121,
121, 232, 232, 232, 232, 232, 222, 333, 454, 454, 454, 454, 454, 332, 443, 444,
565, 333, 222, 222, 343, 454, 343, 343, 454, 454, 454, 454, 565, 332, 454, 454,
454, 454, 454, 333, 343, 454, 454, 454, 232, 454, 454, 454, 454, 454, 343, 343,
454, 454, 454, 221, 222, 333, 443, 454, 232, 454, 454, 443, 443, 565, 333, 121,
232, 221, 121, 121, 232, 232, 232, 232, 232, 222, 343, 454, 454, 454, 454, 454,
332, 454, 454, 565, 222, 222, 232, 443, 454, 332, 343, 454, 454, 343, 454, 454,
121, 221, 232, 121, 121, 232, 232, 232, 232, 232, 222, 333, 454, 454, 454, 454,
454, 332, 443, 444, 565, 333, 222, 222, 343, 454, 343, 343, 454, 454, 454, 454,
565, 332, 454, 454, 454, 454, 454, 333, 343, 454, 454, 454, 232, 454, 454, 454,
454, 454, 343, 343, 454, 454, 454, 221, 222, 333, 443, 454, 232, 454, 454, 443,
443, 565, 333, 121, 232, 221, 121, 121, 232, 232, 232, 232, 232, 222, 343, 454,
454, 454, 454, 454, 332, 454, 454, 565, 222, 222, 232, 443, 454, 332, 343, 454,
454, 343, 454, 454, 121, 221, 232, 121, 121, 232, 232, 232, 232, 232, 222, 333,
454, 454, 454, 454, 454, 332, 443, 444, 565, 333, 222, 222, 343, 454, 343, 343,
454, 454, 454, 454, 565, 332, 454, 454, 454, 454, 454, 333, 343, 454, 454, 454,
232, 444, 454, 454, 454, 554, 343, 343, 454, 454, 454, 121, 232, 332, 232, 232,
232, 454, 454, 454, 454, 565, 333, 121, 232, 232, 332, 232, 222, 232, 232, 232,
232, 222, 343, 454, 454, 454, 454, 454, 332, 454, 454, 564, 221, 222, 332, 232,
232, 232, 443, 454, 454, 454, 454, 454, 121, 232, 232, 332, 232, 221, 232, 232,
232, 232, 232, 332, 454, 454, 454, 454, 565, 332, 444, 454, 565, 332, 121, 232,
232, 232, 232, 343, 454, 454, 454, 454, 565, 232, 454, 454, 454, 454, 555, 343,
343, 454, 454, 443, 232, 444, 454, 454, 454, 554, 343, 343, 454, 454, 454, 121,
232, 332, 232, 232, 232, 454, 454, 454, 454, 565, 333, 121, 232, 232, 332, 232,
222, 232, 232, 232, 232, 222, 343, 454, 454, 454, 454, 454, 332, 454, 454, 564,
221, 222, 332, 232, 232, 232, 443, 454, 454, 454, 454, 454, 121, 232, 232, 332,
232, 221, 232, 232, 232, 232, 232, 332, 454, 454, 454, 454, 565, 332, 444, 454,
565, 332, 121, 232, 232, 232, 232, 343, 454, 454, 454, 454, 565, 232, 454, 454,
454, 454, 555, 343, 343, 454, 454, 443, 232, 444, 454, 454, 454, 554, 343, 343,
454, 454, 454, 121, 232, 332, 232, 232, 232, 454, 454, 454, 454, 565, 333, 121,
232, 232, 332, 232, 222, 232, 232, 232, 232, 222, 343, 454, 454, 454, 454, 454,
332, 454, 454, 564, 221, 222, 332, 232, 232, 232, 443, 454, 454, 454, 454, 454,
121, 232, 232, 332, 232, 221, 232, 232, 232, 232, 232, 332, 454, 454, 454, 454,
565, 332, 444, 454, 565, 332, 121, 232, 232, 232, 232, 343, 454, 454, 454, 454,
565, 232, 454, 454, 454, 454, 555, 343, 343, 454, 454, 443, 232, 444, 454, 454,
454, 554, 343, 343, 454, 454, 454, 121, 232, 332, 232, 232, 232, 454, 454, 454,
454, 565, 333, 121, 232, 232, 332, 232, 222, 232, 232, 232, 232, 222, 343, 454,
454, 454, 454, 454, 332, 454, 454, 564, 221, 222, 332, 232, 232, 232, 443, 454,
454, 454, 454, 454, 121, 232, 232, 332, 232, 221, 232, 232, 232, 232, 232, 332,
454, 454, 454, 454, 565, 332, 444, 454, 565, 332, 121, 232, 232, 232, 232, 343,
454, 454, 454, 454, 565, 232, 454, 454, 454, 454, 555, 343, 343, 454, 454, 443,
222, 443, 454, 454, 454, 676, 443, 343, 454, 565, 554, 121, 121, 121, 121, 121,
232, 454, 454, 454, 454, 565, 232, 232, 665, 676, 786, 454, 443, 665, 665, 676,
787, 343, 332, 454, 454, 454, 565, 565, 332, 454, 454, 676, 221, 121, 121, 121,
121, 221, 443, 454, 454, 454, 565, 454, 121, 565, 676, 676, 676, 332, 565, 565,
676, 776, 565, 222, 454, 454, 454, 454, 676, 332, 444, 454, 676, 343, 121, 121,
121, 121, 121, 343, 454, 454, 454, 454, 565, 222, 444, 454, 454, 454, 676, 343,
343, 454, 565, 454, 222, 443, 454, 454, 454, 676, 443, 343, 454, 565, 554, 121,
121, 121, 121, 121, 232, 454, 454, 454, 454, 565, 232, 232, 665, 676, 786, 454,
443, 665, 665, 676, 787, 343, 332, 454, 454, 454, 565, 565, 332, 454, 454, 676,
221, 121, 121, 121, 121, 221, 443, 454, 454, 454, 565, 454, 121, 565, 676, 676,
676, 332, 565, 565, 676, 776, 565, 222, 454, 454, 454, 454, 676, 332, 444, 454,
676, 343, 121, 121, 121, 121, 121, 343, 454, 454, 454, 454, 565, 222, 444, 454,
454, 454, 676, 343, 343, 454, 565, 454, 222, 443, 454, 454, 454, 676, 443, 343,
454, 565, 554, 121, 121, 121, 121, 121, 232, 454, 454, 454, 454, 565, 232, 232,
665, 676, 786, 454, 443, 665, 665, 676, 787, 343, 332, 454, 454, 454, 565, 565,
332, 454, 454, 676, 221, 121, 121, 121, 121, 221, 443, 454, 454, 454, 565, 454,
121, 565, 676, 676, 676, 332, 565, 565, 676, 776, 565, 222, 454, 454, 454, 454,
676, 332, 444, 454, 676, 343, 121, 121, 121, 121, 121, 343, 454, 454, 454, 454,
565, 222, 444, 454, 454, 454, 676, 343, 343, 454, 565, 454, 222, 443, 454, 454,
454, 676, 443, 343, 454, 565, 554, 121, 121, 121, 121, 121, 232, 454, 454, 454,
454, 565, 232, 232, 665, 676, 786, 454, 443, 665, 665, 676, 787, 343, 332, 454,
454, 454, 565, 565, 332, 454, 454, 676, 221, 121, 121, 121, 121, 221, 443, 454,
454, 454, 565, 454, 121, 565, 676, 676, 676, 332, 565, 565, 676, 776, 565, 222,
454, 454, 454, 454, 676, 332, 444, 454, 676, 343, 121, 121, 121, 121, 121, 343,
454, 454, 454, 454, 565, 222, 444, 454, 454, 454, 676, 343, 343, 454, 565, 454,
121, 343, 454, 454, 454, 676, 443, 343, 454, 665, 454, 121, 221, 121, 121, 121,
232, 454, 454, 454, 454, 565, 232, 232, 454, 565, 565, 443, 343, 454, 454, 565,
665, 343, 332, 454, 454, 454, 565, 565, 232, 454, 554, 665, 121, 121, 121, 121,
121, 221, 443, 454, 454, 454, 565, 454, 221, 454, 565, 565, 565, 232, 454, 454,
565, 565, 454, 222, 454, 454, 454, 454, 676, 332, 443, 454, 676, 332, 121, 221,
121, 121, 121, 343, 454, 454, 454, 454, 565, 222, 343, 454, 454, 454, 676, 343,
343, 454, 676, 454, 121, 343, 454, 454, 454, 676, 443, 343, 454, 665, 454, 121,
221, 121, 121, 121, 232, 454, 454, 454, 454, 565, 232, 232, 454, 565, 565, 443,
343, 454, 454, 565, 665, 343, 332, 454, 454, 454, 565, 565, 232, 454, 554, 665,
121, 121, 121, 121, 121, 221, 443, 454, 454, 454, 565, 454, 221, 454, 565, 565,
565, 232, 454, 454, 565, 565, 454, 222, 454, 454, 454, 454, 676, 332, 443, 454,
676, 332, 121, 221, 121, 121, 121, 343, 454, 454, 454, 454, 565, 222, 343, 454,
454, 454, 676, 343, 343, 454, 676, 454, 121, 343, 454, 454, 454, 676, 443, 343,
454, 665, 454, 121, 221, 121, 121, 121, 232, 454, 454, 454, 454, 565, 232, 232,
454, 565, 565, 443, 343, 454, 454, 565, 665, 343, 332, 454, 454, 454, 565, 565,
232, 454, 554, 665, 121, 121, 121, 121, 121, 221, 443, 454, 454, 454, 565, 454,
221, 454, 565, 565, 565, 232, 454, 454, 565, 565, 454, 222, 454, 454, 454, 454,
676, 332, 443, 454, 676, 332, 121, 221, 121, 121, 121, 343, 454, 454, 454, 454,
565, 222, 343, 454, 454, 454, 676, 343, 343, 454, 676, 454, 121, 343, 454, 454,
454, 676, 443, 343, 454, 665, 454, 121, 221, 121, 121, 121, 232, 454, 454, 454,
454, 565, 232, 232, 454, 565, 565, 443, 343, 454, 454, 565, 665, 343, 332, 454,
454, 454, 565, 565, 232, 454, 554, 665, 121, 121, 121, 121, 121, 221, 443, 454,
454, 454, 565, 454, 221, 454, 565, 565, 565, 232, 454, 454, 565, 565, 454, 222,
454, 454, 454, 454, 676, 332, 443, 454, 676, 332, 121, 221, 121, 121, 121, 343,
454, 454, 454, 454, 565, 222, 343, 454, 454, 454, 676, 343, 343, 454, 676, 454,
121, 232, 444, 454, 454, 565, 333, 232, 444, 565, 454, 121, 343, 232, 232, 121,
232, 454, 454, 454, 454, 676, 333, 232, 454, 454, 454, 443, 232, 443, 454, 454,
565, 343, 121, 343, 454, 454, 565, 454, 221, 343, 454, 565, 121, 332, 333, 222,
221, 221, 443, 454, 454, 444, 565, 454, 222, 444, 454, 454, 454, 232, 343, 454,
454, 454, 454, 121, 332, 454, 454, 554, 554, 222, 343, 454, 565, 232, 222, 343,
222, 222, 121, 343, 454, 454, 454, 454, 665, 221, 232, 444, 454, 454, 565, 232,
232, 454, 565, 443, 121, 232, 444, 454, 454, 565, 333, 232, 444, 565, 454, 121,
343, 232, 232, 121, 232, 454, 454, 454, 454, 676, 333, 232, 454, 454, 454, 443,
232, 443, 454, 454, 565, 343, 121, 343, 454, 454, 565, 454, 221, 343, 454, 565,
121, 332, 333, 222, 221, 221, 443, 454, 454, 444, 565, 454, 222, 444, 454, 454,
454, 232, 343, 454, 454, 454, 454, 121, 332, 454, 454, 554, 554, 222, 343, 454,
565, 232, 222, 343, 222, 222, 121, 343, 454, 454, 454, 454, 665, 221, 232, 444,
454, 454, 565, 232, 232, 454, 565, 443, 121, 232, 444, 454, 454, 565, 333, 232,
444, 565, 454, 121, 343, 232, 232, 121, 232, 454, 454, 454, 454, 676, 333, 232,
454, 454, 454, 443, 232, 443, 454, 454, 565, 343, 121, 343, 454, 454, 565, 454,
221, 343, 454, 565, 121, 332, 333, 222, 221, 221, 443, 454, 454, 444, 565, 454,
222, 444, 454, 454, 454, 232, 343, 454, 454, 454, 454, 121, 332, 454, 454, 554,
554, 222, 343, 454, 565, 232, 222, 343, 222, 222, 121, 343, 454, 454, 454, 454,
665, 221, 232, 444, 454, 454, 565, 232, 232, 454, 565, 443, 121, 232, 444, 454,
454, 565, 333, 232, 444, 565, 454, 121, 343, 232, 232, 121, 232, 454, 454, 454,
454, 676, 333, 232, 454, 454, 454, 443, 232, 443, 454, 454, 565, 343, 121, 343,
454, 454, 565, 454, 221, 343, 454, 565, 121, 332, 333, 222, 221, 221, 443, 454,
454, 444, 565, 454, 222, 444, 454, 454, 454, 232, 343, 454, 454, 454, 454, 121,
332, 454, 454, 554, 554, 222, 343, 454, 565, 232, 222, 343, 222, 222, 121, 343,
454, 454, 454, 454, 665, 221, 232, 444, 454, 454, 565, 232, 232, 454, 565, 443,
121, 121, 332, 343, 343, 343, 222, 121, 343, 454, 443, 232, 343, 343, 232, 221,
121, 343, 454, 454, 454, 554, 333, 343, 454, 454, 454, 443, 232, 332, 443, 454,
554, 343, 121, 232, 343, 343, 343, 332, 121, 332, 454, 454, 222, 343, 343, 343,
232, 121, 332, 454, 454, 454, 454, 444, 333, 454, 454, 454, 454, 232, 232, 343,
454, 454, 454, 121, 222, 343, 343, 343, 343, 121, 232, 444, 554, 232, 332, 343,
343, 232, 121, 232, 454, 454, 454, 454, 554, 221, 121, 332, 343, 343, 343, 221,
221, 343, 454, 343, 121, 121, 332, 343, 343, 343, 222, 121, 343, 454, 443, 232,
343, 343, 232, 221, 121, 343, 454, 454, 454, 554, 333, 343, 454, 454, 454, 443,
232, 332, 443, 454, 554, 343, 121, 232, 343, 343, 343, 332, 121, 332, 454, 454,
222, 343, 343, 343, 232, 121, 332, 454, 454, 454, 454, 444, 333, 454, 454, 454,
454, 232, 232, 343, 454, 454, 454, 121, 222, 343, 343, 343, 343, 121, 232, 444,
554, 232, 332, 343, 343, 232, 121, 232, 454, 454, 454, 454, 554, 221, 121, 332,
343, 343, 343, 221, 221, 343, 454, 343, 121, 121, 332, 343, 343, 343, 222, 121,
343, 454, 443, 232, 343, 343, 232, 221, 121, 343, 454, 454, 454, 554, 333, 343,
454, 454, 454, 443, 232, 332, 443, 454, 554, 343, 121, 232, 343, 343, 343, 332,
121, 332, 454, 454, 222, 343, 343, 343, 232, 121, 332, 454, 454, 454, 454, 444,
333, 454, 454, 454, 454, 232, 232, 343, 454, 454, 454, 121, 222, 343, 343, 343,
343, 121, 232, 444, 554, 232, 332, 343, 343, 232, 121, 232, 454, 454, 454, 454,
554, 221, 121, 332, 343, 343, 343, 221, 221, 343, 454, 343, 121, 121, 332, 343,
343, 343, 222, 121, 343, 454, 443, 232, 343, 343, 232, 221, 121, 343, 454, 454,
454, 554, 333, 343, 454, 454, 454, 443, 232, 332, 443, 454, 554, 343, 121, 232,
343, 343, 343, 332, 121, 332, 454, 454, 222, 343, 343, 343, 232, 121, 332, 454,
454, 454, 454, 444, 333, 454, 454, 454, 454, 232, 232, 343, 454, 454, 454, 121,
222, 343, 343, 343, 343, 121, 232, 444, 554, 232, 332, 343, 343, 232, 121, 232,
454, 454, 454, 454, 554, 221, 121, 332, 343, 343, 343, 221, 221, 343, 454, 343,
121, 121, 121, 222, 232, 343, 222, 121, 343, 454, 443, 121, 232, 332, 343, 222,
121, 343, 454, 454, 454, 565, 333, 343, 454, 454, 454, 454, 232, 221, 332, 343,
343, 232, 121, 121, 221, 232, 332, 232, 121, 332, 454, 454, 221, 232, 232, 343,
232, 121, 332, 454, 454, 454, 565, 454, 343, 454, 454, 454, 565, 232, 222, 232,
343, 343, 343, 121, 121, 221, 232, 232, 332, 121, 222, 444, 454, 232, 221, 232,
343, 343, 121, 222, 444, 454, 454, 454, 565, 121, 121, 121, 232, 232, 343, 221,
221, 343, 454, 443, 121, 121, 121, 222, 232, 343, 222, 121, 343, 454, 443, 121,
232, 332, 343, 222, 121, 343, 454, 454, 454, 565, 333, 343, 454, 454, 454, 454,
232, 221, 332, 343, 343, 232, 121, 121, 221, 232, 332, 232, 121, 332, 454, 454,
221, 232, 232, 343, 232, 121, 332, 454, 454, 454, 565, 454, 343, 454, 454, 454,
565, 232, 222, 232, 343, 343, 343, 121, 121, 221, 232, 232, 332, 121, 222, 444,
454, 232, 221, 232, 343, 343, 121, 222, 444, 454, 454, 454, 565, 121, 121, 121,
232, 232, 343, 221, 221, 343, 454, 443, 121, 121, 121, 222, 232, 343, 222, 121,
343, 454, 443, 121, 232, 332, 343, 222, 121, 343, 454, 454, 454, 565, 333, 343,
454, 454, 454, 454, 232, 221, 332, 343, 343, 232, 121, 121, 221, 232, 332, 232,
121, 332, 454, 454, 221, 232, 232, 343, 232, 121, 332, 454, 454, 454, 565, 454,
343, 454, 454, 454, 565, 232, 222, 232, 343, 343, 343, 121, 121, 221, 232, 232,
332, 121, 222, 444, 454, 232, 221, 232, 343, 343, 121, 222, 444, 454, 454, 454,
565, 121, 121, 121, 232, 232, 343, 221, 221, 343, 454, 443, 121, 121, 121, 222,
232, 343, 222, 121, 343, 454, 443, 121, 232, 332, 343, 222, 121, 343, 454, 454,
454, 565, 333, 343, 454, 454, 454, 454, 232, 221, 332, 343, 343, 232, 121, 121,
221, 232, 332, 232, 121, 332, 454, 454, 221, 232, 232, 343, 232, 121, 332, 454,
454, 454, 565, 454, 343, 454, 454, 454, 565, 232, 222, 232, 343, 343, 343, 121,
121, 221, 232, 232, 332, 121, 222, 444, 454, 232, 221, 232, 343, 343, 121, 222,
444, 454, 454, 454, 565, 121, 121, 121, 232, 232, 343, 221, 221, 343, 454, 443,
121, 121, 121, 121, 121, 232, 222, 222, 232, 454, 454, 121, 121, 222, 232, 232,
121, 232, 343, 444, 454, 554, 333, 343, 454, 454, 565, 454, 121, 121, 222, 232,
222, 121, 121, 121, 121, 121, 232, 232, 221, 232, 443, 565, 222, 121, 221, 232,
232, 221, 222, 343, 443, 454, 454, 443, 343, 454, 454, 555, 565, 221, 121, 121,
222, 222, 222, 121, 121, 121, 121, 221, 332, 221, 232, 343, 565, 333, 121, 121,
232, 232, 232, 121, 343, 343, 454, 454, 554, 221, 121, 121, 121, 121, 332, 221,
222, 332, 565, 454, 121, 121, 121, 121, 121, 232, 222, 222, 232, 454, 454, 121,
121, 222, 232, 232, 121, 232, 343, 444, 454, 554, 333, 343, 454, 454, 565, 454,
121, 121, 222, 232, 222, 121, 121, 121, 121, 121, 232, 232, 221, 232, 443, 565,
222, 121, 221, 232, 232, 221, 222, 343, 443, 454, 454, 443, 343, 454, 454, 555,
565, 221, 121, 121, 222, 222, 222, 121, 121, 121, 121, 221, 332, 221, 232, 343,
565, 333, 121, 121, 232, 232, 232, 121, 343, 343, 454, 454, 554, 221, 121, 121,
121, 121, 332, 221, 222, 332, 565, 454, 121, 121, 121, 121, 121, 232, 222, 222,
232, 454, 454, 121, 121, 222, 232, 232, 121, 232, 343, 444, 454, 554, 333, 343,
454, 454, 565, 454, 121, 121, 222, 232, 222, 121, 121, 121, 121, 121, 232, 232,
221, 232, 443, 565, 222, 121, 221, 232, 232, 221, 222, 343, 443, 454, 454, 443,
343, 454, 454, 555, 565, 221, 121, 121, 222, 222, 222, 121, 121, 121, 121, 221,
332, 221, 232, 343, 565, 333, 121, 121, 232, 232, 232, 121, 343, 343, 454, 454,
554, 221, 121, 121, 121, 121, 332, 221, 222, 332, 565, 454, 121, 121, 121, 121,
121, 232, 222, 222, 232, 454, 454, 121, 121, 222, 232, 232, 121, 232, 343, 444,
454, 554, 333, 343, 454, 454, 565, 454, 121, 121, 222, 232, 222, 121, 121, 121,
121, 121, 232, 232, 221, 232, 443, 565, 222, 121, 221, 232, 232, 221, 222, 343,
443, 454, 454, 443, 343, 454, 454, 555, 565, 221, 121, 121, 222, 222, 222, 121,
121, 121, 121, 221, 332, 221, 232, 343, 565, 333, 121, 121, 232, 232, 232, 121,
343, 343, 454, 454, 554, 221, 121, 121, 121, 121, 332, 221, 222, 332, 565, 454,
121, 222, 332, 232, 121, 121, 221, 343, 232, 443, 454, 121, 121, 121, 121, 221,
121, 232, 232, 343, 454, 454, 333, 343, 454, 454, 676, 454, 343, 565, 676, 676,
675, 343, 121, 232, 232, 121, 121, 121, 332, 332, 332, 565, 222, 121, 121, 121,
121, 121, 221, 332, 332, 454, 454, 443, 343, 454, 454, 565, 676, 232, 554, 565,
676, 676, 454, 121, 232, 332, 221, 121, 221, 232, 343, 232, 565, 343, 121, 121,
121, 121, 121, 121, 332, 232, 443, 454, 454, 121, 222, 332, 232, 121, 221, 221,
343, 232, 454, 555, 121, 222, 332, 232, 121, 121, 221, 343, 232, 443, 454, 121,
121, 121, 121, 221, 121, 232, 232, 343, 454, 454, 333, 343, 454, 454, 676, 454,
343, 565, 676, 676, 675, 343, 121, 232, 232, 121, 121, 121, 332, 332, 332, 565,
222, 121, 121, 121, 121, 121, 221, 332, 332, 454, 454, 443, 343, 454, 454, 565,
676, 232, 554, 565, 676, 676, 454, 121, 232, 332, 221, 121, 221, 232, 343, 232,
565, 343, 121, 121, 121, 121, 121, 121, 332, 232, 443, 454, 454, 121, 222, 332,
232, 121, 221, 221, 343, 232, 454, 555, 121, 222, 332, 232, 121, 121, 221, 343,
232, 443, 454, 121, 121, 121, 121, 221, 121, 232, 232, 343, 454, 454, 333, 343,
454, 454, 676, 454, 343, 565, 676, 676, 675, 343, 121, 232, 232, 121, 121, 121,
332, 332, 332, 565, 222, 121, 121, 121, 121, 121, 221, 332, 332, 454, 454, 443,
343, 454, 454, 565, 676, 232, 554, 565, 676, 676, 454, 121, 232, 332, 221, 121,
221, 232, 343, 232, 565, 343, 121, 121, 121, 121, 121, 121, 332, 232, 443, 454,
454, 121, 222, 332, 232, 121, 221, 221, 343, 232, 454, 555, 121, 222, 332, 232,
121, 121, 221, 343, 232, 443, 454, 121, 121, 121, 121, 221, 121, 232, 232, 343,
454, 454, 333, 343, 454, 454, 676, 454, 343, 565, 676, 676, 675, 343, 121, 232,
232, 121, 121, 121, 332, 332, 332, 565, 222, 121, 121, 121, 121, 121, 221, 332,
332, 454, 454, 443, 343, 454, 454, 565, 676, 232, 554, 565, 676, 676, 454, 121,
232, 332, 221, 121, 221, 232, 343, 232, 565, 343, 121, 121, 121, 121, 121, 121,
332, 232, 443, 454, 454, 121, 222, 332, 232, 121, 221, 221, 343, 232, 454, 555,
121, 332, 343, 232, 232, 221, 121, 343, 343, 454, 454, 343, 565, 565, 565, 565,
121, 121, 232, 343, 343, 343, 232, 443, 454, 444, 665, 454, 343, 665, 787, 665,
676, 343, 222, 343, 232, 232, 232, 121, 333, 343, 343, 554, 232, 554, 555, 565,
665, 232, 121, 222, 332, 343, 343, 332, 343, 454, 454, 554, 676, 332, 554, 676,
776, 665, 565, 121, 343, 332, 232, 232, 121, 232, 443, 343, 454, 333, 454, 555,
565, 565, 443, 121, 221, 232, 343, 343, 343, 121, 332, 333, 232, 232, 121, 221,
443, 343, 454, 454, 121, 332, 343, 232, 232, 221, 121, 343, 343, 454, 454, 343,
565, 565, 565, 565, 121, 121, 232, 343, 343, 343, 232, 443, 454, 444, 665, 454,
343, 665, 787, 665, 676, 343, 222, 343, 232, 232, 232, 121, 333, 343, 343, 554,
232, 554, 555, 565, 665, 232, 121, 222, 332, 343, 343, 332, 343, 454, 454, 554,
676, 332, 554, 676, 776, 665, 565, 121, 343, 332, 232, 232, 121, 232, 443, 343,
454, 333, 454, 555, 565, 565, 443, 121, 221, 232, 343, 343, 343, 121, 332, 333,
232, 232, 121, 221, 443, 343, 454, 454, 121, 332, 343, 232, 232, 221, 121, 343,
343, 454, 454, 343, 565, 565, 565, 565, 121, 121, 232, 343, 343, 343, 232, 443,
454, 444, 665, 454, 343, 665, 787, 665, 676, 343, 222, 343, 232, 232, 232, 121,
333, 343, 343, 554, 232, 554, 555, 565, 665, 232, 121, 222, 332, 343, 343, 332,
343, 454, 454, 554, 676, 332, 554, 676, 776, 665, 565, 121, 343, 332, 232, 232,
121, 232, 443, 343, 454, 333, 454, 555, 565, 565, 443, 121, 221, 232, 343, 343,
343, 121, 332, 333, 232, 232, 121, 221, 443, 343, 454, 454, 121, 332, 343, 232,
232, 221, 121, 343, 343, 454, 454, 343, 565, 565, 565, 565, 121, 121, 232, 343,
343, 343, 232, 443, 454, 444, 665, 454, 343, 665, 787, 665, 676, 343, 222, 343,
232, 232, 232, 121, 333, 343, 343, 554, 232, 554, 555, 565, 665, 232, 121, 222,
332, 343, 343, 332, 343, 454, 454, 554, 676, 332, 554, 676, 776, 665, 565, 121,
343, 332, 232, 232, 121, 232, 443, 343, 454, 333, 454, 555, 565, 565, 443, 121,
221, 232, 343, 343, 343, 121, 332, 333, 232, 232, 121, 221, 443, 343, 454, 454,
121, 232, 232, 343, 343, 232, 222, 343, 444, 454, 454, 343, 554, 565, 676, 565,
121, 121, 121, 221, 221, 121, 222, 443, 454, 454, 554, 444, 343, 454, 565, 454,
565, 343, 232, 232, 343, 343, 332, 232, 333, 454, 454, 565, 332, 454, 554, 676,
676, 232, 121, 121, 221, 221, 221, 121, 343, 454, 454, 454, 554, 232, 454, 565,
554, 454, 454, 221, 232, 343, 343, 332, 232, 232, 454, 443, 565, 343, 343, 454,
675, 676, 454, 121, 121, 221, 221, 221, 121, 221, 232, 332, 343, 332, 232, 222,
343, 454, 565, 454, 121, 232, 232, 343, 343, 232, 222, 343, 444, 454, 454, 343,
554, 565, 676, 565, 121, 121, 121, 221, 221, 121, 222, 443, 454, 454, 554, 444,
343, 454, 565, 454, 565, 343, 232, 232, 343, 343, 332, 232, 333, 454, 454, 565,
332, 454, 554, 676, 676, 232, 121, 121, 221, 221, 221, 121, 343, 454, 454, 454,
554, 232, 454, 565, 554, 454, 454, 221, 232, 343, 343, 332, 232, 232, 454, 443,
565, 343, 343, 454, 675, 676, 454, 121, 121, 221, 221, 221, 121, 221, 232, 332,
343, 332, 232, 222, 343, 454, 565, 454, 121, 232, 232, 343, 343, 232, 222, 343,
444, 454, 454, 343, 554, 565, 676, 565, 121, 121, 121, 221, 221, 121, 222, 443,
454, 454, 554, 444, 343, 454, 565, 454, 565, 343, 232, 232, 343, 343, 332, 232,
333, 454, 454, 565, 332, 454, 554, 676, 676, 232, 121, 121, 221, 221, 221, 121,
343, 454, 454, 454, 554, 232, 454, 565, 554, 454, 454, 221, 232, 343, 343, 332,
232, 232, 454, 443, 565, 343, 343, 454, 675, 676, 454, 121, 121, 221, 221, 221,
121, 221, 232, 332, 343, 332, 232, 222, 343, 454, 565, 454, 121, 232, 232, 343,
343, 232, 222, 343, 444, 454, 454, 343, 554, 565, 676, 565, 121, 121, 121, 221,
221, 121, 222, 443, 454, 454, 554, 444, 343, 454, 565, 454, 565, 343, 232, 232,
343, 343, 332, 232, 333, 454, 454, 565, 332, 454, 554, 676, 676, 232, 121, 121,
221, 221, 221, 121, 343, 454, 454, 454, 554, 232, 454, 565, 554, 454, 454, 221,
232, 343, 343, 332, 232, 232, 454, 443, 565, 343, 343, 454, 675, 676, 454, 121,
121, 221, 221, 221, 121, 221, 232, 332, 343, 332, 232, 222, 343, 454, 565, 454,
121, 222, 332, 232, 343, 332, 222, 343, 454, 454, 454, 232, 332, 454, 454, 454,
232, 454, 554, 565, 454, 555, 332, 343, 454, 454, 454, 343, 343, 454, 454, 444,
554, 343, 221, 232, 332, 332, 343, 222, 333, 454, 454, 554, 332, 232, 343, 454,
554, 332, 343, 554, 564, 454, 554, 343, 343, 454, 454, 454, 454, 332, 454, 454,
454, 454, 454, 121, 232, 333, 232, 343, 232, 232, 454, 454, 554, 343, 222, 332,
454, 454, 343, 332, 454, 554, 565, 454, 454, 121, 232, 332, 232, 343, 332, 221,
443, 454, 554, 444, 121, 222, 332, 232, 343, 332, 222, 343, 454, 454, 454, 232,
332, 454, 454, 454, 232, 454, 554, 565, 454, 555, 332, 343, 454, 454, 454, 343,
343, 454, 454, 444, 554, 343, 221, 232, 332, 332, 343, 222, 333, 454, 454, 554,
332, 232, 343, 454, 554, 332, 343, 554, 564, 454, 554, 343, 343, 454, 454, 454,
454, 332, 454, 454, 454, 454, 454, 121, 232, 333, 232, 343, 232, 232, 454, 454,
554, 343, 222, 332, 454, 454, 343, 332, 454, 554, 565, 454, 454, 121, 232, 332,
232, 343, 332, 221, 443, 454, 554, 444, 121, 222, 332, 232, 343, 332, 222, 343,
454, 454, 454, 232, 332, 454, 454, 454, 232, 454, 554, 565, 454, 555, 332, 343,
454, 454, 454, 343, 343, 454, 454, 444, 554, 343, 221, 232, 332, 332, 343, 222,
333, 454, 454, 554, 332, 232, 343, 454, 554, 332, 343, 554, 564, 454, 554, 343,
343, 454, 454, 454, 454, 332, 454, 454, 454, 454, 454, 121, 232, 333, 232, 343,
232, 232, 454, 454, 554, 343, 222, 332, 454, 454, 343, 332, 454, 554, 565, 454,
454, 121, 232, 332, 232, 343, 332, 221, 443, 454, 554, 444, 121, 222, 332, 232,
343, 332, 222, 343, 454, 454, 454, 232, 332, 454, 454, 454, 232, 454, 554, 565,
454, 555, 332, 343, 454, 454, 454, 343, 343, 454, 454, 444, 554, 343, 221, 232,
332, 332, 343, 222, 333, 454, 454, 554, 332, 232, 343, 454, 554, 332, 343, 554,
564, 454, 554, 343, 343, 454, 454, 454, 454, 332, 454, 454, 454, 454, 454, 121,
232, 333, 232, 343, 232, 232, 454, 454, 554, 343, 222, 332, 454, 454, 343, 332,
454, 554, 565, 454, 454, 121, 232, 332, 232, 343, 332, 221, 443, 454, 554, 444,
121, 221, 232, 121, 232, 232, 121, 333, 454, 554, 454, 232, 332, 444, 454, 554,
332, 665, 676, 565, 675, 787, 332, 343, 454, 454, 565, 454, 232, 454, 454, 444,
565, 343, 121, 232, 221, 222, 232, 121, 232, 444, 454, 555, 232, 332, 443, 444,
555, 343, 454, 676, 675, 565, 787, 454, 232, 454, 454, 454, 565, 232, 444, 454,
454, 454, 565, 121, 222, 222, 121, 332, 221, 221, 343, 454, 565, 332, 222, 343,
454, 454, 454, 343, 676, 676, 565, 676, 676, 121, 221, 232, 121, 232, 232, 221,
343, 454, 565, 443, 121, 221, 232, 121, 232, 232, 121, 333, 454, 554, 454, 232,
332, 444, 454, 554, 332, 665, 676, 565, 675, 787, 332, 343, 454, 454, 565, 454,
232, 454, 454, 444, 565, 343, 121, 232, 221, 222, 232, 121, 232, 444, 454, 555,
232, 332, 443, 444, 555, 343, 454, 676, 675, 565, 787, 454, 232, 454, 454, 454,
565, 232, 444, 454, 454, 454, 565, 121, 222, 222, 121, 332, 221, 221, 343, 454,
565, 332, 222, 343, 454, 454, 454, 343, 676, 676, 565, 676, 676, 121, 221, 232,
121, 232, 232, 221, 343, 454, 565, 443, 121, 221, 232, 121, 232, 232, 121, 333,
454, 554, 454, 232, 332, 444, 454, 554, 332, 665, 676, 565, 675, 787, 332, 343,
454, 454, 565, 454, 232, 454, 454, 444, 565, 343, 121, 232, 221, 222, 232, 121,
232, 444, 454, 555, 232, 332, 443, 444, 555, 343, 454, 676, 675, 565, 787, 454,
232, 454, 454, 454, 565, 232, 444, 454, 454, 454, 565, 121, 222, 222, 121, 332,
221, 221, 343, 454, 565, 332, 222, 343, 454, 454, 454, 343, 676, 676, 565, 676,
676, 121, 221, 232, 121, 232, 232, 221, 343, 454, 565, 443, 121, 221, 232, 121,
232, 232, 121, 333, 454, 554, 454, 232, 332, 444, 454, 554, 332, 665, 676, 565,
675, 787, 332, 343, 454, 454, 565, 454, 232, 454, 454, 444, 565, 343, 121, 232,
221, 222, 232, 121, 232, 444, 454, 555, 232, 332, 443, 444, 555, 343, 454, 676,
675, 565, 787, 454, 232, 454, 454, 454, 565, 232, 444, 454, 454, 454, 565, 121,
222, 222, 121, 332, 221, 221, 343, 454, 565, 332, 222, 343, 454, 454, 454, 343,
676, 676, 565, 676, 676, 121, 221, 232, 121, 232, 232, 221, 343, 454, 565, 443,
121, 121, 121, 121, 121, 121, 121, 343, 454, 565, 454, 232, 443, 454, 454, 565,
332, 454, 565, 454, 454, 565, 232, 232, 454, 444, 675, 554, 222, 454, 454, 454,
676, 343, 111, 121, 121, 121, 121, 121, 232, 444, 454, 565, 222, 343, 454, 454,
565, 343, 443, 565, 554, 454, 565, 443, 221, 444, 454, 554, 676, 222, 454, 454,
444, 565, 565, 121, 121, 121, 121, 121, 121, 221, 343, 454, 565, 332, 332, 444,
454, 565, 454, 333, 555, 565, 454, 565, 564, 121, 121, 121, 121, 121, 121, 222,
343, 454, 565, 443, 121, 121, 121, 121, 121, 121, 121, 343, 454, 565, 454, 232,
443, 454, 454, 565, 332, 454, 565, 454, 454, 565, 232, 232, 454, 444, 675, 554,
222, 454, 454, 454, 676, 343, 111, 121, 121, 121, 121, 121, 232, 444, 454, 565,
222, 343, 454, 454, 565, 343, 443, 565, 554, 454, 565, 443, 221, 444, 454, 554,
676, 222, 454, 454, 444, 565, 565, 121, 121, 121, 121, 121, 121, 221, 343, 454,
565, 332, 332, 444, 454, 565, 454, 333, 555, 565, 454, 565, 564, 121, 121, 121,
121, 121, 121, 222, 343, 454, 565, 443, 121, 121, 121, 121, 121, 121, 121, 343,
454, 565, 454, 232, 443, 454, 454, 565, 332, 454, 565, 454, 454, 565, 232, 232,
454, 444, 675, 554, 222, 454, 454, 454, 676, 343, 111, 121, 121, 121, 121, 121,
232, 444, 454, 565, 222, 343, 454, 454, 565, 343, 443, 565, 554, 454, 565, 443,
221, 444, 454, 554, 676, 222, 454, 454, 444, 565, 565, 121, 121, 121, 121, 121,
121, 221, 343, 454, 565, 332, 332, 444, 454, 565, 454, 333, 555, 565, 454, 565,
564, 121, 121, 121, 121, 121, 121, 222, 343, 454, 565, 443, 121, 121, 121, 121,
121, 121, 121, 343, 454, 565, 454, 232, 443, 454, 454, 565, 332, 454, 565, 454,
454, 565, 232, 232, 454, 444, 675, 554, 222, 454, 454, 454, 676, 343, 111, 121,
121, 121, 121, 121, 232, 444, 454, 565, 222, 343, 454, 454, 565, 343, 443, 565,
554, 454, 565, 443, 221, 444, 454, 554, 676, 222, 454, 454, 444, 565, 565, 121,
121, 121, 121, 121, 121, 221, 343, 454, 565, 332, 332, 444, 454, 565, 454, 333,
555, 565, 454, 565, 564, 121, 121, 121, 121, 121, 121, 222, 343, 454, 565, 443,
221, 343, 443, 443, 444, 444, 232, 343, 454, 565, 454, 232, 454, 454, 454, 665,
232, 454, 454, 454, 454, 565, 332, 332, 454, 444, 565, 554, 222, 343, 454, 454,
565, 343, 332, 343, 443, 454, 443, 343, 232, 454, 454, 565, 232, 443, 454, 454,
676, 343, 343, 454, 454, 454, 554, 454, 222, 454, 454, 454, 665, 221, 343, 454,
454, 565, 454, 232, 343, 443, 444, 443, 443, 232, 343, 454, 565, 333, 343, 454,
444, 565, 454, 343, 454, 454, 454, 454, 565, 232, 343, 443, 443, 443, 454, 232,
443, 454, 565, 443, 221, 343, 443, 443, 444, 444, 232, 343, 454, 565, 454, 232,
454, 454, 454, 665, 232, 454, 454, 454, 454, 565, 332, 332, 454, 444, 565, 554,
222, 343, 454, 454, 565, 343, 332, 343, 443, 454, 443, 343, 232, 454, 454, 565,
232, 443, 454, 454, 676, 343, 343, 454, 454, 454, 554, 454, 222, 454, 454, 454,
665, 221, 343, 454, 454, 565, 454, 232, 343, 443, 444, 443, 443, 232, 343, 454,
565, 333, 343, 454, 444, 565, 454, 343, 454, 454, 454, 454, 565, 232, 343, 443,
443, 443, 454, 232, 443, 454, 565, 443, 221, 343, 443, 443, 444, 444, 232, 343,
454, 565, 454, 232, 454, 454, 454, 665, 232, 454, 454, 454, 454, 565, 332, 332,
454, 444, 565, 554, 222, 343, 454, 454, 565, 343, 332, 343, 443, 454, 443, 343,
232, 454, 454, 565, 232, 443, 454, 454, 676, 343, 343, 454, 454, 454, 554, 454,
222, 454, 454, 454, 665, 221, 343, 454, 454, 565, 454, 232, 343, 443, 444, 443,
443, 232, 343, 454, 565, 333, 343, 454, 444, 565, 454, 343, 454, 454, 454, 454,
565, 232, 343, 443, 443, 443, 454, 232, 443, 454, 565, 443, 221, 343, 443, 443,
444, 444, 232, 343, 454, 565, 454, 232, 454, 454, 454, 665, 232, 454, 454, 454,
454, 565, 332, 332, 454, 444, 565, 554, 222, 343, 454, 454, 565, 343, 332, 343,
443, 454, 443, 343, 232, 454, 454, 565, 232, 443, 454, 454, 676, 343, 343, 454,
454, 454, 554, 454, 222, 454, 454, 454, 665, 221, 343, 454, 454, 565, 454, 232,
343, 443, 444, 443, 443, 232, 343, 454, 565, 333, 343, 454, 444, 565, 454, 343,
454, 454, 454, 454, 565, 232, 343, 443, 443, 443, 454, 232, 443, 454, 565, 443,
232, 565, 676, 676, 676, 676, 343, 232, 454, 565, 454, 343, 454, 454, 565, 565,
232, 443, 454, 454, 454, 665, 333, 232, 454, 454, 554, 554, 121, 343, 454, 454,
454, 343, 454, 665, 676, 676, 676, 565, 121, 343, 554, 565, 343, 454, 454, 454,
675, 332, 343, 454, 454, 444, 565, 454, 121, 343, 454, 454, 565, 221, 232, 454,
454, 454, 454, 343, 565, 676, 676, 676, 676, 222, 343, 454, 565, 343, 454, 454,
454, 565, 444, 232, 454, 454, 454, 454, 665, 332, 565, 676, 676, 676, 676, 343,
332, 454, 565, 443, 232, 565, 676, 676, 676, 676, 343, 232, 454, 565, 454, 343,
454, 454, 565, 565, 232, 443, 454, 454, 454, 665, 333, 232, 454, 454, 554, 554,
121, 343, 454, 454, 454, 343, 454, 665, 676, 676, 676, 565, 121, 343, 554, 565,
343, 454, 454, 454, 675, 332, 343, 454, 454, 444, 565, 454, 121, 343, 454, 454,
565, 221, 232, 454, 454, 454, 454, 343, 565, 676, 676, 676, 676, 222, 343, 454,
565, 343, 454, 454, 454, 565, 444, 232, 454, 454, 454, 454, 665, 332, 565, 676,
676, 676, 676, 343, 332, 454, 565, 443, 232, 565, 676, 676, 676, 676, 343, 232,
454, 565, 454, 343, 454, 454, 565, 565, 232, 443, 454, 454, 454, 665, 333, 232,
454, 454, 554, 554, 121, 343, 454, 454, 454, 343, 454, 665, 676, 676, 676, 565,
121, 343, 554, 565, 343, 454, 454, 454, 675, 332, 343, 454, 454, 444, 565, 454,
121, 343, 454, 454, 565, 221, 232, 454, 454, 454, 454, 343, 565, 676, 676, 676,
676, 222, 343, 454, 565, 343, 454, 454, 454, 565, 444, 232, 454, 454, 454, 454,
665, 332, 565, 676, 676, 676, 676, 343, 332, 454, 565, 443, 232, 565, 676, 676,
676, 676, 343, 232, 454, 565, 454, 343, 454, 454, 565, 565, 232, 443, 454, 454,
454, 665, 333, 232, 454, 454, 554, 554, 121, 343, 454, 454, 454, 343, 454, 665,
676, 676, 676, 565, 121, 343, 554, 565, 343, 454, 454, 454, 675, 332, 343, 454,
454, 444, 565, 454, 121, 343, 454, 454, 565, 221, 232, 454, 454, 454, 454, 343,
565, 676, 676, 676, 676, 222, 343, 454, 565, 343, 454, 454, 454, 565, 444, 232,
454, 454, 454, 454, 665, 332, 565, 676, 676, 676, 676, 343, 332, 454, 565, 443,
232, 333, 454, 565, 444, 565, 343, 332, 454, 565, 454, 343, 454, 454, 554, 454,
221, 343, 454, 454, 444, 565, 333, 221, 343, 454, 565, 454, 121, 343, 454, 454,
454, 343, 232, 443, 565, 454, 454, 454, 222, 443, 555, 554, 333, 454, 454, 454,
565, 232, 232, 454, 454, 454, 454, 454, 121, 332, 454, 454, 665, 222, 332, 454,
454, 454, 454, 232, 343, 565, 454, 444, 565, 232, 343, 454, 554, 343, 443, 454,
454, 565, 343, 222, 454, 454, 454, 444, 565, 232, 343, 454, 554, 443, 565, 343,
343, 454, 565, 343, 232, 333, 454, 565, 444, 565, 343, 332, 454, 565, 454, 343,
454, 454, 554, 454, 221, 343, 454, 454, 444, 565, 333, 221, 343, 454, 565, 454,
121, 343, 454, 454, 454, 343, 232, 443, 565, 454, 454, 454, 222, 443, 555, 554,
333, 454, 454, 454, 565, 232, 232, 454, 454, 454, 454, 454, 121, 332, 454, 454,
665, 222, 332, 454, 454, 454, 454, 232, 343, 565, 454, 444, 565, 232, 343, 454,
554, 343, 443, 454, 454, 565, 343, 222, 454, 454, 454, 444, 565, 232, 343, 454,
554, 443, 565, 343, 343, 454, 565, 343, 232, 333, 454, 565, 444, 565, 343, 332,
454, 565, 454, 343, 454, 454, 554, 454, 221, 343, 454, 454, 444, 565, 333, 221,
343, 454, 565, 454, 121, 343, 454, 454, 454, 343, 232, 443, 565, 454, 454, 454,
222, 443, 555, 554, 333, 454, 454, 454, 565, 232, 232, 454, 454, 454, 454, 454,
121, 332, 454, 454, 665, 222, 332, 454, 454, 454, 454, 232, 343, 565, 454, 444,
565, 232, 343, 454, 554, 343, 443, 454, 454, 565, 343, 222, 454, 454, 454, 444,
565, 232, 343, 454, 554, 443, 565, 343, 343, 454, 565, 343, 232, 333, 454, 565,
444, 565, 343, 332, 454, 565, 454, 343, 454, 454, 554, 454, 221, 343, 454, 454,
444, 565, 333, 221, 343, 454, 565, 454, 121, 343, 454, 454, 454, 343, 232, 443,
565, 454, 454, 454, 222, 443, 555, 554, 333, 454, 454, 454, 565, 232, 232, 454,
454, 454, 454, 454, 121, 332, 454, 454, 665, 222, 332, 454, 454, 454, 454, 232,
343, 565, 454, 444, 565, 232, 343, 454, 554, 343, 443, 454, 454, 565, 343, 222,
454, 454, 454, 444, 565, 232, 343, 454, 554, 443, 565, 343, 343, 454, 565, 343,
222, 232, 444, 454, 443, 565, 443, 343, 454, 454, 444, 332, 454, 454, 454, 454,
222, 343, 454, 454, 343, 454, 343, 332, 332, 454, 565, 454, 232, 454, 454, 454,
554, 343, 232, 343, 454, 444, 554, 565, 332, 454, 454, 555, 332, 443, 454, 454,
454, 232, 232, 454, 454, 343, 343, 454, 232, 232, 443, 554, 676, 232, 343, 454,
454, 454, 454, 222, 343, 454, 454, 454, 665, 332, 454, 444, 554, 343, 443, 454,
454, 454, 443, 222, 343, 454, 444, 343, 454, 232, 232, 454, 454, 454, 676, 343,
343, 454, 454, 343, 222, 232, 444, 454, 443, 565, 443, 343, 454, 454, 444, 332,
454, 454, 454, 454, 222, 343, 454, 454, 343, 454, 343, 332, 332, 454, 565, 454,
232, 454, 454, 454, 554, 343, 232, 343, 454, 444, 554, 565, 332, 454, 454, 555,
332, 443, 454, 454, 454, 232, 232, 454, 454, 343, 343, 454, 232, 232, 443, 554,
676, 232, 343, 454, 454, 454, 454, 222, 343, 454, 454, 454, 665, 332, 454, 444,
554, 343, 443, 454, 454, 454, 443, 222, 343, 454, 444, 343, 454, 232, 232, 454,
454, 454, 676, 343, 343, 454, 454, 343, 222, 232, 444, 454, 443, 565, 443, 343,
454, 454, 444, 332, 454, 454, 454, 454, 222, 343, 454, 454, 343, 454, 343, 332,
332, 454, 565, 454, 232, 454, 454, 454, 554, 343, 232, 343, 454, 444, 554, 565,
332, 454, 454, 555, 332, 443, 454, 454, 454, 232, 232, 454, 454, 343, 343, 454,
232, 232, 443, 554, 676, 232, 343, 454, 454, 454, 454, 222, 343, 454, 454, 454,
665, 332, 454, 444, 554, 343, 443, 454, 454, 454, 443, 222, 343, 454, 444, 343,
454, 232, 232, 454, 454, 454, 676, 343, 343, 454, 454, 343, 222, 232, 444, 454,
443, 565, 443, 343, 454, 454, 444, 332, 454, 454, 454, 454, 222, 343, 454, 454,
343, 454, 343, 332, 332, 454, 565, 454, 232, 454, 454, 454, 554, 343, 232, 343,
454, 444, 554, 565, 332, 454, 454, 555, 332, 443, 454, 454, 454, 232, 232, 454,
454, 343, 343, 454, 232, 232, 443, 554, 676, 232, 343, 454, 454, 454, 454, 222,
343, 454, 454, 454, 665, 332, 454, 444, 554, 343, 443, 454, 454, 454, 443, 222,
343, 454, 444, 343, 454, 232, 232, 454, 454, 454, 676, 343, 343, 454, 454, 343,
121, 343, 454, 454, 343, 454, 343, 343, 454, 443, 443, 221, 443, 454, 454, 454,
232, 332, 454, 343, 232, 454, 343, 343, 444, 443, 454, 443, 332, 454, 454, 454,
565, 333, 232, 454, 454, 343, 443, 454, 332, 454, 343, 554, 222, 343, 454, 443,
454, 333, 232, 443, 443, 232, 343, 454, 332, 443, 443, 454, 554, 232, 454, 454,
454, 555, 454, 221, 443, 454, 443, 343, 454, 332, 443, 343, 454, 333, 232, 454,
444, 454, 443, 232, 343, 454, 333, 232, 554, 222, 343, 454, 444, 343, 565, 333,
343, 343, 443, 443, 121, 343, 454, 454, 343, 454, 343, 343, 454, 443, 443, 221,
443, 454, 454, 454, 232, 332, 454, 343, 232, 454, 343, 343, 444, 443, 454, 443,
332, 454, 454, 454, 565, 333, 232, 454, 454, 343, 443, 454, 332, 454, 343, 554,
222, 343, 454, 443, 454, 333, 232, 443, 443, 232, 343, 454, 332, 443, 443, 454,
554, 232, 454, 454, 454, 555, 454, 221, 443, 454, 443, 343, 454, 332, 443, 343,
454, 333, 232, 454, 444, 454, 443, 232, 343, 454, 333, 232, 554, 222, 343, 454,
444, 343, 565, 333, 343, 343, 443, 443, 121, 343, 454, 454, 343, 454, 343, 343,
454, 443, 443, 221, 443, 454, 454, 454, 232, 332, 454, 343, 232, 454, 343, 343,
444, 443, 454, 443, 332, 454, 454, 454, 565, 333, 232, 454, 454, 343, 443, 454,
332, 454, 343, 554, 222, 343, 454, 443, 454, 333, 232, 443, 443, 232, 343, 454,
332, 443, 443, 454, 554, 232, 454, 454, 454, 555, 454, 221, 443, 454, 443, 343,
454, 332, 443, 343, 454, 333, 232, 454, 444, 454, 443, 232, 343, 454, 333, 232,
554, 222, 343, 454, 444, 343, 565, 333, 343, 343, 443, 443, 121, 343, 454, 454,
343, 454, 343, 343, 454, 443, 443, 221, 443, 454, 454, 454, 232, 332, 454, 343,
232, 454, 343, 343, 444, 443, 454, 443, 332, 454, 454, 454, 565, 333, 232, 454,
454, 343, 443, 454, 332, 454, 343, 554, 222, 343, 454, 443, 454, 333, 232, 443,
443, 232, 343, 454, 332, 443, 443, 454, 554, 232, 454, 454, 454, 555, 454, 221,
443, 454, 443, 343, 454, 332, 443, 343, 454, 333, 232, 454, 444, 454, 443, 232,
343, 454, 333, 232, 554, 222, 343, 454, 444, 343, 565, 333, 343, 343, 443, 443,
121, 343, 454, 343, 232, 454, 343, 332, 332, 332, 343, 221, 343, 343, 343, 454,
232, 343, 343, 232, 232, 454, 232, 232, 454, 232, 443, 343, 222, 443, 444, 443,
454, 332, 232, 454, 444, 232, 343, 444, 232, 343, 332, 454, 221, 332, 443, 332,
454, 332, 343, 443, 232, 221, 343, 343, 221, 443, 332, 343, 454, 221, 343, 454,
444, 454, 443, 221, 343, 454, 333, 232, 454, 232, 332, 332, 443, 333, 232, 343,
343, 343, 343, 332, 443, 343, 221, 332, 454, 221, 343, 454, 343, 332, 454, 333,
332, 232, 332, 343, 121, 343, 454, 343, 232, 454, 343, 332, 332, 332, 343, 221,
343, 343, 343, 454, 232, 343, 343, 232, 232, 454, 232, 232, 454, 232, 443, 343,
222, 443, 444, 443, 454, 332, 232, 454, 444, 232, 343, 444, 232, 343, 332, 454,
221, 332, 443, 332, 454, 332, 343, 443, 232, 221, 343, 343, 221, 443, 332, 343,
454, 221, 343, 454, 444, 454, 443, 221, 343, 454, 333, 232, 454, 232, 332, 332,
443, 333, 232, 343, 343, 343, 343, 332, 443, 343, 221, 332, 454, 221, 343, 454,
343, 332, 454, 333, 332, 232, 332, 343, 121, 343, 454, 343, 232, 454, 343, 332,
332, 332, 343, 221, 343, 343, 343, 454, 232, 343, 343, 232, 232, 454, 232, 232,
454, 232, 443, 343, 222, 443, 444, 443, 454, 332, 232, 454, 444, 232, 343, 444,
232, 343, 332, 454, 221, 332, 443, 332, 454, 332, 343, 443, 232, 221, 343, 343,
221, 443, 332, 343, 454, 221, 343, 454, 444, 454, 443, 221, 343, 454, 333, 232,
454, 232, 332, 332, 443, 333, 232, 343, 343, 343, 343, 332, 443, 343, 221, 332,
454, 221, 343, 454, 343, 332, 454, 333, 332, 232, 332, 343, 121, 343, 454, 343,
232, 454, 343, 332, 332, 332, 343, 221, 343, 343, 343, 454, 232, 343, 343, 232,
232, 454, 232, 232, 454, 232, 443, 343, 222, 443, 444, 443, 454, 332, 232, 454,
444, 232, 343, 444, 232, 343, 332, 454, 221, 332, 443, 332, 454, 332, 343, 443,
232, 221, 343, 343, 221, 443, 332, 343, 454, 221, 343, 454, 444, 454, 443, 221,
343, 454, 333, 232, 454, 232, 332, 332, 443, 333, 232, 343, 343, 343, 343, 332,
443, 343, 221, 332, 454, 221, 343, 454, 343, 332, 454, 333, 332, 232, 332, 343,
121, 222, 332, 232, 221, 332, 232, 232, 121, 332, 232, 121, 221, 232, 221, 232,
232, 332, 232, 222, 332, 332, 221, 221, 343, 222, 232, 232, 121, 232, 332, 332,
332, 222, 121, 332, 332, 121, 232, 232, 232, 221, 332, 232, 121, 121, 232, 221,
232, 232, 332, 232, 121, 232, 332, 232, 121, 232, 232, 232, 332, 121, 232, 332,
332, 332, 232, 121, 232, 332, 222, 232, 332, 232, 222, 232, 343, 221, 121, 232,
222, 232, 232, 232, 332, 221, 232, 332, 232, 121, 232, 333, 332, 232, 332, 232,
221, 121, 332, 232, 121, 222, 332, 232, 221, 332, 232, 232, 121, 332, 232, 121,
221, 232, 221, 232, 232, 332, 232, 222, 332, 332, 221, 221, 343, 222, 232, 232,
121, 232, 332, 332, 332, 222, 121, 332, 332, 121, 232, 232, 232, 221, 332, 232,
121, 121, 232, 221, 232, 232, 332, 232, 121, 232, 332, 232, 121, 232, 232, 232,
332, 121, 232, 332, 332, 332, 232, 121, 232, 332, 222, 232, 332, 232, 222, 232,
343, 221, 121, 232, 222, 232, 232, 232, 332, 221, 232, 332, 232, 121, 232, 333,
332, 232, 332, 232, 221, 121, 332, 232, 121, 222, 332, 232, 221, 332, 232, 232,
121, 332, 232, 121, 221, 232, 221, 232, 232, 332, 232, 222, 332, 332, 221, 221,
343, 222, 232, 232, 121, 232, 332, 332, 332, 222, 121, 332, 332, 121, 232, 232,
232, 221, 332, 232, 121, 121, 232, 221, 232, 232, 332, 232, 121, 232, 332, 232,
121, 232, 232, 232, 332, 121, 232, 332, 332, 332, 232, 121, 232, 332, 222, 232,
332, 232, 222, 232, 343, 221, 121, 232, 222, 232, 232, 232, 332, 221, 232, 332,
232, 121, 232, 333, 332, 232, 332, 232, 221, 121, 332, 232, 121, 222, 332, 232,
221, 332, 232, 232, 121, 332, 232, 121, 221, 232, 221, 232, 232, 332, 232, 222,
332, 332, 221, 221, 343, 222, 232, 232, 121, 232, 332, 332, 332, 222, 121, 332,
332, 121, 232, 232, 232, 221, 332, 232, 121, 121, 232, 221, 232, 232, 332, 232,
121, 232, 332, 232, 121, 232, 232, 232, 332, 121, 232, 332, 332, 332, 232, 121,
232, 332, 222, 232, 332, 232, 222, 232, 343, 221, 121, 232, 222, 232, 232, 232,
332, 221, 232, 332, 232, 121, 232, 333, 332, 232, 332, 232, 221, 121, 332, 232,
121, 222, 222, 222, 222, 222, 222, 232, 222, 221, 222, 222, 222, 221, 222, 222,
222, 221, 221, 222, 221, 222, 222, 222, 232, 222, 221, 222, 121, 221, 222, 222,
222, 121, 221, 222, 222, 222, 222, 221, 221, 222, 232, 221, 221, 221, 221, 222,
222, 222, 222, 121, 221, 222, 222, 222, 222, 232, 232, 232, 222, 121, 221, 222,
222, 222, 221, 121, 222, 222, 222, 222, 222, 221, 232, 232, 232, 221, 222, 222,
222, 222, 222, 222, 221, 221, 221, 222, 222, 222, 222, 222, 232, 232, 221, 121,
221, 221, 222, 221, 121, 222, 222, 222, 222, 222, 222, 232, 222, 221, 222, 222,
222, 221, 222, 222, 222, 221, 221, 222, 221, 222, 222, 222, 232, 222, 221, 222,
121, 221, 222, 222, 222, 121, 221, 222, 222, 222, 222, 221, 221, 222, 232, 221,
221, 221, 221, 222, 222, 222, 222, 121, 221, 222, 222, 222, 222, 232, 232, 232,
222, 121, 221, 222, 222, 222, 221, 121, 222, 222, 222, 222, 222, 221, 232, 232,
232, 221, 222, 222, 222, 222, 222, 222, 221, 221, 221, 222, 222, 222, 222, 222,
232, 232, 221, 121, 221, 221, 222, 221, 121, 222, 222, 222, 222, 222, 222, 232,
222, 221, 222, 222, 222, 221, 222, 222, 222, 221, 221, 222, 221, 222, 222, 222,
232, 222, 221, 222, 121, 221, 222, 222, 222, 121, 221, 222, 222, 222, 222, 221,
221, 222, 232, 221, 221, 221, 221, 222, 222, 222, 222, 121, 221, 222, 222, 222,
222, 232, 232, 232, 222, 121, 221, 222, 222, 222, 221, 121, 222, 222, 222, 222,
222, 221, 232, 232, 232, 221, 222, 222, 222, 222, 222, 222, 221, 221, 221, 222,
222, 222, 222, 222, 232, 232, 221, 121, 221, 221, 222, 221, 121, 222, 222, 222,
222, 222, 222, 232, 222, 221, 222, 222, 222, 221, 222, 222, 222, 221, 221, 222,
221, 222, 222, 222, 232, 222, 221, 222, 121, 221, 222, 222, 222, 121, 221, 222,
222, 222, 222, 221, 221, 222, 232, 221, 221, 221, 221, 222, 222, 222, 222, 121,
221, 222, 222, 222, 222, 232, 232, 232, 222, 121, 221, 222, 222, 222, 221, 121,
222, 222, 222, 222, 222, 221, 232, 232, 232, 221, 222, 222, 222, 222, 222, 222,
221, 221, 221, 222, 222, 222, 222, 222, 232, 232, 221, 121, 221, 221, 222, 221,
232, 565, 565, 675, 675, 776, 444, 454, 565, 565, 565, 676, 676, 565, 676, 676,
676, 454, 443, 565, 565, 565, 676, 676, 776, 676, 665, 676, 332, 565, 676, 676,
787, 343, 454, 565, 565, 676, 676, 565, 343, 565, 565, 565, 565, 676, 565, 676,
676, 676, 565, 332, 565, 565, 565, 676, 676, 676, 787, 665, 676, 343, 454, 665,
676, 776, 565, 343, 565, 565, 676, 665, 676, 332, 565, 665, 565, 565, 676, 676,
565, 676, 665, 676, 332, 555, 565, 565, 665, 676, 676, 776, 676, 676, 565, 333,
565, 565, 676, 454, 232, 565, 565, 675, 675, 776, 444, 454, 565, 565, 565, 676,
676, 565, 676, 676, 676, 454, 443, 565, 565, 565, 676, 676, 776, 676, 665, 676,
332, 565, 676, 676, 787, 343, 454, 565, 565, 676, 676, 565, 343, 565, 565, 565,
565, 676, 565, 676, 676, 676, 565, 332, 565, 565, 565, 676, 676, 676, 787, 665,
676, 343, 454, 665, 676, 776, 565, 343, 565, 565, 676, 665, 676, 332, 565, 665,
565, 565, 676, 676, 565, 676, 665, 676, 332, 555, 565, 565, 665, 676, 676, 776,
676, 676, 565, 333, 565, 565, 676, 454, 232, 565, 565, 675, 675, 776, 444, 454,
565, 565, 565, 676, 676, 565, 676, 676, 676, 454, 443, 565, 565, 565, 676, 676,
776, 676, 665, 676, 332, 565, 676, 676, 787, 343, 454, 565, 565, 676, 676, 565,
343, 565, 565, 565, 565, 676, 565, 676, 676, 676, 565, 332, 565, 565, 565, 676,
676, 676, 787, 665, 676, 343, 454, 665, 676, 776, 565, 343, 565, 565, 676, 665,
676, 332, 565, 665, 565, 565, 676, 676, 565, 676, 665, 676, 332, 555, 565, 565,
665, 676, 676, 776, 676, 676, 565, 333, 565, 565, 676, 454, 232, 565, 565, 675,
675, 776, 444, 454, 565, 565, 565, 676, 676, 565, 676, 676, 676, 454, 443, 565,
565, 565, 676, 676, 776, 676, 665, 676, 332, 565, 676, 676, 787, 343, 454, 565,
565, 676, 676, 565, 343, 565, 565, 565, 565, 676, 565, 676, 676, 676, 565, 332,
565, 565, 565, 676, 676, 676, 787, 665, 676, 343, 454, 665, 676, 776, 565, 343,
565, 565, 676, 665, 676, 332, 565, 665, 565, 565, 676, 676, 565, 676, 665, 676,
332, 555, 565, 565, 665, 676, 676, 776, 676, 676, 565, 333, 565, 565, 676, 454,
232, 454, 665, 565, 554, 676, 343, 454, 565, 565, 676, 454, 565, 787, 676, 554,
665, 454, 454, 676, 565, 454, 676, 565, 565, 565, 565, 675, 232, 454, 665, 676,
787, 443, 343, 565, 565, 565, 565, 554, 443, 665, 454, 676, 565, 454, 676, 787,
565, 565, 565, 343, 676, 675, 454, 565, 565, 554, 565, 554, 676, 343, 343, 565,
676, 786, 565, 332, 554, 665, 565, 554, 565, 333, 565, 555, 565, 565, 454, 665,
787, 676, 454, 676, 343, 565, 676, 554, 454, 675, 554, 565, 565, 665, 554, 332,
554, 565, 565, 454, 232, 454, 665, 565, 554, 676, 343, 454, 565, 565, 676, 454,
565, 787, 676, 554, 665, 454, 454, 676, 565, 454, 676, 565, 565, 565, 565, 675,
232, 454, 665, 676, 787, 443, 343, 565, 565, 565, 565, 554, 443, 665, 454, 676,
565, 454, 676, 787, 565, 565, 565, 343, 676, 675, 454, 565, 565, 554, 565, 554,
676, 343, 343, 565, 676, 786, 565, 332, 554, 665, 565, 554, 565, 333, 565, 555,
565, 565, 454, 665, 787, 676, 454, 676, 343, 565, 676, 554, 454, 675, 554, 565,
565, 665, 554, 332, 554, 565, 565, 454, 232, 454, 665, 565, 554, 676, 343, 454,
565, 565, 676, 454, 565, 787, 676, 554, 665, 454, 454, 676, 565, 454, 676, 565,
565, 565, 565, 675, 232, 454, 665, 676, 787, 443, 343, 565, 565, 565, 565, 554,
443, 665, 454, 676, 565, 454, 676, 787, 565, 565, 565, 343, 676, 675, 454, 565,
565, 554, 565, 554, 676, 343, 343, 565, 676, 786, 565, 332, 554, 665, 565, 554,
565, 333, 565, 555, 565, 565, 454, 665, 787, 676, 454, 676, 343, 565, 676, 554,
454, 675, 554, 565, 565, 665, 554, 332, 554, 565, 565, 454, 232, 454, 665, 565,
554, 676, 343, 454, 565, 565, 676, 454, 565, 787, 676, 554, 665, 454, 454, 676,
565, 454, 676, 565, 565, 565, 565, 675, 232, 454, 665, 676, 787, 443, 343, 565,
565, 565, 565, 554, 443, 665, 454, 676, 565, 454, 676, 787, 565, 565, 565, 343,
676, 675, 454, 565, 565, 554, 565, 554, 676, 343, 343, 565, 676, 786, 565, 332,
554, 665, 565, 554, 565, 333, 565, 555, 565, 565, 454, 665, 787, 676, 454, 676,
343, 565, 676, 554, 454, 675, 554, 565, 565, 665, 554, 332, 554, 565, 565, 454,
232, 444, 454, 454, 454, 676, 454, 343, 454, 454, 454, 555, 454, 565, 665, 454,
554, 454, 343, 454, 565, 454, 454, 454, 454, 454, 343, 232, 221, 343, 454, 675,
787, 443, 343, 454, 454, 454, 565, 565, 343, 454, 454, 454, 555, 454, 454, 676,
454, 454, 565, 332, 454, 565, 555, 454, 454, 454, 454, 444, 332, 221, 232, 454,
565, 787, 565, 332, 454, 454, 454, 454, 676, 343, 454, 454, 454, 554, 454, 454,
565, 565, 444, 565, 343, 454, 555, 565, 454, 454, 454, 454, 454, 343, 222, 332,
454, 454, 565, 454, 232, 444, 454, 454, 454, 676, 454, 343, 454, 454, 454, 555,
454, 565, 665, 454, 554, 454, 343, 454, 565, 454, 454, 454, 454, 454, 343, 232,
221, 343, 454, 675, 787, 443, 343, 454, 454, 454, 565, 565, 343, 454, 454, 454,
555, 454, 454, 676, 454, 454, 565, 332, 454, 565, 555, 454, 454, 454, 454, 444,
332, 221, 232, 454, 565, 787, 565, 332, 454, 454, 454, 454, 676, 343, 454, 454,
454, 554, 454, 454, 565, 565, 444, 565, 343, 454, 555, 565, 454, 454, 454, 454,
454, 343, 222, 332, 454, 454, 565, 454, 232, 444, 454, 454, 454, 676, 454, 343,
454, 454, 454, 555, 454, 565, 665, 454, 554, 454, 343, 454, 565, 454, 454, 454,
454, 454, 343, 232, 221, 343, 454, 675, 787, 443, 343, 454, 454, 454, 565, 565,
343, 454, 454, 454, 555, 454, 454, 676, 454, 454, 565, 332, 454, 565, 555, 454,
454, 454, 454, 444, 332, 221, 232, 454, 565, 787, 565, 332, 454, 454, 454, 454,
676, 343, 454, 454, 454, 554, 454, 454, 565, 565, 444, 565, 343, 454, 555, 565,
454, 454, 454, 454, 454, 343, 222, 332, 454, 454, 565, 454, 232, 444, 454, 454,
454, 676, 454, 343, 454, 454, 454, 555, 454, 565, 665, 454, 554, 454, 343, 454,
565, 454, 454, 454, 454, 454, 343, 232, 221, 343, 454, 675, 787, 443, 343, 454,
454, 454, 565, 565, 343, 454, 454, 454, 555, 454, 454, 676, 454, 454, 565, 332,
454, 565, 555, 454, 454, 454, 454, 444, 332, 221, 232, 454, 565, 787, 565, 332,
454, 454, 454, 454, 676, 343, 454, 454, 454, 554, 454, 454, 565, 565, 444, 565,
343, 454, 555, 565, 454, 454, 454, 454, 454, 343, 222, 332, 454, 454, 565, 454,
221, 443, 454, 454, 454, 665, 343, 343, 454, 454, 454, 454, 454, 454, 454, 454,
454, 454, 343, 454, 454, 454, 454, 454, 343, 333, 332, 121, 121, 232, 444, 454,
675, 343, 333, 454, 454, 444, 565, 565, 232, 443, 454, 454, 454, 454, 454, 454,
454, 454, 565, 332, 454, 454, 454, 454, 454, 454, 332, 343, 121, 121, 221, 343,
454, 565, 454, 232, 454, 454, 454, 454, 665, 343, 443, 454, 454, 454, 454, 454,
454, 454, 444, 565, 343, 343, 454, 454, 454, 454, 454, 343, 343, 222, 121, 232,
454, 444, 565, 454, 221, 443, 454, 454, 454, 665, 343, 343, 454, 454, 454, 454,
454, 454, 454, 454, 454, 454, 343, 454, 454, 454, 454, 454, 343, 333, 332, 121,
121, 232, 444, 454, 675, 343, 333, 454, 454, 444, 565, 565, 232, 443, 454, 454,
454, 454, 454, 454, 454, 454, 565, 332, 454, 454, 454, 454, 454, 454, 332, 343,
121, 121, 221, 343, 454, 565, 454, 232, 454, 454, 454, 454, 665, 343, 443, 454,
454, 454, 454, 454, 454, 454, 444, 565, 343, 343, 454, 454, 454, 454, 454, 343,
343, 222, 121, 232, 454, 444, 565, 454, 221, 443, 454, 454, 454, 665, 343, 343,
454, 454, 454, 454, 454, 454, 454, 454, 454, 454, 343, 454, 454, 454, 454, 454,
343, 333, 332, 121, 121, 232, 444, 454, 675, 343, 333, 454, 454, 444, 565, 565,
232, 443, 454, 454, 454, 454, 454, 454, 454, 454, 565, 332, 454, 454, 454, 454,
454, 454, 332, 343, 121, 121, 221, 343, 454, 565, 454, 232, 454, 454, 454, 454,
665, 343, 443, 454, 454, 454, 454, 454, 454, 454, 444, 565, 343, 343, 454, 454,
454, 454, 454, 343, 343, 222, 121, 232, 454, 444, 565, 454, 221, 443, 454, 454,
454, 665, 343, 343, 454, 454, 454, 454, 454, 454, 454, 454, 454, 454, 343, 454,
454, 454, 454, 454, 343, 333, 332, 121, 121, 232, 444, 454, 675, 343, 333, 454,
454, 444, 565, 565, 232, 443, 454, 454, 454, 454, 454, 454, 454, 454, 565, 332,
454, 454, 454, 454, 454, 454, 332, 343, 121, 121, 221, 343, 454, 565, 454, 232,
454, 454, 454, 454, 665, 343, 443, 454, 454, 454, 454, 454, 454, 454, 444, 565,
343, 343, 454, 454, 454, 454, 454, 343, 343, 222, 121, 232, 454, 444, 565, 454,
121, 343, 454, 454, 454, 565, 343, 221, 343, 454, 454, 454, 454, 454, 454, 454,
454, 443, 343, 443, 454, 454, 454, 454, 454, 232, 221, 232, 121, 332, 454, 444,
554, 333, 232, 454, 454, 454, 554, 554, 221, 343, 454, 454, 454, 454, 454, 454,
454, 454, 454, 332, 443, 454, 454, 454, 454, 454, 343, 221, 232, 222, 232, 444,
454, 454, 454, 221, 444, 454, 454, 454, 565, 232, 232, 454, 454, 454, 454, 454,
454, 454, 454, 554, 333, 343, 444, 454, 454, 454, 454, 444, 222, 222, 232, 221,
444, 454, 454, 443, 121, 343, 454, 454, 454, 565, 343, 221, 343, 454, 454, 454,
454, 454, 454, 454, 454, 443, 343, 443, 454, 454, 454, 454, 454, 232, 221, 232,
121, 332, 454, 444, 554, 333, 232, 454, 454, 454, 554, 554, 221, 343, 454, 454,
454, 454, 454, 454, 454, 454, 454, 332, 443, 454, 454, 454, 454, 454, 343, 221,
232, 222, 232, 444, 454, 454, 454, 221, 444, 454, 454, 454, 565, 232, 232, 454,
454, 454, 454, 454, 454, 454, 454, 554, 333, 343, 444, 454, 454, 454, 454, 444,
222, 222, 232, 221, 444, 454, 454, 443, 121, 343, 454, 454, 454, 565, 343, 221,
343, 454, 454, 454, 454, 454, 454, 454, 454, 443, 343, 443, 454, 454, 454, 454,
454, 232, 221, 232, 121, 332, 454, 444, 554, 333, 232, 454, 454, 454, 554, 554,
221, 343, 454, 454, 454, 454, 454, 454, 454, 454, 454, 332, 443, 454, 454, 454,
454, 454, 343, 221, 232, 222, 232, 444, 454, 454, 454, 221, 444, 454, 454, 454,
565, 232, 232, 454, 454, 454, 454, 454, 454, 454, 454, 554, 333, 343, 444, 454,
454, 454, 454, 444, 222, 222, 232, 221, 444, 454, 454, 443, 121, 343, 454, 454,
454, 565, 343, 221, 343, 454, 454, 454, 454, 454, 454, 454, 454, 443, 343, 443,
454, 454, 454, 454, 454, 232, 221, 232, 121, 332, 454, 444, 554, 333, 232, 454,
454, 454, 554, 554, 221, 343, 454, 454, 454, 454, 454, 454, 454, 454, 454, 332,
443, 454, 454, 454, 454, 454, 343, 221, 232, 222, 232, 444, 454, 454, 454, 221,
444, 454, 454, 454, 565, 232, 232, 454, 454, 454, 454, 454, 454, 454, 454, 554,
333, 343, 444, 454, 454, 454, 454, 444, 222, 222, 232, 221, 444, 454, 454, 443,
121, 232, 454, 454, 454, 454, 343, 121, 232, 454, 454, 454, 454, 454, 454, 454,
565, 343, 232, 332, 454, 454, 343, 343, 333, 222, 232, 332, 121, 343, 454, 454,
554, 343, 221, 443, 454, 454, 454, 454, 121, 221, 343, 454, 454, 454, 454, 454,
454, 454, 554, 222, 232, 343, 454, 443, 343, 333, 232, 232, 343, 221, 232, 454,
454, 454, 454, 121, 343, 454, 454, 454, 565, 232, 121, 333, 454, 454, 454, 454,
454, 454, 454, 565, 232, 232, 343, 454, 454, 444, 343, 332, 222, 333, 232, 121,
343, 454, 454, 443, 121, 232, 454, 454, 454, 454, 343, 121, 232, 454, 454, 454,
454, 454, 454, 454, 565, 343, 232, 332, 454, 454, 343, 343, 333, 222, 232, 332,
121, 343, 454, 454, 554, 343, 221, 443, 454, 454, 454, 454, 121, 221, 343, 454,
454, 454, 454, 454, 454, 454, 554, 222, 232, 343, 454, 443, 343, 333, 232, 232,
343, 221, 232, 454, 454, 454, 454, 121, 343, 454, 454, 454, 565, 232, 121, 333,
454, 454, 454, 454, 454, 454, 454, 565, 232, 232, 343, 454, 454, 444, 343, 332,
222, 333, 232, 121, 343, 454, 454, 443, 121, 232, 454, 454, 454, 454, 343, 121,
232, 454, 454, 454, 454, 454, 454, 454, 565, 343, 232, 332, 454, 454, 343, 343,
333, 222, 232, 332, 121, 343, 454, 454, 554, 343, 221, 443, 454, 454, 454, 454,
121, 221, 343, 454, 454, 454, 454, 454, 454, 454, 554, 222, 232, 343, 454, 443,
343, 333, 232, 232, 343, 221, 232, 454, 454, 454, 454, 121, 343, 454, 454, 454,
565, 232, 121, 333, 454, 454, 454, 454, 454, 454, 454, 565, 232, 232, 343, 454,
454, 444, 343, 332, 222, 333, 232, 121, 343, 454, 454, 443, 121, 232, 454, 454,
454, 454, 343, 121, 232, 454, 454, 454, 454, 454, 454, 454, 565, 343, 232, 332,
454, 454, 343, 343, 333, 222, 232, 332, 121, 343, 454, 454, 554, 343, 221, 443,
454, 454, 454, 454, 121, 221, 343, 454, 454, 454, 454, 454, 454, 454, 554, 222,
232, 343, 454, 443, 343, 333, 232, 232, 343, 221, 232, 454, 454, 454, 454, 121,
343, 454, 454, 454, 565, 232, 121, 333, 454, 454, 454, 454, 454, 454, 454, 565,
232, 232, 343, 454, 454, 444, 343, 332, 222, 333, 232, 121, 343, 454, 454, 443,
121, 232, 443, 454, 454, 343, 222, 121, 121, 343, 454, 454, 454, 454, 454, 444,
565, 444, 121, 232, 343, 343, 232, 221, 221, 121, 232, 222, 221, 343, 454, 454,
565, 343, 121, 343, 454, 454, 454, 232, 121, 121, 232, 454, 454, 454, 454, 454,
454, 454, 565, 121, 232, 343, 343, 332, 222, 221, 121, 232, 232, 121, 343, 454,
454, 554, 454, 121, 332, 444, 454, 454, 343, 221, 121, 221, 444, 454, 454, 454,
454, 454, 454, 676, 232, 221, 333, 343, 343, 232, 221, 121, 221, 332, 221, 121,
232, 454, 443, 232, 121, 232, 443, 454, 454, 343, 222, 121, 121, 343, 454, 454,
454, 454, 454, 444, 565, 444, 121, 232, 343, 343, 232, 221, 221, 121, 232, 222,
221, 343, 454, 454, 565, 343, 121, 343, 454, 454, 454, 232, 121, 121, 232, 454,
454, 454, 454, 454, 454, 454, 565, 121, 232, 343, 343, 332, 222, 221, 121, 232,
232, 121, 343, 454, 454, 554, 454, 121, 332, 444, 454, 454, 343, 221, 121, 221,
444, 454, 454, 454, 454, 454, 454, 676, 232, 221, 333, 343, 343, 232, 221, 121,
221, 332, 221, 121, 232, 454, 443, 232, 121, 232, 443, 454, 454, 343, 222, 121,
121, 343, 454, 454, 454, 454, 454, 444, 565, 444, 121, 232, 343, 343, 232, 221,
221, 121, 232, 222, 221, 343, 454, 454, 565, 343, 121, 343, 454, 454, 454, 232,
121, 121, 232, 454, 454, 454, 454, 454, 454, 454, 565, 121, 232, 343, 343, 332,
222, 221, 121, 232, 232, 121, 343, 454, 454, 554, 454, 121, 332, 444, 454, 454,
343, 221, 121, 221, 444, 454, 454, 454, 454, 454, 454, 676, 232, 221, 333, 343,
343, 232, 221, 121, 221, 332, 221, 121, 232, 454, 443, 232, 121, 232, 443, 454,
454, 343, 222, 121, 121, 343, 454, 454, 454, 454, 454, 444, 565, 444, 121, 232,
343, 343, 232, 221, 221, 121, 232, 222, 221, 343, 454, 454, 565, 343, 121, 343,
454, 454, 454, 232, 121, 121, 232, 454, 454, 454, 454, 454, 454, 454, 565, 121,
232, 343, 343, 332, 222, 221, 121, 232, 232, 121, 343, 454, 454, 554, 454, 121,
332, 444, 454, 454, 343, 221, 121, 221, 444, 454, 454, 454, 454, 454, 454, 676,
232, 221, 333, 343, 343, 232, 221, 121, 221, 332, 221, 121, 232, 454, 443, 232,
121, 232, 343, 454, 343, 232, 232, 121, 222, 222, 343, 454, 444, 343, 444, 454,
675, 443, 121, 222, 222, 222, 121, 121, 121, 121, 121, 121, 232, 454, 454, 454,
665, 343, 221, 232, 443, 454, 232, 232, 121, 222, 222, 333, 454, 454, 343, 443,
454, 565, 565, 121, 221, 222, 222, 121, 111, 121, 121, 121, 121, 121, 343, 454,
454, 565, 555, 121, 232, 343, 454, 343, 333, 221, 221, 222, 232, 443, 454, 443,
343, 454, 454, 676, 232, 121, 222, 221, 221, 121, 121, 121, 121, 121, 121, 221,
232, 343, 333, 232, 121, 232, 343, 454, 343, 232, 232, 121, 222, 222, 343, 454,
444, 343, 444, 454, 675, 443, 121, 222, 222, 222, 121, 121, 121, 121, 121, 121,
232, 454, 454, 454, 665, 343, 221, 232, 443, 454, 232, 232, 121, 222, 222, 333,
454, 454, 343, 443, 454, 565, 565, 121, 221, 222, 222, 121, 111, 121, 121, 121,
121, 121, 343, 454, 454, 565, 555, 121, 232, 343, 454, 343, 333, 221, 221, 222,
232, 443, 454, 443, 343, 454, 454, 676, 232, 121, 222, 221, 221, 121, 121, 121,
121, 121, 121, 221, 232, 343, 333, 232, 121, 232, 343, 454, 343, 232, 232, 121,
222, 222, 343, 454, 444, 343, 444, 454, 675, 443, 121, 222, 222, 222, 121, 121,
121, 121, 121, 121, 232, 454, 454, 454, 665, 343, 221, 232, 443, 454, 232, 232,
121, 222, 222, 333, 454, 454, 343, 443, 454, 565, 565, 121, 221, 222, 222, 121,
111, 121, 121, 121, 121, 121, 343, 454, 454, 565, 555, 121, 232, 343, 454, 343,
333, 221, 221, 222, 232, 443, 454, 443, 343, 454, 454, 676, 232, 121, 222, 221,
221, 121, 121, 121, 121, 121, 121, 221, 232, 343, 333, 232, 121, 232, 343, 454,
343, 232, 232, 121, 222, 222, 343, 454, 444, 343, 444, 454, 675, 443, 121, 222,
222, 222, 121, 121, 121, 121, 121, 121, 232, 454, 454, 454, 665, 343, 221, 232,
443, 454, 232, 232, 121, 222, 222, 333, 454, 454, 343, 443, 454, 565, 565, 121,
221, 222, 222, 121, 111, 121, 121, 121, 121, 121, 343, 454, 454, 565, 555, 121,
232, 343, 454, 343, 333, 221, 221, 222, 232, 443, 454, 443, 343, 454, 454, 676,
232, 121, 222, 221, 221, 121, 121, 121, 121, 121, 121, 221, 232, 343, 333, 232,
121, 332, 232, 332, 232, 343, 343, 222, 343, 221, 222, 454, 343, 222, 343, 454,
665, 343, 232, 343, 443, 443, 454, 343, 232, 443, 443, 343, 232, 444, 454, 444,
565, 343, 232, 232, 232, 343, 232, 443, 121, 343, 232, 121, 343, 443, 232, 232,
454, 565, 555, 232, 343, 343, 444, 444, 454, 232, 343, 444, 443, 332, 343, 454,
443, 554, 554, 222, 232, 232, 343, 232, 443, 222, 232, 343, 121, 332, 454, 232,
232, 343, 454, 665, 232, 343, 343, 444, 443, 454, 332, 232, 444, 443, 343, 222,
232, 222, 332, 343, 121, 332, 232, 332, 232, 343, 343, 222, 343, 221, 222, 454,
343, 222, 343, 454, 665, 343, 232, 343, 443, 443, 454, 343, 232, 443, 443, 343,
232, 444, 454, 444, 565, 343, 232, 232, 232, 343, 232, 443, 121, 343, 232, 121,
343, 443, 232, 232, 454, 565, 555, 232, 343, 343, 444, 444, 454, 232, 343, 444,
443, 332, 343, 454, 443, 554, 554, 222, 232, 232, 343, 232, 443, 222, 232, 343,
121, 332, 454, 232, 232, 343, 454, 665, 232, 343, 343, 444, 443, 454, 332, 232,
444, 443, 343, 222, 232, 222, 332, 343, 121, 332, 232, 332, 232, 343, 343, 222,
343, 221, 222, 454, 343, 222, 343, 454, 665, 343, 232, 343, 443, 443, 454, 343,
232, 443, 443, 343, 232, 444, 454, 444, 565, 343, 232, 232, 232, 343, 232, 443,
121, 343, 232, 121, 343, 443, 232, 232, 454, 565, 555, 232, 343, 343, 444, 444,
454, 232, 343, 444, 443, 332, 343, 454, 443, 554, 554, 222, 232, 232, 343, 232,
443, 222, 232, 343, 121, 332, 454, 232, 232, 343, 454, 665, 232, 343, 343, 444,
443, 454, 332, 232, 444, 443, 343, 222, 232, 222, 332, 343, 121, 332, 232, 332,
232, 343, 343, 222, 343, 221, 222, 454, 343, 222, 343, 454, 665, 343, 232, 343,
443, 443, 454, 343, 232, 443, 443, 343, 232, 444, 454, 444, 565, 343, 232, 232,
232, 343, 232, 443, 121, 343, 232, 121, 343, 443, 232, 232, 454, 565, 555, 232,
343, 343, 444, 444, 454, 232, 343, 444, 443, 332, 343, 454, 443, 554, 554, 222,
232, 232, 343, 232, 443, 222, 232, 343, 121, 332, 454, 232, 232, 343, 454, 665,
232, 343, 343, 444, 443, 454, 332, 232, 444, 443, 343, 222, 232, 222, 332, 343,
222, 343, 343, 222, 232, 454, 333, 222, 343, 332, 221, 333, 232, 222, 343, 454,
565, 343, 443, 565, 676, 665, 676, 676, 332, 676, 676, 676, 332, 443, 343, 343,
454, 333, 343, 443, 232, 232, 343, 454, 121, 343, 343, 222, 232, 333, 222, 232,
454, 454, 554, 333, 565, 676, 676, 665, 787, 343, 565, 676, 676, 444, 343, 343,
333, 454, 454, 232, 443, 232, 232, 343, 454, 222, 332, 343, 232, 222, 343, 232,
232, 343, 454, 565, 332, 554, 565, 676, 565, 787, 454, 443, 676, 676, 565, 232,
443, 232, 343, 343, 222, 343, 343, 222, 232, 454, 333, 222, 343, 332, 221, 333,
232, 222, 343, 454, 565, 343, 443, 565, 676, 665, 676, 676, 332, 676, 676, 676,
332, 443, 343, 343, 454, 333, 343, 443, 232, 232, 343, 454, 121, 343, 343, 222,
232, 333, 222, 232, 454, 454, 554, 333, 565, 676, 676, 665, 787, 343, 565, 676,
676, 444, 343, 343, 333, 454, 454, 232, 443, 232, 232, 343, 454, 222, 332, 343,
232, 222, 343, 232, 232, 343, 454, 565, 332, 554, 565, 676, 565, 787, 454, 443,
676, 676, 565, 232, 443, 232, 343, 343, 222, 343, 343, 222, 232, 454, 333, 222,
343, 332, 221, 333, 232, 222, 343, 454, 565, 343, 443, 565, 676, 665, 676, 676,
332, 676, 676, 676, 332, 443, 343, 343, 454, 333, 343, 443, 232, 232, 343, 454,
121, 343, 343, 222, 232, 333, 222, 232, 454, 454, 554, 333, 565, 676, 676, 665,
787, 343, 565, 676, 676, 444, 343, 343, 333, 454, 454, 232, 443, 232, 232, 343,
454, 222, 332, 343, 232, 222, 343, 232, 232, 343, 454, 565, 332, 554, 565, 676,
565, 787, 454, 443, 676, 676, 565, 232, 443, 232, 343, 343, 222, 343, 343, 222,
232, 454, 333, 222, 343, 332, 221, 333, 232, 222, 343, 454, 565, 343, 443, 565,
676, 665, 676, 676, 332, 676, 676, 676, 332, 443, 343, 343, 454, 333, 343, 443,
232, 232, 343, 454, 121, 343, 343, 222, 232, 333, 222, 232, 454, 454, 554, 333,
565, 676, 676, 665, 787, 343, 565, 676, 676, 444, 343, 343, 333, 454, 454, 232,
443, 232, 232, 343, 454, 222, 332, 343, 232, 222, 343, 232, 232, 343, 454, 565,
332, 554, 565, 676, 565, 787, 454, 443, 676, 676, 565, 232, 443, 232, 343, 343,
232, 444, 454, 332, 343, 554, 343, 121, 232, 343, 222, 121, 232, 343, 343, 443,
454, 343, 343, 454, 565, 454, 454, 565, 232, 554, 554, 665, 332, 333, 232, 343,
454, 343, 343, 454, 343, 332, 454, 454, 121, 222, 333, 232, 121, 232, 332, 343,
443, 443, 443, 232, 444, 554, 454, 444, 565, 333, 454, 565, 565, 443, 332, 232,
232, 454, 454, 332, 454, 443, 343, 443, 565, 222, 221, 232, 332, 121, 221, 332,
343, 443, 343, 454, 232, 343, 454, 565, 444, 565, 454, 343, 565, 555, 565, 332,
454, 343, 454, 444, 232, 444, 454, 332, 343, 554, 343, 121, 232, 343, 222, 121,
232, 343, 343, 443, 454, 343, 343, 454, 565, 454, 454, 565, 232, 554, 554, 665,
332, 333, 232, 343, 454, 343, 343, 454, 343, 332, 454, 454, 121, 222, 333, 232,
121, 232, 332, 343, 443, 443, 443, 232, 444, 554, 454, 444, 565, 333, 454, 565,
565, 443, 332, 232, 232, 454, 454, 332, 454, 443, 343, 443, 565, 222, 221, 232,
332, 121, 221, 332, 343, 443, 343, 454, 232, 343, 454, 565, 444, 565, 454, 343,
565, 555, 565, 332, 454, 343, 454, 444, 232, 444, 454, 332, 343, 554, 343, 121,
232, 343, 222, 121, 232, 343, 343, 443, 454, 343, 343, 454, 565, 454, 454, 565,
232, 554, 554, 665, 332, 333, 232, 343, 454, 343, 343, 454, 343, 332, 454, 454,
121, 222, 333, 232, 121, 232, 332, 343, 443, 443, 443, 232, 444, 554, 454, 444,
565, 333, 454, 565, 565, 443, 332, 232, 232, 454, 454, 332, 454, 443, 343, 443,
565, 222, 221, 232, 332, 121, 221, 332, 343, 443, 343, 454, 232, 343, 454, 565,
444, 565, 454, 343, 565, 555, 565, 332, 454, 343, 454, 444, 232, 444, 454, 332,
343, 554, 343, 121, 232, 343, 222, 121, 232, 343, 343, 443, 454, 343, 343, 454,
565, 454, 454, 565, 232, 554, 554, 665, 332, 333, 232, 343, 454, 343, 343, 454,
343, 332, 454, 454, 121, 222, 333, 232, 121, 232, 332, 343, 443, 443, 443, 232,
444, 554, 454, 444, 565, 333, 454, 565, 565, 443, 332, 232, 232, 454, 454, 332,
454, 443, 343, 443, 565, 222, 221, 232, 332, 121, 221, 332, 343, 443, 343, 454,
232, 343, 454, 565, 444, 565, 454, 343, 565, 555, 565, 332, 454, 343, 454, 444,
343, 555, 454, 443, 443, 565, 343, 121, 222, 222, 121, 121, 232, 232, 232, 232,
232, 222, 343, 454, 454, 454, 454, 454, 332, 454, 444, 565, 232, 222, 232, 343,
454, 333, 343, 454, 454, 343, 454, 565, 121, 121, 232, 121, 121, 222, 232, 232,
232, 232, 222, 232, 454, 454, 454, 454, 454, 332, 443, 454, 554, 343, 221, 222,
343, 454, 343, 332, 454, 454, 454, 444, 565, 232, 121, 232, 121, 121, 121, 232,
232, 232, 232, 232, 232, 443, 454, 454, 454, 454, 343, 343, 454, 454, 454, 332,
454, 454, 454, 454, 343, 555, 454, 443, 443, 565, 343, 121, 222, 222, 121, 121,
232, 232, 232, 232, 232, 222, 343, 454, 454, 454, 454, 454, 332, 454, 444, 565,
232, 222, 232, 343, 454, 333, 343, 454, 454, 343, 454, 565, 121, 121, 232, 121,
121, 222, 232, 232, 232, 232, 222, 232, 454, 454, 454, 454, 454, 332, 443, 454,
554, 343, 221, 222, 343, 454, 343, 332, 454, 454, 454, 444, 565, 232, 121, 232,
121, 121, 121, 232, 232, 232, 232, 232, 232, 443, 454, 454, 454, 454, 343, 343,
454, 454, 454, 332, 454, 454, 454, 454, 343, 555, 454, 443, 443, 565, 343, 121,
222, 222, 121, 121, 232, 232, 232, 232, 232, 222, 343, 454, 454, 454, 454, 454,
332, 454, 444, 565, 232, 222, 232, 343, 454, 333, 343, 454, 454, 343, 454, 565,
121, 121, 232, 121, 121, 222, 232, 232, 232, 232, 222, 232, 454, 454, 454, 454,
454, 332, 443, 454, 554, 343, 221, 222, 343, 454, 343, 332, 454, 454, 454, 444,
565, 232, 121, 232, 121, 121, 121, 232, 232, 232, 232, 232, 232, 443, 454, 454,
454, 454, 343, 343, 454, 454, 454, 332, 454, 454, 454, 454, 343, 555, 454, 443,
443, 565, 343, 121, 222, 222, 121, 121, 232, 232, 232, 232, 232, 222, 343, 454,
454, 454, 454, 454, 332, 454, 444, 565, 232, 222, 232, 343, 454, 333, 343, 454,
454, 343, 454, 565, 121, 121, 232, 121, 121, 222, 232, 232, 232, 232, 222, 232,
454, 454, 454, 454, 454, 332, 443, 454, 554, 343, 221, 222, 343, 454, 343, 332,
454, 454, 454, 444, 565, 232, 121, 232, 121, 121, 121, 232, 232, 232, 232, 232,
232, 443, 454, 454, 454, 454, 343, 343, 454, 454, 454, 332, 454, 454, 454, 454,
333, 565, 454, 454, 454, 565, 343, 121, 232, 232, 332, 232, 222, 232, 232, 232,
332, 232, 343, 454, 454, 454, 454, 454, 332, 454, 454, 565, 222, 221, 332, 232,
232, 222, 343, 454, 454, 454, 454, 554, 121, 232, 232, 332, 332, 221, 232, 232,
232, 332, 232, 232, 454, 454, 454, 454, 565, 332, 443, 454, 554, 343, 121, 232,
232, 232, 232, 332, 454, 454, 454, 454, 565, 222, 221, 232, 332, 332, 222, 232,
232, 232, 332, 332, 232, 443, 454, 454, 454, 454, 443, 343, 454, 454, 454, 332,
454, 454, 554, 454, 333, 565, 454, 454, 454, 565, 343, 121, 232, 232, 332, 232,
222, 232, 232, 232, 332, 232, 343, 454, 454, 454, 454, 454, 332, 454, 454, 565,
222, 221, 332, 232, 232, 222, 343, 454, 454, 454, 454, 554, 121, 232, 232, 332,
332, 221, 232, 232, 232, 332, 232, 232, 454, 454, 454, 454, 565, 332, 443, 454,
554, 343, 121, 232, 232, 232, 232, 332, 454, 454, 454, 454, 565, 222, 221, 232,
332, 332, 222, 232, 232, 232, 332, 332, 232, 443, 454, 454, 454, 454, 443, 343,
454, 454, 454, 332, 454, 454, 554, 454, 333, 565, 454, 454, 454, 565, 343, 121,
232, 232, 332, 232, 222, 232, 232, 232, 332, 232, 343, 454, 454, 454, 454, 454,
332, 454, 454, 565, 222, 221, 332, 232, 232, 222, 343, 454, 454, 454, 454, 554,
121, 232, 232, 332, 332, 221, 232, 232, 232, 332, 232, 232, 454, 454, 454, 454,
565, 332, 443, 454, 554, 343, 121, 232, 232, 232, 232, 332, 454, 454, 454, 454,
565, 222, 221, 232, 332, 332, 222, 232, 232, 232, 332, 332, 232, 443, 454, 454,
454, 454, 443, 343, 454, 454, 454, 332, 454, 454, 554, 454, 333, 565, 454, 454,
454, 565, 343, 121, 232, 232, 332, 232, 222, 232, 232, 232, 332, 232, 343, 454,
454, 454, 454, 454, 332, 454, 454, 565, 222, 221, 332, 232, 232, 222, 343, 454,
454, 454, 454, 554, 121, 232, 232, 332, 332, 221, 232, 232, 232, 332, 232, 232,
454, 454, 454, 454, 565, 332, 443, 454, 554, 343, 121, 232, 232, 232, 232, 332,
454, 454, 454, 454, 565, 222, 221, 232, 332, 332, 222, 232, 232, 232, 332, 332,
232, 443, 454, 454, 454, 454, 443, 343, 454, 454, 454, 332, 454, 454, 554, 454,
343, 565, 454, 454, 454, 565, 343, 222, 565, 676, 776, 565, 343, 665, 665, 676,
787, 454, 232, 454, 454, 454, 554, 665, 332, 454, 454, 676, 232, 121, 121, 121,
121, 221, 343, 454, 454, 454, 565, 454, 121, 454, 676, 676, 676, 332, 565, 565,
676, 676, 665, 222, 454, 454, 454, 454, 676, 343, 443, 454, 676, 443, 121, 121,
121, 121, 121, 333, 454, 454, 454, 454, 565, 221, 343, 676, 676, 787, 343, 454,
665, 676, 676, 786, 232, 343, 454, 454, 444, 665, 454, 343, 454, 565, 565, 332,
454, 454, 565, 443, 343, 565, 454, 454, 454, 565, 343, 222, 565, 676, 776, 565,
343, 665, 665, 676, 787, 454, 232, 454, 454, 454, 554, 665, 332, 454, 454, 676,
232, 121, 121, 121, 121, 221, 343, 454, 454, 454, 565, 454, 121, 454, 676, 676,
676, 332, 565, 565, 676, 676, 665, 222, 454, 454, 454, 454, 676, 343, 443, 454,
676, 443, 121, 121, 121, 121, 121, 333, 454, 454, 454, 454, 565, 221, 343, 676,
676, 787, 343, 454, 665, 676, 676, 786, 232, 343, 454, 454, 444, 665, 454, 343,
454, 565, 565, 332, 454, 454, 565, 443, 343, 565, 454, 454, 454, 565, 343, 222,
565, 676, 776, 565, 343, 665, 665, 676, 787, 454, 232, 454, 454, 454, 554, 665,
332, 454, 454, 676, 232, 121, 121, 121, 121, 221, 343, 454, 454, 454, 565, 454,
121, 454, 676, 676, 676, 332, 565, 565, 676, 676, 665, 222, 454, 454, 454, 454,
676, 343, 443, 454, 676, 443, 121, 121, 121, 121, 121, 333, 454, 454, 454, 454,
565, 221, 343, 676, 676, 787, 343, 454, 665, 676, 676, 786, 232, 343, 454, 454,
444, 665, 454, 343, 454, 565, 565, 332, 454, 454, 565, 443, 343, 565, 454, 454,
454, 565, 343, 222, 565, 676, 776, 565, 343, 665, 665, 676, 787, 454, 232, 454,
454, 454, 554, 665, 332, 454, 454, 676, 232, 121, 121, 121, 121, 221, 343, 454,
454, 454, 565, 454, 121, 454, 676, 676, 676, 332, 565, 565, 676, 676, 665, 222,
454, 454, 454, 454, 676, 343, 443, 454, 676, 443, 121, 121, 121, 121, 121, 333,
454, 454, 454, 454, 565, 221, 343, 676, 676, 787, 343, 454, 665, 676, 676, 786,
232, 343, 454, 454, 444, 665, 454, 343, 454, 565, 565, 332, 454, 454, 565, 443,
343, 565, 444, 454, 454, 565, 343, 232, 454, 565, 565, 454, 332, 454, 454, 565,
665, 443, 232, 454, 454, 454, 565, 676, 232, 454, 454, 676, 222, 121, 221, 121,
121, 221, 343, 454, 454, 454, 565, 454, 221, 443, 565, 565, 565, 232, 444, 454,
565, 565, 554, 222, 443, 454, 454, 454, 676, 333, 343, 454, 676, 343, 121, 221,
121, 121, 121, 333, 454, 454, 454, 454, 565, 222, 343, 554, 565, 565, 343, 343,
454, 565, 565, 565, 232, 343, 454, 454, 454, 676, 454, 333, 454, 565, 565, 332,
454, 454, 565, 444, 343, 565, 444, 454, 454, 565, 343, 232, 454, 565, 565, 454,
332, 454, 454, 565, 665, 443, 232, 454, 454, 454, 565, 676, 232, 454, 454, 676,
222, 121, 221, 121, 121, 221, 343, 454, 454, 454, 565, 454, 221, 443, 565, 565,
565, 232, 444, 454, 565, 565, 554, 222, 443, 454, 454, 454, 676, 333, 343, 454,
676, 343, 121, 221, 121, 121, 121, 333, 454, 454, 454, 454, 565, 222, 343, 554,
565, 565, 343, 343, 454, 565, 565, 565, 232, 343, 454, 454, 454, 676, 454, 333,
454, 565, 565, 332, 454, 454, 565, 444, 343, 565, 444, 454, 454, 565, 343, 232,
454, 565, 565, 454, 332, 454, 454, 565, 665, 443, 232, 454, 454, 454, 565, 676,
232, 454, 454, 676, 222, 121, 221, 121, 121, 221, 343, 454, 454, 454, 565, 454,
221, 443, 565, 565, 565, 232, 444, 454, 565, 565, 554, 222, 443, 454, 454, 454,
676, 333, 343, 454, 676, 343, 121, 221, 121, 121, 121, 333, 454, 454, 454, 454,
565, 222, 343, 554, 565, 565, 343, 343, 454, 565, 565, 565, 232, 343, 454, 454,
454, 676, 454, 333, 454, 565, 565, 332, 454, 454, 565, 444, 343, 565, 444, 454,
454, 565, 343, 232, 454, 565, 565, 454, 332, 454, 454, 565, 665, 443, 232, 454,
454, 454, 565, 676, 232, 454, 454, 676, 222, 121, 221, 121, 121, 221, 343, 454,
454, 454, 565, 454, 221, 443, 565, 565, 565, 232, 444, 454, 565, 565, 554, 222,
443, 454, 454, 454, 676, 333, 343, 454, 676, 343, 121, 221, 121, 121, 121, 333,
454, 454, 454, 454, 565, 222, 343, 554, 565, 565, 343, 343, 454, 565, 565, 565,
232, 343, 454, 454, 454, 676, 454, 333, 454, 565, 565, 332, 454, 454, 565, 444,
343, 565, 444, 454, 454, 665, 343, 232, 454, 454, 454, 454, 232, 443, 454, 454,
555, 443, 121, 343, 454, 454, 565, 454, 221, 343, 454, 565, 222, 232, 343, 222,
222, 121, 343, 454, 454, 454, 565, 565, 221, 443, 454, 454, 454, 232, 343, 454,
454, 454, 454, 121, 232, 454, 444, 454, 565, 232, 332, 454, 565, 343, 221, 343,
222, 232, 121, 332, 454, 454, 454, 454, 676, 232, 343, 454, 454, 454, 343, 332,
444, 454, 454, 554, 232, 221, 443, 454, 454, 565, 343, 222, 443, 555, 454, 332,
454, 444, 565, 454, 343, 565, 444, 454, 454, 665, 343, 232, 454, 454, 454, 454,
232, 443, 454, 454, 555, 443, 121, 343, 454, 454, 565, 454, 221, 343, 454, 565,
222, 232, 343, 222, 222, 121, 343, 454, 454, 454, 565, 565, 221, 443, 454, 454,
454, 232, 343, 454, 454, 454, 454, 121, 232, 454, 444, 454, 565, 232, 332, 454,
565, 343, 221, 343, 222, 232, 121, 332, 454, 454, 454, 454, 676, 232, 343, 454,
454, 454, 343, 332, 444, 454, 454, 554, 232, 221, 443, 454, 454, 565, 343, 222,
443, 555, 454, 332, 454, 444, 565, 454, 343, 565, 444, 454, 454, 665, 343, 232,
454, 454, 454, 454, 232, 443, 454, 454, 555, 443, 121, 343, 454, 454, 565, 454,
221, 343, 454, 565, 222, 232, 343, 222, 222, 121, 343, 454, 454, 454, 565, 565,
221, 443, 454, 454, 454, 232, 343, 454, 454, 454, 454, 121, 232, 454, 444, 454,
565, 232, 332, 454, 565, 343, 221, 343, 222, 232, 121, 332, 454, 454, 454, 454,
676, 232, 343, 454, 454, 454, 343, 332, 444, 454, 454, 554, 232, 221, 443, 454,
454, 565, 343, 222, 443, 555, 454, 332, 454, 444, 565, 454, 343, 565, 444, 454,
454, 665, 343, 232, 454, 454, 454, 454, 232, 443, 454, 454, 555, 443, 121, 343,
454, 454, 565, 454, 221, 343, 454, 565, 222, 232, 343, 222, 222, 121, 343, 454,
454, 454, 565, 565, 221, 443, 454, 454, 454, 232, 343, 454, 454, 454, 454, 121,
232, 454, 444, 454, 565, 232, 332, 454, 565, 343, 221, 343, 222, 232, 121, 332,
454, 454, 454, 454, 676, 232, 343, 454, 454, 454, 343, 332, 444, 454, 454, 554,
232, 221, 443, 454, 454, 565, 343, 222, 443, 555, 454, 332, 454, 444, 565, 454,
333, 555, 454, 454, 454, 554, 343, 343, 454, 454, 454, 454, 232, 232, 443, 454,
454, 343, 121, 232, 343, 343, 343, 343, 121, 232, 454, 554, 232, 343, 343, 343,
232, 121, 232, 454, 454, 454, 454, 454, 332, 454, 454, 454, 454, 232, 232, 343,
454, 454, 554, 121, 221, 332, 343, 343, 343, 221, 221, 443, 454, 343, 232, 343,
343, 232, 221, 222, 443, 454, 454, 454, 554, 232, 443, 454, 454, 454, 343, 232,
333, 444, 444, 454, 232, 121, 232, 343, 343, 343, 232, 121, 343, 454, 454, 221,
443, 454, 454, 443, 333, 555, 454, 454, 454, 554, 343, 343, 454, 454, 454, 454,
232, 232, 443, 454, 454, 343, 121, 232, 343, 343, 343, 343, 121, 232, 454, 554,
232, 343, 343, 343, 232, 121, 232, 454, 454, 454, 454, 454, 332, 454, 454, 454,
454, 232, 232, 343, 454, 454, 554, 121, 221, 332, 343, 343, 343, 221, 221, 443,
454, 343, 232, 343, 343, 232, 221, 222, 443, 454, 454, 454, 554, 232, 443, 454,
454, 454, 343, 232, 333, 444, 444, 454, 232, 121, 232, 343, 343, 343, 232, 121,
343, 454, 454, 221, 443, 454, 454, 443, 333, 555, 454, 454, 454, 554, 343, 343,
454, 454, 454, 454, 232, 232, 443, 454, 454, 343, 121, 232, 343, 343, 343, 343,
121, 232, 454, 554, 232, 343, 343, 343, 232, 121, 232, 454, 454, 454, 454, 454,
332, 454, 454, 454, 454, 232, 232, 343, 454, 454, 554, 121, 221, 332, 343, 343,
343, 221, 221, 443, 454, 343, 232, 343, 343, 232, 221, 222, 443, 454, 454, 454,
554, 232, 443, 454, 454, 454, 343, 232, 333, 444, 444, 454, 232, 121, 232, 343,
343, 343, 232, 121, 343, 454, 454, 221, 443, 454, 454, 443, 333, 555, 454, 454,
454, 554, 343, 343, 454, 454, 454, 454, 232, 232, 443, 454, 454, 343, 121, 232,
343, 343, 343, 343, 121, 232, 454, 554, 232, 343, 343, 343, 232, 121, 232, 454,
454, 454, 454, 454, 332, 454, 454, 454, 454, 232, 232, 343, 454, 454, 554, 121,
221, 332, 343, 343, 343, 221, 221, 443, 454, 343, 232, 343, 343, 232, 221, 222,
443, 454, 454, 454, 554, 232, 443, 454, 454, 454, 343, 232, 333, 444, 444, 454,
232, 121, 232, 343, 343, 343, 232, 121, 343, 454, 454, 221, 443, 454, 454, 443,
333, 555, 444, 454, 454, 565, 343, 343, 454, 454, 454, 554, 232, 221, 332, 343,
343, 232, 121, 121, 221, 232, 232, 332, 121, 232, 454, 554, 222, 222, 232, 343,
332, 121, 232, 454, 454, 454, 554, 454, 332, 454, 454, 454, 565, 332, 232, 222,
343, 343, 343, 121, 121, 121, 232, 232, 343, 221, 221, 443, 454, 343, 121, 232,
333, 343, 221, 221, 443, 454, 454, 454, 565, 232, 444, 454, 454, 565, 343, 232,
221, 333, 343, 343, 221, 121, 121, 222, 232, 332, 232, 121, 343, 454, 454, 221,
443, 454, 565, 443, 333, 555, 444, 454, 454, 565, 343, 343, 454, 454, 454, 554,
232, 221, 332, 343, 343, 232, 121, 121, 221, 232, 232, 332, 121, 232, 454, 554,
222, 222, 232, 343, 332, 121, 232, 454, 454, 454, 554, 454, 332, 454, 454, 454,
565, 332, 232, 222, 343, 343, 343, 121, 121, 121, 232, 232, 343, 221, 221, 443,
454, 343, 121, 232, 333, 343, 221, 221, 443, 454, 454, 454, 565, 232, 444, 454,
454, 565, 343, 232, 221, 333, 343, 343, 221, 121, 121, 222, 232, 332, 232, 121,
343, 454, 454, 221, 443, 454, 565, 443, 333, 555, 444, 454, 454, 565, 343, 343,
454, 454, 454, 554, 232, 221, 332, 343, 343, 232, 121, 121, 221, 232, 232, 332,
121, 232, 454, 554, 222, 222, 232, 343, 332, 121, 232, 454, 454, 454, 554, 454,
332, 454, 454, 454, 565, 332, 232, 222, 343, 343, 343, 121, 121, 121, 232, 232,
343, 221, 221, 443, 454, 343, 121, 232, 333, 343, 221, 221, 443, 454, 454, 454,
565, 232, 444, 454, 454, 565, 343, 232, 221, 333, 343, 343, 221, 121, 121, 222,
232, 332, 232, 121, 343, 454, 454, 221, 443, 454, 565, 443, 333, 555, 444, 454,
454, 565, 343, 343, 454, 454, 454, 554, 232, 221, 332, 343, 343, 232, 121, 121,
221, 232, 232, 332, 121, 232, 454, 554, 222, 222, 232, 343, 332, 121, 232, 454,
454, 454, 554, 454, 332, 454, 454, 454, 565, 332, 232, 222, 343, 343, 343, 121,
121, 121, 232, 232, 343, 221, 221, 443, 454, 343, 121, 232, 333, 343, 221, 221,
443, 454, 454, 454, 565, 232, 444, 454, 454, 565, 343, 232, 221, 333, 343, 343,
221, 121, 121, 222, 232, 332, 232, 121, 343, 454, 454, 221, 443, 454, 565, 443,
332, 454, 343, 444, 454, 554, 343, 343, 454, 454, 565, 554, 121, 221, 222, 222,
221, 121, 121, 121, 121, 121, 222, 232, 221, 232, 343, 565, 232, 121, 121, 232,
232, 222, 221, 343, 343, 454, 454, 454, 332, 454, 454, 554, 565, 232, 121, 121,
222, 222, 221, 121, 121, 121, 121, 221, 332, 221, 232, 333, 555, 343, 121, 121,
232, 232, 232, 121, 333, 343, 454, 454, 554, 332, 444, 454, 454, 565, 343, 121,
121, 221, 232, 232, 221, 121, 121, 121, 121, 232, 232, 222, 232, 454, 554, 121,
332, 343, 454, 443, 332, 454, 343, 444, 454, 554, 343, 343, 454, 454, 565, 554,
121, 221, 222, 222, 221, 121, 121, 121, 121, 121, 222, 232, 221, 232, 343, 565,
232, 121, 121, 232, 232, 222, 221, 343, 343, 454, 454, 454, 332, 454, 454, 554,
565, 232, 121, 121, 222, 222, 221, 121, 121, 121, 121, 221, 332, 221, 232, 333,
555, 343, 121, 121, 232, 232, 232, 121, 333, 343, 454, 454, 554, 332, 444, 454,
454, 565, 343, 121, 121, 221, 232, 232, 221, 121, 121, 121, 121, 232, 232, 222,
232, 454, 554, 121, 332, 343, 454, 443, 332, 454, 343, 444, 454, 554, 343, 343,
454, 454, 565, 554, 121, 221, 222, 222, 221, 121, 121, 121, 121, 121, 222, 232,
221, 232, 343, 565, 232, 121, 121, 232, 232, 222, 221, 343, 343, 454, 454, 454,
332, 454, 454, 554, 565, 232, 121, 121, 222, 222, 221, 121, 121, 121, 121, 221,
332, 221, 232, 333, 555, 343, 121, 121, 232, 232, 232, 121, 333, 343, 454, 454,
554, 332, 444, 454, 454, 565, 343, 121, 121, 221, 232, 232, 221, 121, 121, 121,
121, 232, 232, 222, 232, 454, 554, 121, 332, 343, 454, 443, 332, 454, 343, 444,
454, 554, 343, 343, 454, 454, 565, 554, 121, 221, 222, 222, 221, 121, 121, 121,
121, 121, 222, 232, 221, 232, 343, 565, 232, 121, 121, 232, 232, 222, 221, 343,
343, 454, 454, 454, 332, 454, 454, 554, 565, 232, 121, 121, 222, 222, 221, 121,
121, 121, 121, 221, 332, 221, 232, 333, 555, 343, 121, 121, 232, 232, 232, 121,
333, 343, 454, 454, 554, 332, 444, 454, 454, 565, 343, 121, 121, 221, 232, 232,
221, 121, 121, 121, 121, 232, 232, 222, 232, 454, 554, 121, 332, 343, 454, 443,
232, 443, 232, 343, 454, 454, 343, 343, 454, 454, 565, 565, 333, 565, 676, 676,
676, 443, 121, 232, 332, 221, 121, 121, 232, 333, 232, 565, 232, 121, 121, 121,
121, 121, 121, 332, 232, 454, 454, 454, 332, 454, 454, 454, 676, 332, 554, 665,
676, 676, 565, 121, 232, 332, 222, 121, 221, 222, 343, 232, 454, 443, 121, 121,
121, 121, 121, 121, 232, 232, 343, 454, 454, 332, 444, 454, 454, 676, 343, 444,
565, 676, 676, 676, 232, 121, 332, 232, 121, 221, 221, 343, 232, 343, 565, 121,
232, 232, 454, 443, 232, 443, 232, 343, 454, 454, 343, 343, 454, 454, 565, 565,
333, 565, 676, 676, 676, 443, 121, 232, 332, 221, 121, 121, 232, 333, 232, 565,
232, 121, 121, 121, 121, 121, 121, 332, 232, 454, 454, 454, 332, 454, 454, 454,
676, 332, 554, 665, 676, 676, 565, 121, 232, 332, 222, 121, 221, 222, 343, 232,
454, 443, 121, 121, 121, 121, 121, 121, 232, 232, 343, 454, 454, 332, 444, 454,
454, 676, 343, 444, 565, 676, 676, 676, 232, 121, 332, 232, 121, 221, 221, 343,
232, 343, 565, 121, 232, 232, 454, 443, 232, 443, 232, 343, 454, 454, 343, 343,
454, 454, 565, 565, 333, 565, 676, 676, 676, 443, 121, 232, 332, 221, 121, 121,
232, 333, 232, 565, 232, 121, 121, 121, 121, 121, 121, 332, 232, 454, 454, 454,
332, 454, 454, 454, 676, 332, 554, 665, 676, 676, 565, 121, 232, 332, 222, 121,
221, 222, 343, 232, 454, 443, 121, 121, 121, 121, 121, 121, 232, 232, 343, 454,
454, 332, 444, 454, 454, 676, 343, 444, 565, 676, 676, 676, 232, 121, 332, 232,
121, 221, 221, 343, 232, 343, 565, 121, 232, 232, 454, 443, 232, 443, 232, 343,
454, 454, 343, 343, 454, 454, 565, 565, 333, 565, 676, 676, 676, 443, 121, 232,
332, 221, 121, 121, 232, 333, 232, 565, 232, 121, 121, 121, 121, 121, 121, 332,
232, 454, 454, 454, 332, 454, 454, 454, 676, 332, 554, 665, 676, 676, 565, 121,
232, 332, 222, 121, 221, 222, 343, 232, 454, 443, 121, 121, 121, 121, 121, 121,
232, 232, 343, 454, 454, 332, 444, 454, 454, 676, 343, 444, 565, 676, 676, 676,
232, 121, 332, 232, 121, 221, 221, 343, 232, 343, 565, 121, 232, 232, 454, 443,
222, 333, 222, 343, 343, 343, 232, 343, 454, 454, 565, 565, 343, 565, 787, 665,
676, 454, 221, 343, 232, 332, 232, 121, 332, 443, 343, 554, 232, 454, 565, 565,
665, 333, 121, 221, 332, 343, 343, 332, 332, 454, 454, 454, 676, 332, 454, 676,
776, 565, 676, 121, 343, 332, 232, 232, 121, 222, 443, 343, 454, 343, 443, 565,
565, 565, 454, 121, 221, 232, 343, 343, 343, 232, 454, 454, 454, 676, 343, 443,
565, 787, 565, 676, 232, 232, 343, 232, 332, 221, 121, 343, 343, 443, 454, 121,
221, 232, 343, 232, 222, 333, 222, 343, 343, 343, 232, 343, 454, 454, 565, 565,
343, 565, 787, 665, 676, 454, 221, 343, 232, 332, 232, 121, 332, 443, 343, 554,
232, 454, 565, 565, 665, 333, 121, 221, 332, 343, 343, 332, 332, 454, 454, 454,
676, 332, 454, 676, 776, 565, 676, 121, 343, 332, 232, 232, 121, 222, 443, 343,
454, 343, 443, 565, 565, 565, 454, 121, 221, 232, 343, 343, 343, 232, 454, 454,
454, 676, 343, 443, 565, 787, 565, 676, 232, 232, 343, 232, 332, 221, 121, 343,
343, 443, 454, 121, 221, 232, 343, 232, 222, 333, 222, 343, 343, 343, 232, 343,
454, 454, 565, 565, 343, 565, 787, 665, 676, 454, 221, 343, 232, 332, 232, 121,
332, 443, 343, 554, 232, 454, 565, 565, 665, 333, 121, 221, 332, 343, 343, 332,
332, 454, 454, 454, 676, 332, 454, 676, 776, 565, 676, 121, 343, 332, 232, 232,
121, 222, 443, 343, 454, 343, 443, 565, 565, 565, 454, 121, 221, 232, 343, 343,
343, 232, 454, 454, 454, 676, 343, 443, 565, 787, 565, 676, 232, 232, 343, 232,
332, 221, 121, 343, 343, 443, 454, 121, 221, 232, 343, 232, 222, 333, 222, 343,
343, 343, 232, 343, 454, 454, 565, 565, 343, 565, 787, 665, 676, 454, 221, 343,
232, 332, 232, 121, 332, 443, 343, 554, 232, 454, 565, 565, 665, 333, 121, 221,
332, 343, 343, 332, 332, 454, 454, 454, 676, 332, 454, 676, 776, 565, 676, 121,
343, 332, 232, 232, 121, 222, 443, 343, 454, 343, 443, 565, 565, 565, 454, 121,
221, 232, 343, 343, 343, 232, 454, 454, 454, 676, 343, 443, 565, 787, 565, 676,
232, 232, 343, 232, 332, 221, 121, 343, 343, 443, 454, 121, 221, 232, 343, 232,
222, 333, 121, 221, 221, 121, 221, 343, 454, 454, 454, 454, 343, 454, 565, 454,
554, 343, 222, 232, 343, 343, 332, 232, 232, 454, 444, 565, 333, 454, 454, 676,
676, 343, 121, 121, 221, 221, 221, 121, 333, 454, 454, 454, 565, 332, 454, 555,
555, 454, 554, 221, 232, 332, 343, 332, 232, 232, 443, 444, 554, 343, 343, 454,
565, 676, 454, 121, 121, 121, 221, 221, 121, 232, 454, 454, 454, 565, 343, 343,
454, 565, 454, 565, 232, 232, 232, 343, 343, 332, 222, 343, 454, 454, 554, 121,
121, 121, 221, 121, 222, 333, 121, 221, 221, 121, 221, 343, 454, 454, 454, 454,
343, 454, 565, 454, 554, 343, 222, 232, 343, 343, 332, 232, 232, 454, 444, 565,
333, 454, 454, 676, 676, 343, 121, 121, 221, 221, 221, 121, 333, 454, 454, 454,
565, 332, 454, 555, 555, 454, 554, 221, 232, 332, 343, 332, 232, 232, 443, 444,
554, 343, 343, 454, 565, 676, 454, 121, 121, 121, 221, 221, 121, 232, 454, 454,
454, 565, 343, 343, 454, 565, 454, 565, 232, 232, 232, 343, 343, 332, 222, 343,
454, 454, 554, 121, 121, 121, 221, 121, 222, 333, 121, 221, 221, 121, 221, 343,
454, 454, 454, 454, 343, 454, 565, 454, 554, 343, 222, 232, 343, 343, 332, 232,
232, 454, 444, 565, 333, 454, 454, 676, 676, 343, 121, 121, 221, 221, 221, 121,
333, 454, 454, 454, 565, 332, 454, 555, 555, 454, 554, 221, 232, 332, 343, 332,
232, 232, 443, 444, 554, 343, 343, 454, 565, 676, 454, 121, 121, 121, 221, 221,
121, 232, 454, 454, 454, 565, 343, 343, 454, 565, 454, 565, 232, 232, 232, 343,
343, 332, 222, 343, 454, 454, 554, 121, 121, 121, 221, 121, 222, 333, 121, 221,
221, 121, 221, 343, 454, 454, 454, 454, 343, 454, 565, 454, 554, 343, 222, 232,
343, 343, 332, 232, 232, 454, 444, 565, 333, 454, 454, 676, 676, 343, 121, 121,
221, 221, 221, 121, 333, 454, 454, 454, 565, 332, 454, 555, 555, 454, 554, 221,
232, 332, 343, 332, 232, 232, 443, 444, 554, 343, 343, 454, 565, 676, 454, 121,
121, 121, 221, 221, 121, 232, 454, 454, 454, 565, 343, 343, 454, 565, 454, 565,
232, 232, 232, 343, 343, 332, 222, 343, 454, 454, 554, 121, 121, 121, 221, 121,
333, 565, 554, 565, 454, 565, 343, 343, 454, 454, 454, 444, 343, 454, 454, 444,
454, 443, 121, 232, 333, 232, 343, 232, 232, 454, 454, 555, 343, 232, 343, 454,
554, 333, 343, 554, 565, 555, 554, 454, 332, 454, 454, 454, 454, 333, 454, 454,
454, 454, 554, 121, 232, 333, 232, 343, 232, 222, 444, 454, 454, 343, 222, 232,
454, 454, 444, 332, 454, 554, 565, 454, 554, 232, 454, 454, 454, 454, 343, 343,
454, 454, 454, 565, 232, 221, 332, 232, 333, 343, 221, 343, 454, 454, 454, 232,
454, 554, 565, 343, 333, 565, 554, 565, 454, 565, 343, 343, 454, 454, 454, 444,
343, 454, 454, 444, 454, 443, 121, 232, 333, 232, 343, 232, 232, 454, 454, 555,
343, 232, 343, 454, 554, 333, 343, 554, 565, 555, 554, 454, 332, 454, 454, 454,
454, 333, 454, 454, 454, 454, 554, 121, 232, 333, 232, 343, 232, 222, 444, 454,
454, 343, 222, 232, 454, 454, 444, 332, 454, 554, 565, 454, 554, 232, 454, 454,
454, 454, 343, 343, 454, 454, 454, 565, 232, 221, 332, 232, 333, 343, 221, 343,
454, 454, 454, 232, 454, 554, 565, 343, 333, 565, 554, 565, 454, 565, 343, 343,
454, 454, 454, 444, 343, 454, 454, 444, 454, 443, 121, 232, 333, 232, 343, 232,
232, 454, 454, 555, 343, 232, 343, 454, 554, 333, 343, 554, 565, 555, 554, 454,
332, 454, 454, 454, 454, 333, 454, 454, 454, 454, 554, 121, 232, 333, 232, 343,
232, 222, 444, 454, 454, 343, 222, 232, 454, 454, 444, 332, 454, 554, 565, 454,
554, 232, 454, 454, 454, 454, 343, 343, 454, 454, 454, 565, 232, 221, 332, 232,
333, 343, 221, 343, 454, 454, 454, 232, 454, 554, 565, 343, 333, 565, 554, 565,
454, 565, 343, 343, 454, 454, 454, 444, 343, 454, 454, 444, 454, 443, 121, 232,
333, 232, 343, 232, 232, 454, 454, 555, 343, 232, 343, 454, 554, 333, 343, 554,
565, 555, 554, 454, 332, 454, 454, 454, 454, 333, 454, 454, 454, 454, 554, 121,
232, 333, 232, 343, 232, 222, 444, 454, 454, 343, 222, 232, 454, 454, 444, 332,
454, 554, 565, 454, 554, 232, 454, 454, 454, 454, 343, 343, 454, 454, 454, 565,
232, 221, 332, 232, 333, 343, 221, 343, 454, 454, 454, 232, 454, 554, 565, 343,
332, 676, 676, 665, 665, 787, 343, 332, 454, 454, 454, 554, 232, 454, 454, 454,
565, 454, 121, 232, 221, 221, 332, 121, 222, 443, 454, 565, 232, 332, 343, 444,
454, 343, 454, 676, 676, 565, 786, 565, 232, 444, 454, 454, 565, 332, 454, 454,
454, 454, 565, 121, 222, 232, 121, 232, 222, 121, 343, 454, 565, 343, 232, 333,
454, 454, 454, 343, 676, 676, 565, 676, 676, 232, 343, 454, 454, 565, 343, 343,
454, 454, 454, 665, 232, 121, 232, 121, 232, 232, 121, 232, 454, 454, 454, 333,
676, 676, 676, 454, 332, 676, 676, 665, 665, 787, 343, 332, 454, 454, 454, 554,
232, 454, 454, 454, 565, 454, 121, 232, 221, 221, 332, 121, 222, 443, 454, 565,
232, 332, 343, 444, 454, 343, 454, 676, 676, 565, 786, 565, 232, 444, 454, 454,
565, 332, 454, 454, 454, 454, 565, 121, 222, 232, 121, 232, 222, 121, 343, 454,
565, 343, 232, 333, 454, 454, 454, 343, 676, 676, 565, 676, 676, 232, 343, 454,
454, 565, 343, 343, 454, 454, 454, 665, 232, 121, 232, 121, 232, 232, 121, 232,
454, 454, 454, 333, 676, 676, 676, 454, 332, 676, 676, 665, 665, 787, 343, 332,
454, 454, 454, 554, 232, 454, 454, 454, 565, 454, 121, 232, 221, 221, 332, 121,
222, 443, 454, 565, 232, 332, 343, 444, 454, 343, 454, 676, 676, 565, 786, 565,
232, 444, 454, 454, 565, 332, 454, 454, 454, 454, 565, 121, 222, 232, 121, 232,
222, 121, 343, 454, 565, 343, 232, 333, 454, 454, 454, 343, 676, 676, 565, 676,
676, 232, 343, 454, 454, 565, 343, 343, 454, 454, 454, 665, 232, 121, 232, 121,
232, 232, 121, 232, 454, 454, 454, 333, 676, 676, 676, 454, 332, 676, 676, 665,
665, 787, 343, 332, 454, 454, 454, 554, 232, 454, 454, 454, 565, 454, 121, 232,
221, 221, 332, 121, 222, 443, 454, 565, 232, 332, 343, 444, 454, 343, 454, 676,
676, 565, 786, 565, 232, 444, 454, 454, 565, 332, 454, 454, 454, 454, 565, 121,
222, 232, 121, 232, 222, 121, 343, 454, 565, 343, 232, 333, 454, 454, 454, 343,
676, 676, 565, 676, 676, 232, 343, 454, 454, 565, 343, 343, 454, 454, 454, 665,
232, 121, 232, 121, 232, 232, 121, 232, 454, 454, 454, 333, 676, 676, 676, 454,
333, 665, 555, 454, 454, 565, 333, 232, 454, 444, 565, 665, 221, 443, 454, 444,
676, 454, 111, 121, 121, 121, 121, 121, 232, 443, 454, 565, 232, 343, 454, 454,
565, 443, 343, 565, 564, 454, 565, 454, 221, 443, 454, 454, 676, 232, 343, 454,
444, 565, 565, 121, 121, 121, 121, 121, 121, 121, 343, 454, 565, 343, 232, 454,
454, 454, 565, 332, 554, 565, 454, 555, 565, 222, 343, 454, 454, 676, 343, 232,
454, 454, 454, 676, 232, 121, 121, 121, 121, 121, 121, 332, 454, 555, 454, 232,
554, 565, 565, 343, 333, 665, 555, 454, 454, 565, 333, 232, 454, 444, 565, 665,
221, 443, 454, 444, 676, 454, 111, 121, 121, 121, 121, 121, 232, 443, 454, 565,
232, 343, 454, 454, 565, 443, 343, 565, 564, 454, 565, 454, 221, 443, 454, 454,
676, 232, 343, 454, 444, 565, 565, 121, 121, 121, 121, 121, 121, 121, 343, 454,
565, 343, 232, 454, 454, 454, 565, 332, 554, 565, 454, 555, 565, 222, 343, 454,
454, 676, 343, 232, 454, 454, 454, 676, 232, 121, 121, 121, 121, 121, 121, 332,
454, 555, 454, 232, 554, 565, 565, 343, 333, 665, 555, 454, 454, 565, 333, 232,
454, 444, 565, 665, 221, 443, 454, 444, 676, 454, 111, 121, 121, 121, 121, 121,
232, 443, 454, 565, 232, 343, 454, 454, 565, 443, 343, 565, 564, 454, 565, 454,
221, 443, 454, 454, 676, 232, 343, 454, 444, 565, 565, 121, 121, 121, 121, 121,
121, 121, 343, 454, 565, 343, 232, 454, 454, 454, 565, 332, 554, 565, 454, 555,
565, 222, 343, 454, 454, 676, 343, 232, 454, 454, 454, 676, 232, 121, 121, 121,
121, 121, 121, 332, 454, 555, 454, 232, 554, 565, 565, 343, 333, 665, 555, 454,
454, 565, 333, 232, 454, 444, 565, 665, 221, 443, 454, 444, 676, 454, 111, 121,
121, 121, 121, 121, 232, 443, 454, 565, 232, 343, 454, 454, 565, 443, 343, 565,
564, 454, 565, 454, 221, 443, 454, 454, 676, 232, 343, 454, 444, 565, 565, 121,
121, 121, 121, 121, 121, 121, 343, 454, 565, 343, 232, 454, 454, 454, 565, 332,
554, 565, 454, 555, 565, 222, 343, 454, 454, 676, 343, 232, 454, 454, 454, 676,
232, 121, 121, 121, 121, 121, 121, 332, 454, 555, 454, 232, 554, 565, 565, 343,
333, 555, 444, 454, 444, 565, 343, 232, 454, 444, 565, 565, 221, 343, 454, 454,
565, 343, 232, 343, 443, 454, 444, 343, 232, 443, 454, 665, 332, 343, 454, 454,
676, 343, 343, 454, 454, 454, 454, 454, 221, 443, 454, 454, 676, 222, 333, 454,
454, 454, 555, 232, 343, 443, 454, 454, 454, 232, 343, 454, 565, 343, 343, 454,
444, 565, 565, 332, 454, 454, 454, 454, 565, 222, 343, 454, 454, 676, 443, 232,
454, 454, 454, 565, 232, 343, 443, 443, 454, 454, 332, 332, 454, 554, 554, 333,
454, 454, 565, 454, 333, 555, 444, 454, 444, 565, 343, 232, 454, 444, 565, 565,
221, 343, 454, 454, 565, 343, 232, 343, 443, 454, 444, 343, 232, 443, 454, 665,
332, 343, 454, 454, 676, 343, 343, 454, 454, 454, 454, 454, 221, 443, 454, 454,
676, 222, 333, 454, 454, 454, 555, 232, 343, 443, 454, 454, 454, 232, 343, 454,
565, 343, 343, 454, 444, 565, 565, 332, 454, 454, 454, 454, 565, 222, 343, 454,
454, 676, 443, 232, 454, 454, 454, 565, 232, 343, 443, 443, 454, 454, 332, 332,
454, 554, 554, 333, 454, 454, 565, 454, 333, 555, 444, 454, 444, 565, 343, 232,
454, 444, 565, 565, 221, 343, 454, 454, 565, 343, 232, 343, 443, 454, 444, 343,
232, 443, 454, 665, 332, 343, 454, 454, 676, 343, 343, 454, 454, 454, 454, 454,
221, 443, 454, 454, 676, 222, 333, 454, 454, 454, 555, 232, 343, 443, 454, 454,
454, 232, 343, 454, 565, 343, 343, 454, 444, 565, 565, 332, 454, 454, 454, 454,
565, 222, 343, 454, 454, 676, 443, 232, 454, 454, 454, 565, 232, 343, 443, 443,
454, 454, 332, 332, 454, 554, 554, 333, 454, 454, 565, 454, 333, 555, 444, 454,
444, 565, 343, 232, 454, 444, 565, 565, 221, 343, 454, 454, 565, 343, 232, 343,
443, 454, 444, 343, 232, 443, 454, 665, 332, 343, 454, 454, 676, 343, 343, 454,
454, 454, 454, 454, 221, 443, 454, 454, 676, 222, 333, 454, 454, 454, 555, 232,
343, 443, 454, 454, 454, 232, 343, 454, 565, 343, 343, 454, 444, 565, 565, 332,
454, 454, 454, 454, 565, 222, 343, 454, 454, 676, 443, 232, 454, 454, 454, 565,
232, 343, 443, 443, 454, 454, 332, 332, 454, 554, 554, 333, 454, 454, 565, 454,
232, 555, 454, 454, 454, 565, 343, 222, 443, 454, 554, 565, 121, 332, 454, 454,
454, 343, 443, 565, 676, 676, 676, 565, 121, 343, 454, 565, 343, 454, 454, 454,
665, 343, 343, 454, 454, 454, 554, 565, 121, 343, 454, 444, 565, 232, 222, 454,
454, 454, 454, 332, 565, 676, 676, 676, 676, 232, 332, 454, 565, 343, 343, 454,
454, 565, 454, 232, 454, 454, 454, 454, 676, 222, 232, 454, 454, 555, 343, 221,
443, 454, 454, 454, 332, 454, 676, 676, 676, 676, 454, 221, 454, 565, 454, 333,
454, 454, 565, 454, 232, 555, 454, 454, 454, 565, 343, 222, 443, 454, 554, 565,
121, 332, 454, 454, 454, 343, 443, 565, 676, 676, 676, 565, 121, 343, 454, 565,
343, 454, 454, 454, 665, 343, 343, 454, 454, 454, 554, 565, 121, 343, 454, 444,
565, 232, 222, 454, 454, 454, 454, 332, 565, 676, 676, 676, 676, 232, 332, 454,
565, 343, 343, 454, 454, 565, 454, 232, 454, 454, 454, 454, 676, 222, 232, 454,
454, 555, 343, 221, 443, 454, 454, 454, 332, 454, 676, 676, 676, 676, 454, 221,
454, 565, 454, 333, 454, 454, 565, 454, 232, 555, 454, 454, 454, 565, 343, 222,
443, 454, 554, 565, 121, 332, 454, 454, 454, 343, 443, 565, 676, 676, 676, 565,
121, 343, 454, 565, 343, 454, 454, 454, 665, 343, 343, 454, 454, 454, 554, 565,
121, 343, 454, 444, 565, 232, 222, 454, 454, 454, 454, 332, 565, 676, 676, 676,
676, 232, 332, 454, 565, 343, 343, 454, 454, 565, 454, 232, 454, 454, 454, 454,
676, 222, 232, 454, 454, 555, 343, 221, 443, 454, 454, 454, 332, 454, 676, 676,
676, 676, 454, 221, 454, 565, 454, 333, 454, 454, 565, 454, 232, 555, 454, 454,
454, 565, 343, 222, 443, 454, 554, 565, 121, 332, 454, 454, 454, 343, 443, 565,
676, 676, 676, 565, 121, 343, 454, 565, 343, 454, 454, 454, 665, 343, 343, 454,
454, 454, 554, 565, 121, 343, 454, 444, 565, 232, 222, 454, 454, 454, 454, 332,
565, 676, 676, 676, 676, 232, 332, 454, 565, 343, 343, 454, 454, 565, 454, 232,
454, 454, 454, 454, 676, 222, 232, 454, 454, 555, 343, 221, 443, 454, 454, 454,
332, 454, 676, 676, 676, 676, 454, 221, 454, 565, 454, 333, 454, 454, 565, 454,
232, 555, 454, 454, 444, 454, 343, 221, 343, 454, 565, 565, 121, 343, 454, 454,
454, 343, 232, 343, 565, 454, 454, 554, 222, 443, 565, 565, 332, 444, 454, 454,
565, 333, 232, 454, 454, 454, 454, 454, 221, 232, 444, 454, 676, 232, 232, 454,
454, 454, 454, 232, 343, 554, 454, 444, 565, 232, 343, 454, 565, 443, 343, 454,
454, 555, 454, 221, 443, 454, 454, 443, 565, 232, 222, 343, 454, 565, 343, 222,
443, 454, 454, 454, 332, 332, 454, 565, 444, 554, 443, 232, 454, 555, 454, 232,
454, 454, 454, 454, 232, 555, 454, 454, 444, 454, 343, 221, 343, 454, 565, 565,
121, 343, 454, 454, 454, 343, 232, 343, 565, 454, 454, 554, 222, 443, 565, 565,
332, 444, 454, 454, 565, 333, 232, 454, 454, 454, 454, 454, 221, 232, 444, 454,
676, 232, 232, 454, 454, 454, 454, 232, 343, 554, 454, 444, 565, 232, 343, 454,
565, 443, 343, 454, 454, 555, 454, 221, 443, 454, 454, 443, 565, 232, 222, 343,
454, 565, 343, 222, 443, 454, 454, 454, 332, 332, 454, 565, 444, 554, 443, 232,
454, 555, 454, 232, 454, 454, 454, 454, 232, 555, 454, 454, 444, 454, 343, 221,
343, 454, 565, 565, 121, 343, 454, 454, 454, 343, 232, 343, 565, 454, 454, 554,
222, 443, 565, 565, 332, 444, 454, 454, 565, 333, 232, 454, 454, 454, 454, 454,
221, 232, 444, 454, 676, 232, 232, 454, 454, 454, 454, 232, 343, 554, 454, 444,
565, 232, 343, 454, 565, 443, 343, 454, 454, 555, 454, 221, 443, 454, 454, 443,
565, 232, 222, 343, 454, 565, 343, 222, 443, 454, 454, 454, 332, 332, 454, 565,
444, 554, 443, 232, 454, 555, 454, 232, 454, 454, 454, 454, 232, 555, 454, 454,
444, 454, 343, 221, 343, 454, 565, 565, 121, 343, 454, 454, 454, 343, 232, 343,
565, 454, 454, 554, 222, 443, 565, 565, 332, 444, 454, 454, 565, 333, 232, 454,
454, 454, 454, 454, 221, 232, 444, 454, 676, 232, 232, 454, 454, 454, 454, 232,
343, 554, 454, 444, 565, 232, 343, 454, 565, 443, 343, 454, 454, 555, 454, 221,
443, 454, 454, 443, 565, 232, 222, 343, 454, 565, 343, 222, 443, 454, 454, 454,
332, 332, 454, 565, 444, 554, 443, 232, 454, 555, 454, 232, 454, 454, 454, 454,
232, 555, 444, 454, 343, 454, 343, 332, 332, 454, 565, 554, 232, 444, 454, 454,
554, 343, 222, 343, 454, 444, 454, 565, 332, 454, 454, 565, 232, 343, 454, 454,
454, 333, 232, 444, 454, 443, 343, 454, 332, 232, 444, 554, 676, 232, 343, 454,
454, 454, 454, 222, 332, 454, 454, 454, 665, 343, 443, 454, 554, 443, 343, 454,
454, 454, 454, 221, 343, 454, 454, 343, 454, 332, 332, 343, 444, 665, 343, 332,
454, 454, 454, 565, 232, 232, 443, 454, 444, 565, 454, 343, 454, 454, 454, 222,
343, 454, 454, 443, 232, 555, 444, 454, 343, 454, 343, 332, 332, 454, 565, 554,
232, 444, 454, 454, 554, 343, 222, 343, 454, 444, 454, 565, 332, 454, 454, 565,
232, 343, 454, 454, 454, 333, 232, 444, 454, 443, 343, 454, 332, 232, 444, 554,
676, 232, 343, 454, 454, 454, 454, 222, 332, 454, 454, 454, 665, 343, 443, 454,
554, 443, 343, 454, 454, 454, 454, 221, 343, 454, 454, 343, 454, 332, 332, 343,
444, 665, 343, 332, 454, 454, 454, 565, 232, 232, 443, 454, 444, 565, 454, 343,
454, 454, 454, 222, 343, 454, 454, 443, 232, 555, 444, 454, 343, 454, 343, 332,
332, 454, 565, 554, 232, 444, 454, 454, 554, 343, 222, 343, 454, 444, 454, 565,
332, 454, 454, 565, 232, 343, 454, 454, 454, 333, 232, 444, 454, 443, 343, 454,
332, 232, 444, 554, 676, 232, 343, 454, 454, 454, 454, 222, 332, 454, 454, 454,
665, 343, 443, 454, 554, 443, 343, 454, 454, 454, 454, 221, 343, 454, 454, 343,
454, 332, 332, 343, 444, 665, 343, 332, 454, 454, 454, 565, 232, 232, 443, 454,
444, 565, 454, 343, 454, 454, 454, 222, 343, 454, 454, 443, 232, 555, 444, 454,
343, 454, 343, 332, 332, 454, 565, 554, 232, 444, 454, 454, 554, 343, 222, 343,
454, 444, 454, 565, 332, 454, 454, 565, 232, 343, 454, 454, 454, 333, 232, 444,
454, 443, 343, 454, 332, 232, 444, 554, 676, 232, 343, 454, 454, 454, 454, 222,
332, 454, 454, 454, 665, 343, 443, 454, 554, 443, 343, 454, 454, 454, 454, 221,
343, 454, 454, 343, 454, 332, 332, 343, 444, 665, 343, 332, 454, 454, 454, 565,
232, 232, 443, 454, 444, 565, 454, 343, 454, 454, 454, 222, 343, 454, 454, 443,
333, 454, 443, 343, 232, 443, 443, 343, 454, 343, 454, 454, 332, 454, 454, 454,
565, 343, 232, 454, 454, 343, 343, 454, 332, 454, 343, 554, 222, 343, 454, 443,
454, 343, 232, 343, 443, 232, 232, 454, 232, 343, 443, 443, 554, 232, 443, 454,
454, 454, 554, 221, 343, 454, 443, 343, 454, 332, 343, 443, 454, 343, 232, 454,
454, 454, 454, 232, 343, 454, 343, 232, 454, 332, 343, 444, 343, 555, 343, 343,
454, 454, 454, 565, 232, 333, 454, 454, 343, 454, 343, 343, 443, 343, 454, 232,
333, 444, 454, 454, 333, 454, 443, 343, 232, 443, 443, 343, 454, 343, 454, 454,
332, 454, 454, 454, 565, 343, 232, 454, 454, 343, 343, 454, 332, 454, 343, 554,
222, 343, 454, 443, 454, 343, 232, 343, 443, 232, 232, 454, 232, 343, 443, 443,
554, 232, 443, 454, 454, 454, 554, 221, 343, 454, 443, 343, 454, 332, 343, 443,
454, 343, 232, 454, 454, 454, 454, 232, 343, 454, 343, 232, 454, 332, 343, 444,
343, 555, 343, 343, 454, 454, 454, 565, 232, 333, 454, 454, 343, 454, 343, 343,
443, 343, 454, 232, 333, 444, 454, 454, 333, 454, 443, 343, 232, 443, 443, 343,
454, 343, 454, 454, 332, 454, 454, 454, 565, 343, 232, 454, 454, 343, 343, 454,
332, 454, 343, 554, 222, 343, 454, 443, 454, 343, 232, 343, 443, 232, 232, 454,
232, 343, 443, 443, 554, 232, 443, 454, 454, 454, 554, 221, 343, 454, 443, 343,
454, 332, 343, 443, 454, 343, 232, 454, 454, 454, 454, 232, 343, 454, 343, 232,
454, 332, 343, 444, 343, 555, 343, 343, 454, 454, 454, 565, 232, 333, 454, 454,
343, 454, 343, 343, 443, 343, 454, 232, 333, 444, 454, 454, 333, 454, 443, 343,
232, 443, 443, 343, 454, 343, 454, 454, 332, 454, 454, 454, 565, 343, 232, 454,
454, 343, 343, 454, 332, 454, 343, 554, 222, 343, 454, 443, 454, 343, 232, 343,
443, 232, 232, 454, 232, 343, 443, 443, 554, 232, 443, 454, 454, 454, 554, 221,
343, 454, 443, 343, 454, 332, 343, 443, 454, 343, 232, 454, 454, 454, 454, 232,
343, 454, 343, 232, 454, 332, 343, 444, 343, 555, 343, 343, 454, 454, 454, 565,
232, 333, 454, 454, 343, 454, 343, 343, 443, 343, 454, 232, 333, 444, 454, 454,
333, 565, 343, 232, 222, 454, 332, 232, 454, 332, 343, 443, 221, 343, 454, 444,
454, 343, 222, 443, 454, 232, 332, 454, 232, 343, 232, 443, 222, 232, 443, 333,
454, 343, 332, 443, 332, 221, 343, 444, 221, 343, 343, 333, 454, 221, 343, 454,
444, 454, 454, 221, 343, 454, 343, 232, 454, 332, 343, 332, 343, 343, 222, 343,
343, 343, 444, 232, 443, 343, 222, 232, 454, 222, 343, 443, 232, 454, 333, 232,
444, 444, 444, 454, 232, 332, 454, 343, 232, 443, 343, 232, 232, 332, 454, 332,
343, 343, 443, 343, 333, 565, 343, 232, 222, 454, 332, 232, 454, 332, 343, 443,
221, 343, 454, 444, 454, 343, 222, 443, 454, 232, 332, 454, 232, 343, 232, 443,
222, 232, 443, 333, 454, 343, 332, 443, 332, 221, 343, 444, 221, 343, 343, 333,
454, 221, 343, 454, 444, 454, 454, 221, 343, 454, 343, 232, 454, 332, 343, 332,
343, 343, 222, 343, 343, 343, 444, 232, 443, 343, 222, 232, 454, 222, 343, 443,
232, 454, 333, 232, 444, 444, 444, 454, 232, 332, 454, 343, 232, 443, 343, 232,
232, 332, 454, 332, 343, 343, 443, 343, 333, 565, 343, 232, 222, 454, 332, 232,
454, 332, 343, 443, 221, 343, 454, 444, 454, 343, 222, 443, 454, 232, 332, 454,
232, 343, 232, 443, 222, 232, 443, 333, 454, 343, 332, 443, 332, 221, 343, 444,
221, 343, 343, 333, 454, 221, 343, 454, 444, 454, 454, 221, 343, 454, 343, 232,
454, 332, 343, 332, 343, 343, 222, 343, 343, 343, 444, 232, 443, 343, 222, 232,
454, 222, 343, 443, 232, 454, 333, 232, 444, 444, 444, 454, 232, 332, 454, 343,
232, 443, 343, 232, 232, 332, 454, 332, 343, 343, 443, 343, 333, 565, 343, 232,
222, 454, 332, 232, 454, 332, 343, 443, 221, 343, 454, 444, 454, 343, 222, 443,
454, 232, 332, 454, 232, 343, 232, 443, 222, 232, 443, 333, 454, 343, 332, 443,
332, 221, 343, 444, 221, 343, 343, 333, 454, 221, 343, 454, 444, 454, 454, 221,
343, 454, 343, 232, 454, 332, 343, 332, 343, 343, 222, 343, 343, 343, 444, 232,
443, 343, 222, 232, 454, 222, 343, 443, 232, 454, 333, 232, 444, 444, 444, 454,
232, 332, 454, 343, 232, 443, 343, 232, 232, 332, 454, 332, 343, 343, 443, 343,
232, 343, 232, 221, 332, 332, 222, 222, 343, 221, 222, 232, 121, 232, 332, 332,
332, 222, 121, 232, 332, 221, 232, 232, 232, 221, 232, 332, 121, 121, 232, 221,
232, 232, 332, 232, 121, 232, 332, 232, 121, 332, 232, 222, 232, 121, 222, 332,
332, 332, 232, 121, 232, 332, 232, 222, 332, 232, 232, 232, 343, 222, 121, 232,
232, 222, 232, 232, 332, 221, 232, 332, 332, 121, 222, 232, 222, 332, 222, 221,
332, 332, 332, 332, 221, 221, 332, 232, 221, 332, 232, 222, 222, 333, 332, 232,
332, 222, 232, 232, 232, 343, 232, 221, 332, 332, 222, 222, 343, 221, 222, 232,
121, 232, 332, 332, 332, 222, 121, 232, 332, 221, 232, 232, 232, 221, 232, 332,
121, 121, 232, 221, 232, 232, 332, 232, 121, 232, 332, 232, 121, 332, 232, 222,
232, 121, 222, 332, 332, 332, 232, 121, 232, 332, 232, 222, 332, 232, 232, 232,
343, 222, 121, 232, 232, 222, 232, 232, 332, 221, 232, 332, 332, 121, 222, 232,
222, 332, 222, 221, 332, 332, 332, 332, 221, 221, 332, 232, 221, 332, 232, 222,
222, 333, 332, 232, 332, 222, 232, 232, 232, 343, 232, 221, 332, 332, 222, 222,
343, 221, 222, 232, 121, 232, 332, 332, 332, 222, 121, 232, 332, 221, 232, 232,
232, 221, 232, 332, 121, 121, 232, 221, 232, 232, 332, 232, 121, 232, 332, 232,
121, 332, 232, 222, 232, 121, 222, 332, 332, 332, 232, 121, 232, 332, 232, 222,
332, 232, 232, 232, 343, 222, 121, 232, 232, 222, 232, 232, 332, 221, 232, 332,
332, 121, 222, 232, 222, 332, 222, 221, 332, 332, 332, 332, 221, 221, 332, 232,
221, 332, 232, 222, 222, 333, 332, 232, 332, 222, 232, 232, 232, 343, 232, 221,
332, 332, 222, 222, 343, 221, 222, 232, 121, 232, 332, 332, 332, 222, 121, 232,
332, 221, 232, 232, 232, 221, 232, 332, 121, 121, 232, 221, 232, 232, 332, 232,
121, 232, 332, 232, 121, 332, 232, 222, 232, 121, 222, 332, 332, 332, 232, 121,
232, 332, 232, 222, 332, 232, 232, 232, 343, 222, 121, 232, 232, 222, 232, 232,
332, 221, 232, 332, 332, 121, 222, 232, 222, 332, 222, 221, 332, 332, 332, 332,
221, 221, 332, 232, 221, 332, 232, 222, 222, 333, 332, 232, 332, 222, 232, 232,
121, 121, 121, 121, 121, 121, 221, 221, 222, 121, 121, 121, 121, 121, 121, 121,
121, 121, 121, 121, 121, 121, 121, 221, 222, 121, 121, 121, 121, 121, 121, 121,
121, 121, 121, 121, 121, 121, 121, 121, 121, 222, 222, 221, 121, 121, 121, 121,
121, 121, 121, 121, 121, 121, 121, 121, 121, 121, 222, 222, 121, 121, 121, 121,
121, 121, 121, 121, 121, 121, 121, 121, 121, 121, 121, 222, 222, 222, 121, 121,
121, 121, 121, 121, 121, 121, 121, 121, 121, 121, 121, 221, 222, 222, 222, 121,
121, 121, 121, 121, 121, 121, 121, 121, 121, 121, 221, 221, 222, 121, 121, 121,
121, 121, 121, 121, 121, 121, 121, 121, 121, 121, 121, 221, 222, 121, 121, 121,
121, 121, 121, 121, 121, 121, 121, 121, 121, 121, 121, 121, 121, 222, 222, 221,
121, 121, 121, 121, 121, 121, 121, 121, 121, 121, 121, 121, 121, 121, 222, 222,
121, 121, 121, 121, 121, 121, 121, 121, 121, 121, 121, 121, 121, 121, 121, 222,
222, 222, 121, 121, 121, 121, 121, 121, 121, 121, 121, 121, 121, 121, 121, 221,
222, 222, 222, 121, 121, 121, 121, 121, 121, 121, 121, 121, 121, 121, 221, 221,
222, 121, 121, 121, 121, 121, 121, 121, 121, 121, 121, 121, 121, 121, 121, 221,
222, 121, 121, 121, 121, 121, 121, 121, 121, 121, 121, 121, 121, 121, 121, 121,
121, 222, 222, 221, 121, 121, 121, 121, 121, 121, 121, 121, 121, 121, 121, 121,
121, 121, 222, 222, 121, 121, 121, 121, 121, 121, 121, 121, 121, 121, 121, 121,
121, 121, 121, 222, 222, 222, 121, 121, 121, 121, 121, 121, 121, 121, 121, 121,
121, 121, 121, 221, 222, 222, 222, 121, 121, 121, 121, 121, 121, 121, 121, 121,
121, 121, 221, 221, 222, 121, 121, 121, 121, 121, 121, 121, 121, 121, 121, 121,
121, 121, 121, 221, 222, 121, 121, 121, 121, 121, 121, 121, 121, 121, 121, 121,
121, 121, 121, 121, 121, 222, 222, 221, 121, 121, 121, 121, 121, 121, 121, 121,
121, 121, 121, 121, 121, 121, 222, 222, 121, 121, 121, 121, 121, 121, 121, 121,
121, 121, 121, 121, 121, 121, 121, 222, 222, 222, 121, 121, 121, 121, 121, 121,
121, 121, 121, 121, 121, 121, 121, 221, 222, 222, 222, 121, 121, 121, 121, 121;